600,300,5
601.79,558.27,0,0,0,0,1663
591.87,556.84,0,0,0,0,1664
657.47,558.99,0,0,0,0,1761
647.76,557.24,0,0,0,0,1762
638.2,555.36,0,0,0,0,1763
628.38,554,0,0,0,0,1764
618.72,552.39,0,0,0,0,1765
608.66,550.71,0,0,0,0,1766
598.8,548.87,0,0,0,0,1767
704.44,559.81,0,0,0,0,1863
694.03,557.04,0,0,0,0,1864
684.14,555.52,0,0,0,0,1865
674.36,553.43,0,0,0,0,1866
664.43,551.68,0,0,0,0,1867
654.6,549.68,0,0,0,0,1868
644.47,547.96,0,0,0,0,1869
634.4,546.03,0,0,0,0,1870
624.81,544.59,0,0,0,0,1871
614.93,542.91,0,0,0,0,1872
605.35,541.17,0,0,0,0,1873
595.74,539.19,0,0,0,0,1874
759.77,559.68,0,0,0,0,1967
749.79,558.08,0,0,0,0,1968
739.95,556.27,0,0,0,0,1969
730.24,554.7,0,0,0,0,1970
720.12,553.44,0,0,0,0,1971
710.45,552.22,0,0,0,0,1972
700.48,549.55,0,0,0,0,1973
690.55,548.05,0,0,0,0,1974
680.76,545.79,0,0,0,0,1975
670.72,544.02,0,0,0,0,1976
660.49,542.17,0,0,0,0,1977
650.75,540.2,0,0,0,0,1978
640.81,538.23,0,0,0,0,1979
631.7,536.59,0,0,0,0,1980
621.5,535.1,0,0,0,0,1981
611.55,533.33,0,0,0,0,1982
601.57,531.29,0,0,0,0,1983
591.59,530.53,0,0,0,0,1984
807.03,559.86,0,0,0,0,2075
796.96,557.76,0,0,0,0,2076
787.01,556.29,0,0,0,0,2077
777.05,554.27,0,0,0,0,2078
766.55,552.52,0,0,0,0,2079
755.94,550.42,0,0,0,0,2080
746.36,548.8,0,0,0,0,2081
736.46,546.88,0,0,0,0,2082
727.03,545.26,0,0,0,0,2083
717.33,543.8,0,0,0,0,2084
707.91,542.61,0,0,0,0,2085
698.13,539.91,0,0,0,0,2086
687.67,538.7,0,0,0,0,2087
677.01,536.39,0,0,0,0,2088
667.28,534.72,0,0,0,0,2089
657.67,532.63,0,0,0,0,2090
647.38,530.7,0,0,0,0,2091
637.72,528.74,0,0,0,0,2092
627.99,527.33,0,0,0,0,2093
618.34,525.41,0,0,0,0,2094
608.24,523.33,0,0,0,0,2095
598.25,522.29,0,0,0,0,2096
862.75,559.46,0,0,0,0,2185
853.29,557.69,0,0,0,0,2186
843.24,556.3,0,0,0,0,2187
833.19,555.06,0,0,0,0,2188
823.38,553.21,0,0,0,0,2189
813.05,551.94,0,0,0,0,2190
803.44,550.24,0,0,0,0,2191
793.87,547.96,0,0,0,0,2192
783.36,547.19,0,0,0,0,2193
773.49,544.89,0,0,0,0,2194
762.8,543.53,0,0,0,0,2195
752.56,541.01,0,0,0,0,2196
742.84,539.27,0,0,0,0,2197
733.09,537.49,0,0,0,0,2198
723.37,535.68,0,0,0,0,2199
713.73,534.3,0,0,0,0,2200
704.22,531.97,0,0,0,0,2201
694.04,530.54,0,0,0,0,2202
684.16,529.48,0,0,0,0,2203
673.7,527.11,0,0,0,0,2204
664.06,524.95,0,0,0,0,2205
654.4,523.32,0,0,0,0,2206
644.75,520.85,0,0,0,0,2207
634.2,519.43,0,0,0,0,2208
624.53,517.48,0,0,0,0,2209
614.81,515.86,0,0,0,0,2210
604.37,513.97,0,0,0,0,2211
594.5,513.2,0,0,0,0,2212
909.35,559.28,0,0,0,0,2299
899.83,558.27,0,0,0,0,2300
889.97,555.9,0,0,0,0,2301
878.72,553.9,0,0,0,0,2302
869.08,551.89,0,0,0,0,2303
859.66,550.29,0,0,0,0,2304
849.74,548.65,0,0,0,0,2305
839.51,546.77,0,0,0,0,2306
829.31,545.32,0,0,0,0,2307
819.1,544.04,0,0,0,0,2308
809.25,542.1,0,0,0,0,2309
799.33,539.67,0,0,0,0,2310
789.33,539.33,0,0,0,0,2311
779.97,537.01,0,0,0,0,2312
770.26,535.33,0,0,0,0,2313
760.13,534.04,0,0,0,0,2314
749.94,531.36,0,0,0,0,2315
739.7,529.85,0,0,0,0,2316
730.21,528.1,0,0,0,0,2317
720.99,525.36,0,0,0,0,2318
711.06,523.89,0,0,0,0,2319
701.03,521.99,0,0,0,0,2320
691.09,520.92,0,0,0,0,2321
680.74,520.01,0,0,0,0,2322
670.92,517.32,0,0,0,0,2323
660.93,515.31,0,0,0,0,2324
651.17,513.38,0,0,0,0,2325
641.37,511.57,0,0,0,0,2326
631.57,509.73,0,0,0,0,2327
620.86,507.99,0,0,0,0,2328
611.09,506.36,0,0,0,0,2329
601.31,504.52,0,0,0,0,2330
590.93,503.75,0,0,0,0,2331
945.24,557.23,0,0,0,0,2417
935.44,555.22,0,0,0,0,2418
925.53,553.63,0,0,0,0,2419
915.74,551.88,0,0,0,0,2420
905.69,549.85,0,0,0,0,2421
895.82,548.47,0,0,0,0,2422
885.77,546.51,0,0,0,0,2423
875.59,544.3,0,0,0,0,2424
865.98,542.54,0,0,0,0,2425
856.11,541,0,0,0,0,2426
846.18,539.41,0,0,0,0,2427
836.04,537.88,0,0,0,0,2428
826.33,535.88,0,0,0,0,2429
816.3,534.4,0,0,0,0,2430
806.04,532.27,0,0,0,0,2431
796.38,530.14,0,0,0,0,2432
786.56,529.5,0,0,0,0,2433
776.49,527.55,0,0,0,0,2434
766.16,526.07,0,0,0,0,2435
756.3,523.46,0,0,0,0,2436
746.2,521.77,0,0,0,0,2437
736.51,520.12,0,0,0,0,2438
727.27,517.75,0,0,0,0,2439
717.45,516.27,0,0,0,0,2440
707.7,514.36,0,0,0,0,2441
697.79,512.22,0,0,0,0,2442
687.7,511.11,0,0,0,0,2443
677.72,509.99,0,0,0,0,2444
667.9,507.57,0,0,0,0,2445
657.63,505.9,0,0,0,0,2446
646.96,503.87,0,0,0,0,2447
637.03,501.36,0,0,0,0,2448
627.41,500.21,0,0,0,0,2449
617.74,497.99,0,0,0,0,2450
607.75,496.88,0,0,0,0,2451
597.46,495.44,0,0,0,0,2452
955.16,559.2,0,0,0,0,2540
951.61,549.83,0,0,0,0,2541
942.09,548.03,0,0,0,0,2542
931.9,546.06,0,0,0,0,2543
921.64,544.23,0,0,0,0,2544
911.86,541.98,0,0,0,0,2545
901.92,540.48,0,0,0,0,2546
892.01,538.67,0,0,0,0,2547
881.91,536.26,0,0,0,0,2548
872.57,534.61,0,0,0,0,2549
862.62,533.27,0,0,0,0,2550
852.65,531.65,0,0,0,0,2551
842.86,530.11,0,0,0,0,2552
832.8,528.54,0,0,0,0,2553
822.96,526.66,0,0,0,0,2554
812.63,524.83,0,0,0,0,2555
802.92,523.03,0,0,0,0,2556
792.54,520.65,0,0,0,0,2557
782.99,519.16,0,0,0,0,2558
773.13,518.16,0,0,0,0,2559
763.03,516.31,0,0,0,0,2560
753.35,513.39,0,0,0,0,2561
743.13,512.32,0,0,0,0,2562
733.24,509.66,0,0,0,0,2563
723.8,508.47,0,0,0,0,2564
713.97,506.56,0,0,0,0,2565
704.18,504.94,0,0,0,0,2566
693.89,503.59,0,0,0,0,2567
684.3,501.96,0,0,0,0,2568
674.7,500.2,0,0,0,0,2569
664.95,498.33,0,0,0,0,2570
653.78,496.62,0,0,0,0,2571
643.75,494.42,0,0,0,0,2572
634.45,491.95,0,0,0,0,2573
624.3,490.75,0,0,0,0,2574
614.15,488.88,0,0,0,0,2575
603.96,487.25,0,0,0,0,2576
594.13,486.11,0,0,0,0,2577
961.53,551.69,0,0,0,0,2667
957.97,542.22,0,0,0,0,2668
948.45,540.27,0,0,0,0,2669
938.62,538.65,0,0,0,0,2670
928.64,536.88,0,0,0,0,2671
918.98,534.47,0,0,0,0,2672
908.53,532.65,0,0,0,0,2673
898.58,531.17,0,0,0,0,2674
888.63,529.08,0,0,0,0,2675
878.71,527.06,0,0,0,0,2676
869.28,525.15,0,0,0,0,2677
859.16,523.93,0,0,0,0,2678
849.1,522.49,0,0,0,0,2679
839.26,520.8,0,0,0,0,2680
829.51,518.57,0,0,0,0,2681
819.25,517.34,0,0,0,0,2682
809.5,515.46,0,0,0,0,2683
799.87,513.66,0,0,0,0,2684
789.49,511.37,0,0,0,0,2685
779.57,509.98,0,0,0,0,2686
769.91,508.89,0,0,0,0,2687
759.99,506.77,0,0,0,0,2688
749.03,504.38,0,0,0,0,2689
739.6,501.75,0,0,0,0,2690
730.46,500.23,0,0,0,0,2691
720.59,498.75,0,0,0,0,2692
710.07,497.48,0,0,0,0,2693
700.34,495.6,0,0,0,0,2694
690.31,494.27,0,0,0,0,2695
680.96,492.24,0,0,0,0,2696
671.22,490.54,0,0,0,0,2697
660.65,489.21,0,0,0,0,2698
650.23,487.29,0,0,0,0,2699
640.4,484.43,0,0,0,0,2700
630.18,482.69,0,0,0,0,2701
619.78,480.91,0,0,0,0,2702
609.92,479.54,0,0,0,0,2703
599.9,477.94,0,0,0,0,2704
590.17,476.15,0,0,0,0,2705
971.53,553.84,0,0,0,0,2797
968.03,544.21,0,0,0,0,2798
964.64,534.77,0,0,0,0,2799
955,532.63,0,0,0,0,2800
945.19,530.68,0,0,0,0,2801
935.22,529.2,0,0,0,0,2802
925.49,527.05,0,0,0,0,2803
914.97,525.38,0,0,0,0,2804
905.01,523.34,0,0,0,0,2805
895.16,521.56,0,0,0,0,2806
885.33,519.5,0,0,0,0,2807
875.71,517.81,0,0,0,0,2808
865.65,516.3,0,0,0,0,2809
855.81,514.66,0,0,0,0,2810
845.82,513.02,0,0,0,0,2811
835.95,510.93,0,0,0,0,2812
825.53,509.56,0,0,0,0,2813
815.94,507.83,0,0,0,0,2814
806.17,506.26,0,0,0,0,2815
796.31,504.3,0,0,0,0,2816
786.43,502.46,0,0,0,0,2817
775.82,500.93,0,0,0,0,2818
766.53,499.33,0,0,0,0,2819
756,497.27,0,0,0,0,2820
745.83,494.71,0,0,0,0,2821
736.52,492.22,0,0,0,0,2822
726.76,491.06,0,0,0,0,2823
716.25,489.85,0,0,0,0,2824
706.48,487.96,0,0,0,0,2825
696.77,486.39,0,0,0,0,2826
686.83,484.55,0,0,0,0,2827
677.3,482.28,0,0,0,0,2828
667.29,481.3,0,0,0,0,2829
656.72,479.63,0,0,0,0,2830
647.38,477.43,0,0,0,0,2831
636.83,475.21,0,0,0,0,2832
626.74,473.34,0,0,0,0,2833
616.96,471.32,0,0,0,0,2834
606.81,470.45,0,0,0,0,2835
596.37,468.93,0,0,0,0,2836
981.17,555.8,0,0,0,0,2930
977.58,545.92,0,0,0,0,2931
974.46,536.15,0,0,0,0,2932
970.66,525.92,0,0,0,0,2933
961.14,524.63,0,0,0,0,2934
951.48,521.87,0,0,0,0,2935
941.68,520.95,0,0,0,0,2936
931.86,519.34,0,0,0,0,2937
921.6,517.91,0,0,0,0,2938
912.15,515.14,0,0,0,0,2939
901.5,513.81,0,0,0,0,2940
891.73,511.71,0,0,0,0,2941
882.16,510.41,0,0,0,0,2942
872.14,508.38,0,0,0,0,2943
862.19,507.12,0,0,0,0,2944
852.35,505.24,0,0,0,0,2945
842.56,503.32,0,0,0,0,2946
832.06,502.31,0,0,0,0,2947
822.21,499.92,0,0,0,0,2948
812.53,498.45,0,0,0,0,2949
802.65,496.79,0,0,0,0,2950
792.65,494.8,0,0,0,0,2951
782.33,493.19,0,0,0,0,2952
772.56,491.37,0,0,0,0,2953
762.8,489.94,0,0,0,0,2954
752.34,487.33,0,0,0,0,2955
742.86,484.67,0,0,0,0,2956
733.05,483.33,0,0,0,0,2957
722.35,481.94,0,0,0,0,2958
712.52,479.87,0,0,0,0,2959
702.65,478.19,0,0,0,0,2960
692.76,476.45,0,0,0,0,2961
683.08,474.81,0,0,0,0,2962
672.79,472.79,0,0,0,0,2963
663.06,471.82,0,0,0,0,2964
653.51,468.81,0,0,0,0,2965
643.78,468.02,0,0,0,0,2966
633.12,465.98,0,0,0,0,2967
623.5,463.26,0,0,0,0,2968
613.14,461.52,0,0,0,0,2969
603.48,461.2,0,0,0,0,2970
593.66,459.17,0,0,0,0,2971
991.35,557.48,0,0,0,0,3065
987.13,548.14,0,0,0,0,3066
983.87,538.34,0,0,0,0,3067
980.47,527.86,0,0,0,0,3068
978.03,518.16,0,0,0,0,3069
968.23,516.57,0,0,0,0,3070
958.17,514.43,0,0,0,0,3071
947.9,512.38,0,0,0,0,3072
938.27,511.2,0,0,0,0,3073
927.93,509.99,0,0,0,0,3074
918.17,507.48,0,0,0,0,3075
908.05,506.01,0,0,0,0,3076
898.36,504.28,0,0,0,0,3077
888.69,502.28,0,0,0,0,3078
878.92,500.86,0,0,0,0,3079
868.99,498.84,0,0,0,0,3080
858.93,497.73,0,0,0,0,3081
849.06,495.8,0,0,0,0,3082
838.07,494.28,0,0,0,0,3083
828.35,492.57,0,0,0,0,3084
818.7,490.63,0,0,0,0,3085
808.86,489.17,0,0,0,0,3086
798.89,487.22,0,0,0,0,3087
788.65,485.53,0,0,0,0,3088
778.75,483.51,0,0,0,0,3089
769.11,481.78,0,0,0,0,3090
759.39,480.23,0,0,0,0,3091
749.76,477.5,0,0,0,0,3092
739.61,475.64,0,0,0,0,3093
729.55,473.96,0,0,0,0,3094
719.7,472.29,0,0,0,0,3095
709.6,470.36,0,0,0,0,3096
699.38,469.15,0,0,0,0,3097
689.72,467.21,0,0,0,0,3098
679.98,465.4,0,0,0,0,3099
669.53,463.34,0,0,0,0,3100
659.93,461.15,0,0,0,0,3101
650,458.85,0,0,0,0,3102
639.66,458.32,0,0,0,0,3103
630.15,455.82,0,0,0,0,3104
620.53,453.81,0,0,0,0,3105
609.14,452.66,0,0,0,0,3106
599.52,450.94,0,0,0,0,3107
1001.2,558.56,0,0,0,0,3203
997.41,549.68,0,0,0,0,3204
993.59,540.38,0,0,0,0,3205
990.32,530.77,0,0,0,0,3206
987.47,520.77,0,0,0,0,3207
984.6,510.75,0,0,0,0,3208
974.44,508.74,0,0,0,0,3209
964.32,506.66,0,0,0,0,3210
954.59,505.04,0,0,0,0,3211
944.38,502.85,0,0,0,0,3212
934.49,501.88,0,0,0,0,3213
924.84,500.07,0,0,0,0,3214
914.38,498.26,0,0,0,0,3215
904.47,496.6,0,0,0,0,3216
895.25,494.48,0,0,0,0,3217
885.59,492.53,0,0,0,0,3218
875.51,491.28,0,0,0,0,3219
864.84,489.73,0,0,0,0,3220
855.11,487.89,0,0,0,0,3221
844.43,486.66,0,0,0,0,3222
834.58,484.72,0,0,0,0,3223
825.29,481.88,0,0,0,0,3224
815.31,481.21,0,0,0,0,3225
805.47,479.69,0,0,0,0,3226
795.29,477.91,0,0,0,0,3227
785.54,476.01,0,0,0,0,3228
775.87,473.86,0,0,0,0,3229
766.22,472.17,0,0,0,0,3230
756.11,470.29,0,0,0,0,3231
745.98,468.31,0,0,0,0,3232
736.37,466.57,0,0,0,0,3233
725.88,464.74,0,0,0,0,3234
716.2,462.91,0,0,0,0,3235
706.38,460.37,0,0,0,0,3236
696.62,459.92,0,0,0,0,3237
686.58,458.05,0,0,0,0,3238
676.83,455.93,0,0,0,0,3239
666.2,453.44,0,0,0,0,3240
656.32,451.21,0,0,0,0,3241
645.96,449.87,0,0,0,0,3242
636.48,447.93,0,0,0,0,3243
626.77,445.5,0,0,0,0,3244
616.76,444.55,0,0,0,0,3245
605.72,442.33,0,0,0,0,3246
596.02,440.88,0,0,0,0,3247
1007.9,551.13,0,0,0,0,3345
1003.6,541.93,0,0,0,0,3346
1000.7,532.54,0,0,0,0,3347
997.05,523.33,0,0,0,0,3348
994.37,513.53,0,0,0,0,3349
990.86,503.25,0,0,0,0,3350
981.29,501.34,0,0,0,0,3351
971.09,499.53,0,0,0,0,3352
960.75,497.44,0,0,0,0,3353
951.15,495.49,0,0,0,0,3354
940.47,493.3,0,0,0,0,3355
931.06,492.05,0,0,0,0,3356
920.94,490.71,0,0,0,0,3357
910.98,489.09,0,0,0,0,3358
901.24,486.58,0,0,0,0,3359
891.7,484.61,0,0,0,0,3360
881.63,483.47,0,0,0,0,3361
871.48,482.33,0,0,0,0,3362
861.75,480.5,0,0,0,0,3363
851.4,478.76,0,0,0,0,3364
841.7,476.99,0,0,0,0,3365
832.1,474.74,0,0,0,0,3366
822.04,472.51,0,0,0,0,3367
811.65,470.67,0,0,0,0,3368
802.11,470.02,0,0,0,0,3369
791.58,468.04,0,0,0,0,3370
781.86,465.81,0,0,0,0,3371
772.15,464.01,0,0,0,0,3372
762.26,462.92,0,0,0,0,3373
751.91,460.49,0,0,0,0,3374
742.02,458.11,0,0,0,0,3375
732.58,457.34,0,0,0,0,3376
722.83,455.33,0,0,0,0,3377
713.29,453.14,0,0,0,0,3378
703.31,450.87,0,0,0,0,3379
693.13,450.67,0,0,0,0,3380
683.34,448.54,0,0,0,0,3381
673.18,446.51,0,0,0,0,3382
663.09,443.85,0,0,0,0,3383
652.57,442,0,0,0,0,3384
642.81,440.15,0,0,0,0,3385
633.26,438.14,0,0,0,0,3386
623.47,436.05,0,0,0,0,3387
612.68,435.15,0,0,0,0,3388
602.68,432.66,0,0,0,0,3389
592.7,431.16,0,0,0,0,3390
1017.7,552.13,0,0,0,0,3486
1013.6,542.93,0,0,0,0,3487
1010.8,533.08,0,0,0,0,3488
1006.9,523.56,0,0,0,0,3489
1004.4,513.02,0,0,0,0,3490
1000.6,504.07,0,0,0,0,3491
997.09,494.25,0,0,0,0,3492
987.38,493.51,0,0,0,0,3493
977.44,491.84,0,0,0,0,3494
967.57,490.3,0,0,0,0,3495
957.01,487.14,0,0,0,0,3496
947.27,485.88,0,0,0,0,3497
937.53,483.7,0,0,0,0,3498
927.32,482.92,0,0,0,0,3499
916.9,481.18,0,0,0,0,3500
907.63,478.97,0,0,0,0,3501
897.8,476.99,0,0,0,0,3502
887.76,475.48,0,0,0,0,3503
877.98,473.61,0,0,0,0,3504
868.26,472.74,0,0,0,0,3505
858.41,471.07,0,0,0,0,3506
847.99,468.69,0,0,0,0,3507
838.12,466.75,0,0,0,0,3508
828.66,465.17,0,0,0,0,3509
818.14,463.4,0,0,0,0,3510
807.91,461.64,0,0,0,0,3511
798.28,460.44,0,0,0,0,3512
788.78,457.78,0,0,0,0,3513
779.08,456.11,0,0,0,0,3514
768.19,454.7,0,0,0,0,3515
758.35,453.23,0,0,0,0,3516
748.65,450.93,0,0,0,0,3517
738.87,448.76,0,0,0,0,3518
729.18,447.61,0,0,0,0,3519
719.23,444.93,0,0,0,0,3520
709.41,443.52,0,0,0,0,3521
699.96,441.2,0,0,0,0,3522
690.02,441.1,0,0,0,0,3523
679.83,439.05,0,0,0,0,3524
669.83,436.5,0,0,0,0,3525
659.09,434.36,0,0,0,0,3526
649.32,432.74,0,0,0,0,3527
639.41,430.75,0,0,0,0,3528
630.05,428.45,0,0,0,0,3529
620.13,427.05,0,0,0,0,3530
609.45,425.3,0,0,0,0,3531
599.17,423.18,0,0,0,0,3532
1028.2,553.99,0,0,0,0,3624
1024.2,544.9,0,0,0,0,3625
1020.5,535.54,0,0,0,0,3626
1016.8,524.98,0,0,0,0,3627
1014.5,514.71,0,0,0,0,3628
1011.1,505.89,0,0,0,0,3629
1007.2,496.61,0,0,0,0,3630
1003.9,486.97,0,0,0,0,3631
994.19,485.12,0,0,0,0,3632
984.17,484.26,0,0,0,0,3633
974.43,482.21,0,0,0,0,3634
964.44,481.01,0,0,0,0,3635
954.22,477.87,0,0,0,0,3636
944.14,475.89,0,0,0,0,3637
934.33,474.22,0,0,0,0,3638
923.9,473.57,0,0,0,0,3639
914.2,471.43,0,0,0,0,3640
904.28,469.38,0,0,0,0,3641
894.49,467.57,0,0,0,0,3642
884.15,466.05,0,0,0,0,3643
873.96,464.23,0,0,0,0,3644
864.14,462.11,0,0,0,0,3645
854.32,460.94,0,0,0,0,3646
844.55,459.15,0,0,0,0,3647
834.53,457.24,0,0,0,0,3648
824.73,456.01,0,0,0,0,3649
814.38,454.02,0,0,0,0,3650
804.57,452.4,0,0,0,0,3651
795.23,450.1,0,0,0,0,3652
785.27,447.6,0,0,0,0,3653
775.72,446.52,0,0,0,0,3654
764.88,445.39,0,0,0,0,3655
755.22,443.42,0,0,0,0,3656
745.34,441.53,0,0,0,0,3657
735.11,438.95,0,0,0,0,3658
725.51,436.93,0,0,0,0,3659
715.39,435.46,0,0,0,0,3660
705.61,433.2,0,0,0,0,3661
696.08,431.98,0,0,0,0,3662
686.31,430.35,0,0,0,0,3663
676.48,429.13,0,0,0,0,3664
666.46,426.98,0,0,0,0,3665
655.31,425.28,0,0,0,0,3666
645.81,423.17,0,0,0,0,3667
636.2,420.51,0,0,0,0,3668
626.01,418.86,0,0,0,0,3669
616.02,417.77,0,0,0,0,3670
606.05,416.15,0,0,0,0,3671
595.44,413.51,0,0,0,0,3672
1038.4,556.11,0,0,0,0,3757
1034.6,546.42,0,0,0,0,3758
1030.2,537.28,0,0,0,0,3759
1026.9,527.29,0,0,0,0,3760
1024.4,517.38,0,0,0,0,3761
1021.5,507.8,0,0,0,0,3762
1017.6,498.82,0,0,0,0,3763
1014.7,489.14,0,0,0,0,3764
1010.9,480.13,0,0,0,0,3765
1000.7,477.67,0,0,0,0,3766
990.07,476.3,0,0,0,0,3767
980.16,474.17,0,0,0,0,3768
969.8,472.57,0,0,0,0,3769
960.32,469.84,0,0,0,0,3770
950.74,468.37,0,0,0,0,3771
940.9,466.55,0,0,0,0,3772
931.21,465.21,0,0,0,0,3773
921.18,463.74,0,0,0,0,3774
910.69,461.75,0,0,0,0,3775
900.81,459.83,0,0,0,0,3776
890.57,458.32,0,0,0,0,3777
881.08,456.02,0,0,0,0,3778
870.81,454.7,0,0,0,0,3779
861,452.75,0,0,0,0,3780
851.35,451.01,0,0,0,0,3781
840.99,449.64,0,0,0,0,3782
830.64,447.85,0,0,0,0,3783
820.99,446.17,0,0,0,0,3784
811.59,444.56,0,0,0,0,3785
801.97,442,0,0,0,0,3786
792.05,440.37,0,0,0,0,3787
781.44,438.16,0,0,0,0,3788
771.24,436.82,0,0,0,0,3789
761.15,435.37,0,0,0,0,3790
751.32,433.5,0,0,0,0,3791
741.65,431.39,0,0,0,0,3792
731.75,429.48,0,0,0,0,3793
721.7,427.63,0,0,0,0,3794
712.26,425.93,0,0,0,0,3795
702.17,423.65,0,0,0,0,3796
691.86,421.97,0,0,0,0,3797
681.9,420.63,0,0,0,0,3798
672.16,418.88,0,0,0,0,3799
661.74,417.37,0,0,0,0,3800
652.24,415.56,0,0,0,0,3801
642.72,412.98,0,0,0,0,3802
632.23,411.26,0,0,0,0,3803
621.78,409.74,0,0,0,0,3804
612.19,408.27,0,0,0,0,3805
603.09,404.61,0,0,0,0,3806
593.05,403.86,0,0,0,0,3807
1048.2,557.28,0,0,0,0,3886
1044.5,548.22,0,0,0,0,3887
1040.6,538.92,0,0,0,0,3888
1036.7,529.7,0,0,0,0,3889
1034.1,520.05,0,0,0,0,3890
1030.8,509.99,0,0,0,0,3891
1027.6,500.62,0,0,0,0,3892
1024.4,491.21,0,0,0,0,3893
1020.9,481.39,0,0,0,0,3894
1016.8,472.05,0,0,0,0,3895
1007,469.89,0,0,0,0,3896
996.67,468.76,0,0,0,0,3897
986.89,466.88,0,0,0,0,3898
977.19,464.76,0,0,0,0,3899
967.49,462.55,0,0,0,0,3900
957.9,460.37,0,0,0,0,3901
947.52,459.2,0,0,0,0,3902
937.69,457.24,0,0,0,0,3903
927.47,455.94,0,0,0,0,3904
917.54,454.42,0,0,0,0,3905
907.77,452.25,0,0,0,0,3906
898.08,450.27,0,0,0,0,3907
888.21,448.19,0,0,0,0,3908
877.35,446.75,0,0,0,0,3909
867.43,445.09,0,0,0,0,3910
857.64,442.62,0,0,0,0,3911
847.79,441.46,0,0,0,0,3912
837.89,439.99,0,0,0,0,3913
827.83,438.2,0,0,0,0,3914
817.48,436.44,0,0,0,0,3915
807.71,434.06,0,0,0,0,3916
797.97,432.31,0,0,0,0,3917
787.27,430.07,0,0,0,0,3918
777.62,428.92,0,0,0,0,3919
767.85,427.19,0,0,0,0,3920
758.34,425.47,0,0,0,0,3921
748.38,423.93,0,0,0,0,3922
738.07,421.83,0,0,0,0,3923
728.84,420.29,0,0,0,0,3924
719.18,417.69,0,0,0,0,3925
708.95,416.52,0,0,0,0,3926
699.01,414.45,0,0,0,0,3927
688.73,412.5,0,0,0,0,3928
678.81,408.31,0,0,0,0,3929
668.89,409.39,0,0,0,0,3930
658.21,407.98,0,0,0,0,3931
648.93,404.56,0,0,0,0,3932
638.99,404.09,0,0,0,0,3933
1058.2,558.49,0,0,0,0,4013
1054.6,549.45,0,0,0,0,4014
1050.6,540.33,0,0,0,0,4015
1046.8,531.18,0,0,0,0,4016
1044,521.41,0,0,0,0,4017
1040.6,511.87,0,0,0,0,4018
1037.5,502.53,0,0,0,0,4019
1034,493.26,0,0,0,0,4020
1030.7,483.41,0,0,0,0,4021
1026.7,473.58,0,0,0,0,4022
1023.5,464.11,0,0,0,0,4023
1013.9,462.54,0,0,0,0,4024
1003.6,460.48,0,0,0,0,4025
993.59,459.26,0,0,0,0,4026
983.85,457.3,0,0,0,0,4027
974.03,454.96,0,0,0,0,4028
964.28,452.85,0,0,0,0,4029
954.23,451.33,0,0,0,0,4030
944.16,449.78,0,0,0,0,4031
934.12,447.96,0,0,0,0,4032
924.07,445.53,0,0,0,0,4033
914.22,444.26,0,0,0,0,4034
904.26,442.42,0,0,0,0,4035
894.58,440.42,0,0,0,0,4036
884.95,438.53,0,0,0,0,4037
874.73,436.76,0,0,0,0,4038
864.87,434.98,0,0,0,0,4039
854.47,433.27,0,0,0,0,4040
843.83,431.94,0,0,0,0,4041
834.07,429.79,0,0,0,0,4042
823.81,428.22,0,0,0,0,4043
813.58,425.99,0,0,0,0,4044
804.36,424.24,0,0,0,0,4045
794.57,422.26,0,0,0,0,4046
784.71,420.47,0,0,0,0,4047
774.96,419.18,0,0,0,0,4048
764.67,417.93,0,0,0,0,4049
754.56,416.15,0,0,0,0,4050
744.8,414.44,0,0,0,0,4051
734.47,411.88,0,0,0,0,4052
724.78,409.51,0,0,0,0,4053
714.88,408.47,0,0,0,0,4054
704.66,406.13,0,0,0,0,4055
694.8,404.55,0,0,0,0,4056
1064.4,550.97,0,0,0,0,4137
1060.4,541.4,0,0,0,0,4138
1057.2,531.65,0,0,0,0,4139
1054,522.91,0,0,0,0,4140
1051,513.43,0,0,0,0,4141
1047.4,504.48,0,0,0,0,4142
1044.1,495.1,0,0,0,0,4143
1040.3,485.69,0,0,0,0,4144
1036.8,475.73,0,0,0,0,4145
1033.3,466.23,0,0,0,0,4146
1029.9,456.59,0,0,0,0,4147
1020.2,454.64,0,0,0,0,4148
1010.5,453.11,0,0,0,0,4149
1000.9,450.56,0,0,0,0,4150
990.41,449.5,0,0,0,0,4151
980.8,447.83,0,0,0,0,4152
970.47,444.71,0,0,0,0,4153
960.74,443.59,0,0,0,0,4154
950.45,442.01,0,0,0,0,4155
940.63,440.03,0,0,0,0,4156
930.91,438.24,0,0,0,0,4157
920.78,436.09,0,0,0,0,4158
910.82,434.85,0,0,0,0,4159
901.54,432.35,0,0,0,0,4160
891.81,431,0,0,0,0,4161
881.01,429.45,0,0,0,0,4162
870.68,426.72,0,0,0,0,4163
860.82,425.48,0,0,0,0,4164
850.73,424.18,0,0,0,0,4165
840.76,422.38,0,0,0,0,4166
830.81,419.96,0,0,0,0,4167
820.36,418.64,0,0,0,0,4168
810.5,416.34,0,0,0,0,4169
800.75,413.83,0,0,0,0,4170
791.05,412,0,0,0,0,4171
781.12,411.14,0,0,0,0,4172
771.2,409.88,0,0,0,0,4173
761.24,408.6,0,0,0,0,4174
751.62,405.99,0,0,0,0,4175
741.98,404.88,0,0,0,0,4176
1074.2,552.61,0,0,0,0,4254
1070.1,542.85,0,0,0,0,4255
1067,533.65,0,0,0,0,4256
1064.6,524.59,0,0,0,0,4257
1061.1,515.32,0,0,0,0,4258
1057.3,505.73,0,0,0,0,4259
1054,496.26,0,0,0,0,4260
1050,487.15,0,0,0,0,4261
1046.7,477.31,0,0,0,0,4262
1043,467.96,0,0,0,0,4263
1039.6,458.63,0,0,0,0,4264
1036.9,449.02,0,0,0,0,4265
1027.3,447.12,0,0,0,0,4266
1017,444.85,0,0,0,0,4267
1006.8,442.71,0,0,0,0,4268
996.52,441.52,0,0,0,0,4269
987.25,439.85,0,0,0,0,4270
977.59,437.97,0,0,0,0,4271
968.13,434.88,0,0,0,0,4272
957.23,434.23,0,0,0,0,4273
947.14,432.44,0,0,0,0,4274
937.25,430.62,0,0,0,0,4275
927.74,427.81,0,0,0,0,4276
917.82,426.53,0,0,0,0,4277
907.96,424.53,0,0,0,0,4278
898.23,422.84,0,0,0,0,4279
887.4,421.92,0,0,0,0,4280
877.71,419.59,0,0,0,0,4281
866.47,417.23,0,0,0,0,4282
856.61,416.09,0,0,0,0,4283
846.75,414.39,0,0,0,0,4284
836.71,412.04,0,0,0,0,4285
827.06,409.83,0,0,0,0,4286
816.76,408.33,0,0,0,0,4287
809.24,402.21,0,0,0,0,4288
799.31,403.95,0,0,0,0,4289
788.59,402.55,0,0,0,0,4290
1084.2,554.37,0,0,0,0,4366
1080.1,544.45,0,0,0,0,4367
1076.9,534.99,0,0,0,0,4368
1074.7,525.18,0,0,0,0,4369
1071.1,515.87,0,0,0,0,4370
1067.4,507.2,0,0,0,0,4371
1063.6,497.87,0,0,0,0,4372
1060.3,488.65,0,0,0,0,4373
1056.5,479.45,0,0,0,0,4374
1052.9,469.57,0,0,0,0,4375
1049.5,460.03,0,0,0,0,4376
1046.8,450.22,0,0,0,0,4377
1043.4,440.51,0,0,0,0,4378
1033.5,439.29,0,0,0,0,4379
1023.5,437.81,0,0,0,0,4380
1013.7,435.78,0,0,0,0,4381
1003.6,432.94,0,0,0,0,4382
993.55,431.18,0,0,0,0,4383
983.72,430.07,0,0,0,0,4384
974.14,426.96,0,0,0,0,4385
963.58,425.9,0,0,0,0,4386
954.07,422.55,0,0,0,0,4387
943.69,422.97,0,0,0,0,4388
934,419.1,0,0,0,0,4389
924.11,418.47,0,0,0,0,4390
914.39,416.93,0,0,0,0,4391
904.18,415.18,0,0,0,0,4392
893.49,413.98,0,0,0,0,4393
882.87,410.85,0,0,0,0,4394
873.01,409.46,0,0,0,0,4395
862.77,407.76,0,0,0,0,4396
852.78,406.41,0,0,0,0,4397
843.1,404.43,0,0,0,0,4398
1094.2,555.11,0,0,0,0,4472
1090.3,546.55,0,0,0,0,4473
1087.1,537.22,0,0,0,0,4474
1084.4,527.69,0,0,0,0,4475
1080.5,518.13,0,0,0,0,4476
1077.4,508.07,0,0,0,0,4477
1073.5,499.49,0,0,0,0,4478
1070.1,490.33,0,0,0,0,4479
1067.4,480.58,0,0,0,0,4480
1063.1,471.57,0,0,0,0,4481
1058.9,461.98,0,0,0,0,4482
1056.3,452.41,0,0,0,0,4483
1052.6,442.78,0,0,0,0,4484
1049.6,432.55,0,0,0,0,4485
1039.8,431.28,0,0,0,0,4486
1029.6,429.73,0,0,0,0,4487
1020.4,427.49,0,0,0,0,4488
1010.5,426.2,0,0,0,0,4489
999.58,423.19,0,0,0,0,4490
989.8,421.08,0,0,0,0,4491
980.09,418.93,0,0,0,0,4492
969.74,416.56,0,0,0,0,4493
960.08,414.65,0,0,0,0,4494
950.33,412.72,0,0,0,0,4495
941.12,411.9,0,0,0,0,4496
931.68,408.97,0,0,0,0,4497
921.32,408.55,0,0,0,0,4498
910.53,407.46,0,0,0,0,4499
900.32,405.62,0,0,0,0,4500
890.45,404.33,0,0,0,0,4501
1103.9,557.19,0,0,0,0,4573
1100.5,547.63,0,0,0,0,4574
1097.1,538.82,0,0,0,0,4575
1094.2,529.34,0,0,0,0,4576
1090.7,519.89,0,0,0,0,4577
1087,510.63,0,0,0,0,4578
1083.9,500.67,0,0,0,0,4579
1080,491.85,0,0,0,0,4580
1076.9,482.67,0,0,0,0,4581
1073.1,472.22,0,0,0,0,4582
1068.9,463.16,0,0,0,0,4583
1066,453.67,0,0,0,0,4584
1062.5,444.86,0,0,0,0,4585
1058.9,435.11,0,0,0,0,4586
1055.3,424.43,0,0,0,0,4587
1045.4,422.96,0,0,0,0,4588
1035.6,421.65,0,0,0,0,4589
1026.1,418.69,0,0,0,0,4590
1016.6,418.36,0,0,0,0,4591
1006.4,416.58,0,0,0,0,4592
996.48,413.64,0,0,0,0,4593
986.85,410.82,0,0,0,0,4594
976.97,408.72,0,0,0,0,4595
966.26,406.4,0,0,0,0,4596
956.66,404.98,0,0,0,0,4597
946.89,402.88,0,0,0,0,4598
1113.9,559.11,0,0,0,0,4669
1110.4,549.8,0,0,0,0,4670
1107.6,540.06,0,0,0,0,4671
1104.3,531.28,0,0,0,0,4672
1100.6,522,0,0,0,0,4673
1097.3,512.34,0,0,0,0,4674
1093.6,503.15,0,0,0,0,4675
1090.4,493.38,0,0,0,0,4676
1086.8,484.08,0,0,0,0,4677
1082.9,474.92,0,0,0,0,4678
1079.7,464.99,0,0,0,0,4679
1075.7,455.83,0,0,0,0,4680
1072.3,446.04,0,0,0,0,4681
1068.6,436.83,0,0,0,0,4682
1064.6,426.97,0,0,0,0,4683
1061.8,416.87,0,0,0,0,4684
1051.8,414.86,0,0,0,0,4685
1042.4,413.6,0,0,0,0,4686
1033.1,410.82,0,0,0,0,4687
1023.1,409.1,0,0,0,0,4688
1012.7,409.12,0,0,0,0,4689
1003.8,405.14,0,0,0,0,4690
994.33,403.93,0,0,0,0,4691
1120.3,551.58,0,0,0,0,4760
1117.3,542.52,0,0,0,0,4761
1114.3,533.04,0,0,0,0,4762
1111,523.78,0,0,0,0,4763
1107,514.75,0,0,0,0,4764
1103.9,504.97,0,0,0,0,4765
1100.2,495.29,0,0,0,0,4766
1096.8,485.87,0,0,0,0,4767
1093.3,476.58,0,0,0,0,4768
1089.5,467.29,0,0,0,0,4769
1085.5,457.12,0,0,0,0,4770
1082.1,447.96,0,0,0,0,4771
1078.9,437.65,0,0,0,0,4772
1074.6,428.82,0,0,0,0,4773
1071.5,419.45,0,0,0,0,4774
1066.3,407.47,0,0,0,0,4775
1056.2,405.66,0,0,0,0,4776
1046.5,404.44,0,0,0,0,4777
1130.2,554.04,0,0,0,0,4845
1127.1,544.46,0,0,0,0,4846
1124,535.04,0,0,0,0,4847
1120.9,525.43,0,0,0,0,4848
1117.2,516.42,0,0,0,0,4849
1113.6,507.15,0,0,0,0,4850
1110.2,497.11,0,0,0,0,4851
1106.8,487.09,0,0,0,0,4852
1102.9,478.44,0,0,0,0,4853
1099.2,468.69,0,0,0,0,4854
1095.2,458.71,0,0,0,0,4855
1092,448.84,0,0,0,0,4856
1088.8,439.55,0,0,0,0,4857
1085.3,430.17,0,0,0,0,4858
1082,420.22,0,0,0,0,4859
1077.6,410.8,0,0,0,0,4860
1139.8,555.6,0,0,0,0,4925
1136.6,546.22,0,0,0,0,4926
1133.4,536.52,0,0,0,0,4927
1130.7,527.17,0,0,0,0,4928
1127,517.27,0,0,0,0,4929
1123.6,508.2,0,0,0,0,4930
1120,498.89,0,0,0,0,4931
1116.2,488.63,0,0,0,0,4932
1113.4,479.53,0,0,0,0,4933
1109,470.41,0,0,0,0,4934
1105.4,460.21,0,0,0,0,4935
1101.8,451.29,0,0,0,0,4936
1098.7,441.65,0,0,0,0,4937
1095.9,431.6,0,0,0,0,4938
1091.6,422.45,0,0,0,0,4939
1088.3,411.18,0,0,0,0,4940
1149.7,557.57,0,0,0,0,5004
1146.6,548.12,0,0,0,0,5005
1143.1,538.53,0,0,0,0,5006
1140.5,528.21,0,0,0,0,5007
1136.9,519.48,0,0,0,0,5008
1133.7,510.08,0,0,0,0,5009
1130.1,500.44,0,0,0,0,5010
1126,490.83,0,0,0,0,5011
1123.1,481.18,0,0,0,0,5012
1118.7,471.8,0,0,0,0,5013
1115.3,462.15,0,0,0,0,5014
1112.5,452.69,0,0,0,0,5015
1108.5,443.7,0,0,0,0,5016
1105.8,433.71,0,0,0,0,5017
1101.3,423.5,0,0,0,0,5018
1098.1,413.89,0,0,0,0,5019
1095.5,404.5,0,0,0,0,5020
1160.1,559.38,0,0,0,0,5081
1156.9,549.76,0,0,0,0,5082
1153.4,540.46,0,0,0,0,5083
1150,531.12,0,0,0,0,5084
1147.1,521.12,0,0,0,0,5085
1143.4,511.72,0,0,0,0,5086
1139.9,502.07,0,0,0,0,5087
1136.1,492.64,0,0,0,0,5088
1132.6,483.57,0,0,0,0,5089
1129.3,473.55,0,0,0,0,5090
1125.4,464.33,0,0,0,0,5091
1122,454.46,0,0,0,0,5092
1118.7,444.82,0,0,0,0,5093
1115.6,435.37,0,0,0,0,5094
1112.1,425.8,0,0,0,0,5095
1108.1,416.18,0,0,0,0,5096
1105.8,406.07,0,0,0,0,5097
1166.6,551.58,0,0,0,0,5158
1163.7,541.83,0,0,0,0,5159
1159.8,532.81,0,0,0,0,5160
1156.9,522.68,0,0,0,0,5161
1153.5,513.26,0,0,0,0,5162
1149.6,504.07,0,0,0,0,5163
1146.2,494.52,0,0,0,0,5164
1142.4,484.97,0,0,0,0,5165
1139.1,475.75,0,0,0,0,5166
1135.5,465.45,0,0,0,0,5167
1131.9,456.03,0,0,0,0,5168
1128.5,446.67,0,0,0,0,5169
1125.5,436.13,0,0,0,0,5170
1121.9,426.82,0,0,0,0,5171
1118.9,417.32,0,0,0,0,5172
1115.4,408.54,0,0,0,0,5173
1176.4,554.07,0,0,0,0,5232
1173.4,544.15,0,0,0,0,5233
1169.8,534.08,0,0,0,0,5234
1166.8,524.62,0,0,0,0,5235
1163.3,515.11,0,0,0,0,5236
1160,505.73,0,0,0,0,5237
1156.2,496.51,0,0,0,0,5238
1152.3,486.45,0,0,0,0,5239
1149.6,476.72,0,0,0,0,5240
1145.3,467.53,0,0,0,0,5241
1142.1,457.99,0,0,0,0,5242
1138.4,447.85,0,0,0,0,5243
1135.7,438.56,0,0,0,0,5244
1132.2,428.93,0,0,0,0,5245
1128.6,419.39,0,0,0,0,5246
1125.7,409.03,0,0,0,0,5247
1186.5,556.25,0,0,0,0,5304
1183.2,546.78,0,0,0,0,5305
1179.7,536.35,0,0,0,0,5306
1176.8,526.16,0,0,0,0,5307
1172.9,517.08,0,0,0,0,5308
1169.7,507.29,0,0,0,0,5309
1166.4,497.75,0,0,0,0,5310
1162.5,488.12,0,0,0,0,5311
1159,478.22,0,0,0,0,5312
1156.3,468.64,0,0,0,0,5313
1152,460.04,0,0,0,0,5314
1148.9,450.58,0,0,0,0,5315
1145.4,441.12,0,0,0,0,5316
1142.6,431.5,0,0,0,0,5317
1139.1,422.05,0,0,0,0,5318
1135.8,412.67,0,0,0,0,5319
1196.5,556.62,0,0,0,0,5373
1192.9,547.18,0,0,0,0,5374
1189.6,537.89,0,0,0,0,5375
1186.6,528.32,0,0,0,0,5376
1183.1,518.75,0,0,0,0,5377
1179.3,509.47,0,0,0,0,5378
1176.1,499.52,0,0,0,0,5379
1172.4,489.93,0,0,0,0,5380
1169.1,480.64,0,0,0,0,5381
1165.9,471.01,0,0,0,0,5382
1162.5,460.92,0,0,0,0,5383
1159.1,451.57,0,0,0,0,5384
1155.6,442.45,0,0,0,0,5385
1152.4,433.02,0,0,0,0,5386
1148.5,423.98,0,0,0,0,5387
1145.2,414.42,0,0,0,0,5388
1142.1,405.45,0,0,0,0,5389
1206.4,558.81,0,0,0,0,5442
1202.9,548.34,0,0,0,0,5443
1199.5,539.04,0,0,0,0,5444
1196.5,529.7,0,0,0,0,5445
1192.4,520.41,0,0,0,0,5446
1188.9,510.59,0,0,0,0,5447
1185.9,501.32,0,0,0,0,5448
1182.4,492,0,0,0,0,5449
1179.2,482.58,0,0,0,0,5450
1175.7,472.11,0,0,0,0,5451
1172.2,462.66,0,0,0,0,5452
1168.8,453.27,0,0,0,0,5453
1165.6,443.45,0,0,0,0,5454
1162,434.45,0,0,0,0,5455
1158.7,425.2,0,0,0,0,5456
1155,416.14,0,0,0,0,5457
1152.1,405.67,0,0,0,0,5458
1207,531.59,0,0,0,0,5512
1202.6,521.72,0,0,0,0,5513
1198.7,512.43,0,0,0,0,5514
1195.8,501.99,0,0,0,0,5515
1192.6,492.76,0,0,0,0,5516
1189.2,483.4,0,0,0,0,5517
1185.7,473.88,0,0,0,0,5518
1182.2,464.66,0,0,0,0,5519
1178.5,455.45,0,0,0,0,5520
1175.4,445.79,0,0,0,0,5521
1172.1,436.13,0,0,0,0,5522
1168.4,427.08,0,0,0,0,5523
1165.4,417.99,0,0,0,0,5524
1161.5,409.2,0,0,0,0,5525
1209.5,513.86,0,0,0,0,5580
1205.4,504.75,0,0,0,0,5581
1202.5,494.93,0,0,0,0,5582
1199.6,485.25,0,0,0,0,5583
1195.7,475.67,0,0,0,0,5584
1191.9,466.27,0,0,0,0,5585
1188.5,457.35,0,0,0,0,5586
1184.8,447.87,0,0,0,0,5587
1181.8,437.97,0,0,0,0,5588
1177.9,428.03,0,0,0,0,5589
1174.9,418.62,0,0,0,0,5590
1172.9,408.96,0,0,0,0,5591
1209,487.53,0,0,0,0,5647
1205.4,477.29,0,0,0,0,5648
1202.5,467.86,0,0,0,0,5649
1198.4,458.58,0,0,0,0,5650
1194.7,449.35,0,0,0,0,5651
1191.6,439.48,0,0,0,0,5652
1187.9,427.96,0,0,0,0,5653
1184.9,418.54,0,0,0,0,5654
1182.5,406.28,0,0,0,0,5655
1208.4,460.38,0,0,0,0,5710
1204.9,450.93,0,0,0,0,5711
1201.3,441.42,0,0,0,0,5712
1197.5,431.36,0,0,0,0,5713
1194.9,420.85,0,0,0,0,5714
1192,411.3,0,0,0,0,5715
1207.8,433.85,0,0,0,0,5772
1204.2,424.38,0,0,0,0,5773
1201.9,413.36,0,0,0,0,5774
1198.6,404.48,0,0,0,0,5775
1208.4,403.36,0,0,0,0,5833
822.17,400.62,0,0,0,0,13690
815.65,392.19,0,0,0,0,13691
803.59,394.39,0,0,0,0,13692
794.13,394.51,0,0,0,0,13693
778.61,401.34,0,0,0,0,13694
768.69,400.1,0,0,0,0,13695
832.12,399.12,0,0,0,0,13786
825.62,391.27,0,0,0,0,13787
819.13,382.62,0,0,0,0,13788
807.83,385.22,0,0,0,0,13789
798.1,385.23,0,0,0,0,13790
788.68,386.32,0,0,0,0,13791
779.95,389.76,0,0,0,0,13792
769.96,390.17,0,0,0,0,13793
760.56,393.67,0,0,0,0,13794
749.38,396.08,0,0,0,0,13795
739.62,395.37,0,0,0,0,13796
730.04,400.97,0,0,0,0,13797
720.37,400.04,0,0,0,0,13798
840.87,394.95,0,0,0,0,13887
834.63,386.93,0,0,0,0,13888
828.39,379.29,0,0,0,0,13889
821.57,372.08,0,0,0,0,13890
811.85,374.8,0,0,0,0,13891
801.63,375.64,0,0,0,0,13892
792.3,377.27,0,0,0,0,13893
782.33,378.59,0,0,0,0,13894
772.75,380.49,0,0,0,0,13895
762.91,381.99,0,0,0,0,13896
753.86,386.24,0,0,0,0,13897
743.78,385.98,0,0,0,0,13898
733.41,387.72,0,0,0,0,13899
723.9,390.55,0,0,0,0,13900
714.35,392.56,0,0,0,0,13901
704.81,396.12,0,0,0,0,13902
692.58,394.77,0,0,0,0,13903
684.53,400.11,0,0,0,0,13904
673.99,399.34,0,0,0,0,13905
664.4,400.33,0,0,0,0,13906
851.68,396.41,0,0,0,0,13992
844.65,385.85,0,0,0,0,13993
838.6,377.84,0,0,0,0,13994
831.7,369.86,0,0,0,0,13995
824.85,362.61,0,0,0,0,13996
815.5,364.35,0,0,0,0,13997
805.58,365.62,0,0,0,0,13998
795.45,366.99,0,0,0,0,13999
785.93,369.31,0,0,0,0,14000
775.69,370.89,0,0,0,0,14001
765.8,372.35,0,0,0,0,14002
756.31,374.44,0,0,0,0,14003
746.92,376.07,0,0,0,0,14004
736.98,377.9,0,0,0,0,14005
727.43,379.84,0,0,0,0,14006
717.67,382.31,0,0,0,0,14007
707.54,385.23,0,0,0,0,14008
697.55,386.1,0,0,0,0,14009
685.63,387.55,0,0,0,0,14010
676.2,389.28,0,0,0,0,14011
666.34,390.76,0,0,0,0,14012
656.3,394.33,0,0,0,0,14013
645.51,394.65,0,0,0,0,14014
635.17,395.35,0,0,0,0,14015
628.01,401.84,0,0,0,0,14016
618.16,400.25,0,0,0,0,14017
868.86,399.83,0,0,0,0,14097
861.14,392.86,0,0,0,0,14098
854.48,385.6,0,0,0,0,14099
848.36,376.68,0,0,0,0,14100
841.62,368.4,0,0,0,0,14101
836.16,359.43,0,0,0,0,14102
828.62,353.31,0,0,0,0,14103
818.93,354.77,0,0,0,0,14104
809.32,356.1,0,0,0,0,14105
798.66,358.02,0,0,0,0,14106
789.4,359.49,0,0,0,0,14107
779.57,361.53,0,0,0,0,14108
769.58,362.85,0,0,0,0,14109
759.88,364.36,0,0,0,0,14110
750.13,366.26,0,0,0,0,14111
740.29,368.56,0,0,0,0,14112
730.14,370.46,0,0,0,0,14113
720.15,372.67,0,0,0,0,14114
710.38,375.41,0,0,0,0,14115
700.21,376.58,0,0,0,0,14116
689.57,378.34,0,0,0,0,14117
679.41,379.7,0,0,0,0,14118
669.63,381.31,0,0,0,0,14119
659.77,383.09,0,0,0,0,14120
649.56,384.63,0,0,0,0,14121
639.6,386.5,0,0,0,0,14122
629.22,387.5,0,0,0,0,14123
619.13,388.99,0,0,0,0,14124
609.74,391.54,0,0,0,0,14125
599.79,395.22,0,0,0,0,14126
879.45,400.82,0,0,0,0,14206
870.58,389.86,0,0,0,0,14207
863.75,382.32,0,0,0,0,14208
858.34,374.37,0,0,0,0,14209
851.67,367.3,0,0,0,0,14210
846.04,359.15,0,0,0,0,14211
840.59,350.12,0,0,0,0,14212
832.04,343.97,0,0,0,0,14213
822.35,345.55,0,0,0,0,14214
812.31,346.71,0,0,0,0,14215
802.36,348.69,0,0,0,0,14216
792.95,350.22,0,0,0,0,14217
782.97,351.97,0,0,0,0,14218
772.78,353.63,0,0,0,0,14219
763.04,354.88,0,0,0,0,14220
753.37,356.66,0,0,0,0,14221
743.47,359.16,0,0,0,0,14222
733.87,360.65,0,0,0,0,14223
723.58,363.51,0,0,0,0,14224
713.25,365.22,0,0,0,0,14225
703.19,367.08,0,0,0,0,14226
693.3,369.06,0,0,0,0,14227
683.11,370.21,0,0,0,0,14228
673.47,371.8,0,0,0,0,14229
663.6,373.22,0,0,0,0,14230
652.67,375.05,0,0,0,0,14231
642.88,377.11,0,0,0,0,14232
632.99,378.34,0,0,0,0,14233
623.05,379.85,0,0,0,0,14234
612.64,381.71,0,0,0,0,14235
603.66,384.24,0,0,0,0,14236
593.51,384.94,0,0,0,0,14237
887.54,395.3,0,0,0,0,14316
880.49,388.34,0,0,0,0,14317
873.61,380.36,0,0,0,0,14318
868.35,372.34,0,0,0,0,14319
862.1,364.72,0,0,0,0,14320
855.57,357.17,0,0,0,0,14321
850.22,348.84,0,0,0,0,14322
843.16,340.57,0,0,0,0,14323
835.88,334.56,0,0,0,0,14324
825.99,336.19,0,0,0,0,14325
816.24,337.55,0,0,0,0,14326
806.42,338.79,0,0,0,0,14327
796.5,340.58,0,0,0,0,14328
786.5,342.35,0,0,0,0,14329
776.38,344.3,0,0,0,0,14330
766.54,345.62,0,0,0,0,14331
756.6,347.68,0,0,0,0,14332
746.64,349.73,0,0,0,0,14333
736.88,351.35,0,0,0,0,14334
726.58,353.58,0,0,0,0,14335
716.92,355.92,0,0,0,0,14336
706.59,357.65,0,0,0,0,14337
696.7,358.97,0,0,0,0,14338
686.99,360.66,0,0,0,0,14339
677.09,362.38,0,0,0,0,14340
667.15,364.03,0,0,0,0,14341
657.27,365.48,0,0,0,0,14342
647.28,366.71,0,0,0,0,14343
637.41,368.74,0,0,0,0,14344
626.9,370.63,0,0,0,0,14345
617.05,371.78,0,0,0,0,14346
606.96,373.76,0,0,0,0,14347
597.36,375.76,0,0,0,0,14348
897.55,395.55,0,0,0,0,14429
890.76,386.14,0,0,0,0,14430
884.72,378.02,0,0,0,0,14431
878.25,370.74,0,0,0,0,14432
871.65,363.01,0,0,0,0,14433
865.4,355.16,0,0,0,0,14434
859.86,346.84,0,0,0,0,14435
853.17,339.38,0,0,0,0,14436
847.09,331.48,0,0,0,0,14437
839.69,324.96,0,0,0,0,14438
829.85,326.67,0,0,0,0,14439
819.89,328.24,0,0,0,0,14440
810.22,329.52,0,0,0,0,14441
800.05,331.09,0,0,0,0,14442
790.29,333.3,0,0,0,0,14443
779.6,334.97,0,0,0,0,14444
769.94,336.29,0,0,0,0,14445
759.68,338.13,0,0,0,0,14446
749.96,339.94,0,0,0,0,14447
740.4,342.03,0,0,0,0,14448
730.35,343.88,0,0,0,0,14449
720.16,346.35,0,0,0,0,14450
710.41,348.02,0,0,0,0,14451
700.49,349.49,0,0,0,0,14452
689.76,351.05,0,0,0,0,14453
680.27,353,0,0,0,0,14454
670.45,354.59,0,0,0,0,14455
660.43,355.55,0,0,0,0,14456
650.34,357.28,0,0,0,0,14457
640.4,359.2,0,0,0,0,14458
630.35,361.25,0,0,0,0,14459
620.41,362.24,0,0,0,0,14460
610.59,364.11,0,0,0,0,14461
600.71,366.1,0,0,0,0,14462
590.45,368.7,0,0,0,0,14463
917.12,400.16,0,0,0,0,14542
908.58,394.57,0,0,0,0,14543
900.5,386.11,0,0,0,0,14544
894.65,376.81,0,0,0,0,14545
888.06,368.64,0,0,0,0,14546
881.55,361.13,0,0,0,0,14547
875.38,353.75,0,0,0,0,14548
869.79,345.66,0,0,0,0,14549
863.01,336.93,0,0,0,0,14550
856.82,329.18,0,0,0,0,14551
850.25,321.48,0,0,0,0,14552
843.74,314,0,0,0,0,14553
833.44,317.24,0,0,0,0,14554
823.55,318.76,0,0,0,0,14555
813.15,319.69,0,0,0,0,14556
803.44,321.69,0,0,0,0,14557
792.93,323.58,0,0,0,0,14558
783.39,325.72,0,0,0,0,14559
773.31,326.85,0,0,0,0,14560
763.44,328.49,0,0,0,0,14561
753.55,329.91,0,0,0,0,14562
743.15,332.05,0,0,0,0,14563
733.61,334.38,0,0,0,0,14564
723.76,336.11,0,0,0,0,14565
713.67,338.56,0,0,0,0,14566
703.89,340.09,0,0,0,0,14567
693.72,341.86,0,0,0,0,14568
684.37,343.16,0,0,0,0,14569
674.5,345.12,0,0,0,0,14570
664.34,346.49,0,0,0,0,14571
654.02,347.88,0,0,0,0,14572
643.8,349.89,0,0,0,0,14573
634.09,351.85,0,0,0,0,14574
624.07,352.78,0,0,0,0,14575
614.57,354.59,0,0,0,0,14576
603.69,356.83,0,0,0,0,14577
594.1,358.48,0,0,0,0,14578
927.09,400.13,0,0,0,0,14658
917.06,390.35,0,0,0,0,14659
910.27,383.95,0,0,0,0,14660
904.11,374.98,0,0,0,0,14661
897.96,367.23,0,0,0,0,14662
891.55,359.35,0,0,0,0,14663
885.02,351.1,0,0,0,0,14664
879.79,342.27,0,0,0,0,14665
873.29,335.14,0,0,0,0,14666
866.61,327.47,0,0,0,0,14667
860.1,319.7,0,0,0,0,14668
853.62,312.02,0,0,0,0,14669
846.82,304.68,0,0,0,0,14670
836.51,307.44,0,0,0,0,14671
826.82,309.25,0,0,0,0,14672
816.85,310.78,0,0,0,0,14673
806.65,312.02,0,0,0,0,14674
796.6,313.04,0,0,0,0,14675
786.65,315.14,0,0,0,0,14676
776.6,317.28,0,0,0,0,14677
766.89,318.46,0,0,0,0,14678
756.84,320.08,0,0,0,0,14679
746.98,322.67,0,0,0,0,14680
737.29,324.17,0,0,0,0,14681
727.53,326.35,0,0,0,0,14682
717,328.52,0,0,0,0,14683
706.88,330.01,0,0,0,0,14684
697,330.95,0,0,0,0,14685
687.46,333.62,0,0,0,0,14686
677.69,335.64,0,0,0,0,14687
668.04,337.22,0,0,0,0,14688
657.64,338.56,0,0,0,0,14689
647.69,339.98,0,0,0,0,14690
637.84,341.85,0,0,0,0,14691
628.2,343.67,0,0,0,0,14692
617.39,345.12,0,0,0,0,14693
607.3,347.5,0,0,0,0,14694
597.66,349.18,0,0,0,0,14695
937.08,400.54,0,0,0,0,14776
926.95,389.3,0,0,0,0,14777
921.15,380.68,0,0,0,0,14778
914.2,373.57,0,0,0,0,14779
907.66,365.74,0,0,0,0,14780
901.19,356.89,0,0,0,0,14781
895.06,349.04,0,0,0,0,14782
889.27,340.53,0,0,0,0,14783
883.1,333.09,0,0,0,0,14784
876.58,325.71,0,0,0,0,14785
870.02,318.11,0,0,0,0,14786
863.55,310.39,0,0,0,0,14787
856.81,302.84,0,0,0,0,14788
850.23,294.95,0,0,0,0,14789
840.25,297.61,0,0,0,0,14790
830.38,299.08,0,0,0,0,14791
819.81,301.51,0,0,0,0,14792
810,302.58,0,0,0,0,14793
800.1,303.89,0,0,0,0,14794
789.7,305.96,0,0,0,0,14795
779.63,306.89,0,0,0,0,14796
770.13,309,0,0,0,0,14797
760.62,311.01,0,0,0,0,14798
750.04,312.65,0,0,0,0,14799
740.57,314.72,0,0,0,0,14800
730.86,316.61,0,0,0,0,14801
721.09,318.73,0,0,0,0,14802
710.62,321.14,0,0,0,0,14803
700.03,321.7,0,0,0,0,14804
690.37,323.59,0,0,0,0,14805
680.52,325.58,0,0,0,0,14806
670.57,327.73,0,0,0,0,14807
660.97,329.27,0,0,0,0,14808
651.12,330.73,0,0,0,0,14809
641.4,332.73,0,0,0,0,14810
631.22,333.75,0,0,0,0,14811
621.16,335.56,0,0,0,0,14812
611.29,337.56,0,0,0,0,14813
601.23,339.28,0,0,0,0,14814
591.43,341.41,0,0,0,0,14815
943.96,393.56,0,0,0,0,14898
936.63,386.39,0,0,0,0,14899
930.74,378.42,0,0,0,0,14900
924.1,371.1,0,0,0,0,14901
917.38,363.43,0,0,0,0,14902
911.19,355.54,0,0,0,0,14903
905.2,348.01,0,0,0,0,14904
899.02,340.23,0,0,0,0,14905
893.16,331.58,0,0,0,0,14906
886.72,324.33,0,0,0,0,14907
879.61,316.47,0,0,0,0,14908
873.22,308.52,0,0,0,0,14909
866.75,300.9,0,0,0,0,14910
860.15,293.83,0,0,0,0,14911
853.88,286.13,0,0,0,0,14912
843.08,288.29,0,0,0,0,14913
833.53,289.61,0,0,0,0,14914
823,292.01,0,0,0,0,14915
813.01,292.88,0,0,0,0,14916
803.58,294.92,0,0,0,0,14917
793.15,296.6,0,0,0,0,14918
783.41,297.94,0,0,0,0,14919
773.26,299.42,0,0,0,0,14920
763.59,301.39,0,0,0,0,14921
753.86,303.45,0,0,0,0,14922
743.57,305.5,0,0,0,0,14923
733.48,307.16,0,0,0,0,14924
723.13,309.15,0,0,0,0,14925
713.19,311.48,0,0,0,0,14926
702.83,312.15,0,0,0,0,14927
693.66,314.27,0,0,0,0,14928
683.55,316.35,0,0,0,0,14929
673.94,318.48,0,0,0,0,14930
664.55,319.81,0,0,0,0,14931
654.6,321.57,0,0,0,0,14932
644.62,323.42,0,0,0,0,14933
634.99,324.49,0,0,0,0,14934
625.01,325.72,0,0,0,0,14935
615.14,327.91,0,0,0,0,14936
604.87,329.92,0,0,0,0,14937
595.16,331.68,0,0,0,0,14938
953.77,395.47,0,0,0,0,15022
947.04,384.17,0,0,0,0,15023
940.53,376.67,0,0,0,0,15024
934.01,368.87,0,0,0,0,15025
927.93,361.29,0,0,0,0,15026
921.21,354.23,0,0,0,0,15027
915.28,346.4,0,0,0,0,15028
909.07,338.87,0,0,0,0,15029
902.89,331,0,0,0,0,15030
896.7,322.21,0,0,0,0,15031
889.43,314.53,0,0,0,0,15032
882.77,306.93,0,0,0,0,15033
876.72,299.19,0,0,0,0,15034
870.73,291.91,0,0,0,0,15035
863.84,284.6,0,0,0,0,15036
856.89,276.83,0,0,0,0,15037
846.86,279.05,0,0,0,0,15038
836.78,280.48,0,0,0,0,15039
826.44,282.56,0,0,0,0,15040
816.67,283.58,0,0,0,0,15041
806.8,285.19,0,0,0,0,15042
796.96,287.35,0,0,0,0,15043
786.47,288.62,0,0,0,0,15044
776.74,290.15,0,0,0,0,15045
766.53,291.89,0,0,0,0,15046
756.69,294.12,0,0,0,0,15047
746.82,296.2,0,0,0,0,15048
736.89,297.79,0,0,0,0,15049
726.91,299.66,0,0,0,0,15050
717.25,301.4,0,0,0,0,15051
706.92,303.13,0,0,0,0,15052
696.47,304.44,0,0,0,0,15053
686.75,306.88,0,0,0,0,15054
676.53,308.82,0,0,0,0,15055
666.48,310.03,0,0,0,0,15056
656.71,311.79,0,0,0,0,15057
647.79,313.59,0,0,0,0,15058
638.04,315.32,0,0,0,0,15059
628.31,316.6,0,0,0,0,15060
618.42,318.59,0,0,0,0,15061
608.59,320.47,0,0,0,0,15062
598.82,322.35,0,0,0,0,15063
973.3,399.3,0,0,0,0,15150
963.72,394.46,0,0,0,0,15151
956.96,384.55,0,0,0,0,15152
950.52,374.9,0,0,0,0,15153
944.1,367.53,0,0,0,0,15154
938.35,360.11,0,0,0,0,15155
931.98,352.49,0,0,0,0,15156
925.59,344.69,0,0,0,0,15157
919.12,337.22,0,0,0,0,15158
912.86,329.53,0,0,0,0,15159
906.4,321.81,0,0,0,0,15160
899.15,312.69,0,0,0,0,15161
892.43,304.58,0,0,0,0,15162
886.38,296.59,0,0,0,0,15163
880.39,288.95,0,0,0,0,15164
873.57,281.76,0,0,0,0,15165
866.69,274.8,0,0,0,0,15166
859.64,266.56,0,0,0,0,15167
850.12,269.19,0,0,0,0,15168
840.53,271.31,0,0,0,0,15169
830.38,273.03,0,0,0,0,15170
820.32,274.7,0,0,0,0,15171
810.09,275.87,0,0,0,0,15172
800.31,277.66,0,0,0,0,15173
790.49,279.57,0,0,0,0,15174
780.18,281.08,0,0,0,0,15175
769.98,282.5,0,0,0,0,15176
760.22,284.31,0,0,0,0,15177
750.25,286.51,0,0,0,0,15178
740.82,288.42,0,0,0,0,15179
730.78,289.55,0,0,0,0,15180
720.37,292.02,0,0,0,0,15181
710.57,293.83,0,0,0,0,15182
700.56,294.95,0,0,0,0,15183
689.9,297.5,0,0,0,0,15184
679.95,298.83,0,0,0,0,15185
670.53,300.78,0,0,0,0,15186
660.59,302.12,0,0,0,0,15187
651.03,303.65,0,0,0,0,15188
641.39,305.91,0,0,0,0,15189
631.59,307.16,0,0,0,0,15190
621.9,308.95,0,0,0,0,15191
612.11,310.78,0,0,0,0,15192
602.24,312.93,0,0,0,0,15193
592.36,314.68,0,0,0,0,15194
983.29,401.65,0,0,0,0,15283
974.2,389.4,0,0,0,0,15284
966.91,382.7,0,0,0,0,15285
960.51,375.11,0,0,0,0,15286
953.96,365.65,0,0,0,0,15287
948.42,357.95,0,0,0,0,15288
941.38,350.52,0,0,0,0,15289
935.01,342.94,0,0,0,0,15290
929.12,334.98,0,0,0,0,15291
922.5,326.07,0,0,0,0,15292
915.97,319.01,0,0,0,0,15293
909.05,310.75,0,0,0,0,15294
902.4,303.26,0,0,0,0,15295
896.1,295.38,0,0,0,0,15296
890.25,287.2,0,0,0,0,15297
883.53,279.66,0,0,0,0,15298
876.69,272.25,0,0,0,0,15299
869.94,264.77,0,0,0,0,15300
862.99,256.66,0,0,0,0,15301
853.12,259.12,0,0,0,0,15302
843.6,261.58,0,0,0,0,15303
833.88,263.66,0,0,0,0,15304
823.66,265.31,0,0,0,0,15305
813.41,266.71,0,0,0,0,15306
803.64,268.54,0,0,0,0,15307
793.57,270.03,0,0,0,0,15308
783.86,271.73,0,0,0,0,15309
773.94,273.24,0,0,0,0,15310
763.51,274.79,0,0,0,0,15311
753.83,276.56,0,0,0,0,15312
743.93,278.9,0,0,0,0,15313
734,280.22,0,0,0,0,15314
724.07,282.58,0,0,0,0,15315
714.15,283.86,0,0,0,0,15316
704.64,285.97,0,0,0,0,15317
693.79,287.99,0,0,0,0,15318
684.03,289.27,0,0,0,0,15319
674.04,290.99,0,0,0,0,15320
664.59,292.76,0,0,0,0,15321
654.6,293.67,0,0,0,0,15322
644.2,296.3,0,0,0,0,15323
634.32,297.6,0,0,0,0,15324
624.81,299.32,0,0,0,0,15325
614.38,301.23,0,0,0,0,15326
605.05,303.31,0,0,0,0,15327
595.32,304.81,0,0,0,0,15328
990.17,394.98,0,0,0,0,15419
984.09,387.13,0,0,0,0,15420
977.37,379.73,0,0,0,0,15421
970.6,372.2,0,0,0,0,15422
964.28,364.71,0,0,0,0,15423
958.23,356.73,0,0,0,0,15424
950.95,348.77,0,0,0,0,15425
944.61,340.83,0,0,0,0,15426
938.87,332.76,0,0,0,0,15427
932.52,325.27,0,0,0,0,15428
925.62,316.82,0,0,0,0,15429
918.87,309.78,0,0,0,0,15430
912.04,301.36,0,0,0,0,15431
905.85,294.13,0,0,0,0,15432
899.95,285.84,0,0,0,0,15433
893.41,277.93,0,0,0,0,15434
886.77,270.25,0,0,0,0,15435
880.64,262.5,0,0,0,0,15436
873.92,255.3,0,0,0,0,15437
866.25,247.39,0,0,0,0,15438
856.55,249.19,0,0,0,0,15439
846.54,251.11,0,0,0,0,15440
836.73,253.83,0,0,0,0,15441
826.9,255.85,0,0,0,0,15442
817.01,257.4,0,0,0,0,15443
807.1,258.98,0,0,0,0,15444
797.34,260.78,0,0,0,0,15445
787.29,262.41,0,0,0,0,15446
777.47,263.89,0,0,0,0,15447
767.35,265.56,0,0,0,0,15448
757.08,266.58,0,0,0,0,15449
747.56,269.1,0,0,0,0,15450
737.86,270.84,0,0,0,0,15451
728.29,272.31,0,0,0,0,15452
718.47,274.14,0,0,0,0,15453
707.94,275.75,0,0,0,0,15454
698.35,278.21,0,0,0,0,15455
688.42,279.54,0,0,0,0,15456
677.74,281.77,0,0,0,0,15457
667.66,283.09,0,0,0,0,15458
657.83,284.6,0,0,0,0,15459
647.75,286.83,0,0,0,0,15460
637.92,288.61,0,0,0,0,15461
628.05,289.78,0,0,0,0,15462
618.08,292.26,0,0,0,0,15463
607.66,293.76,0,0,0,0,15464
597.9,294.93,0,0,0,0,15465
1000.7,395.2,0,0,0,0,15559
993.55,385.84,0,0,0,0,15560
987.31,377.7,0,0,0,0,15561
981.06,369.92,0,0,0,0,15562
974.09,362.79,0,0,0,0,15563
967.92,354.14,0,0,0,0,15564
961.39,346.86,0,0,0,0,15565
954.49,339.33,0,0,0,0,15566
948.71,331.05,0,0,0,0,15567
941.8,322.62,0,0,0,0,15568
935.43,314.92,0,0,0,0,15569
928.93,307.51,0,0,0,0,15570
922.07,300.29,0,0,0,0,15571
915.91,292.65,0,0,0,0,15572
909.75,284.88,0,0,0,0,15573
903.78,276.88,0,0,0,0,15574
897.07,268.85,0,0,0,0,15575
890.96,261.04,0,0,0,0,15576
884.17,253.34,0,0,0,0,15577
876.4,245.71,0,0,0,0,15578
849.97,241.64,0,0,0,0,15581
840.14,243.35,0,0,0,0,15582
830.33,245.53,0,0,0,0,15583
820.68,248.02,0,0,0,0,15584
810.79,249.55,0,0,0,0,15585
800.24,251.14,0,0,0,0,15586
790.66,252.99,0,0,0,0,15587
780.61,254.4,0,0,0,0,15588
770.74,255.87,0,0,0,0,15589
761.24,257.63,0,0,0,0,15590
751.22,258.4,0,0,0,0,15591
741.43,260.84,0,0,0,0,15592
731.67,262.89,0,0,0,0,15593
721.74,264.7,0,0,0,0,15594
711.74,266.71,0,0,0,0,15595
701.35,268.06,0,0,0,0,15596
691.52,270.03,0,0,0,0,15597
681.3,272.26,0,0,0,0,15598
671.65,274.06,0,0,0,0,15599
660.61,275.13,0,0,0,0,15600
650.74,277.39,0,0,0,0,15601
640.89,279.06,0,0,0,0,15602
631.19,280.55,0,0,0,0,15603
621.01,282.56,0,0,0,0,15604
611.72,284.95,0,0,0,0,15605
601.42,285.93,0,0,0,0,15606
591.82,287.48,0,0,0,0,15607
1017.4,400.43,0,0,0,0,15700
1010.7,392.97,0,0,0,0,15701
1003.4,383.94,0,0,0,0,15702
997.31,375.46,0,0,0,0,15703
990.68,368.39,0,0,0,0,15704
983.76,360.42,0,0,0,0,15705
977.54,352.35,0,0,0,0,15706
971.24,344.64,0,0,0,0,15707
964.76,337.74,0,0,0,0,15708
958.69,329.81,0,0,0,0,15709
952.04,321.63,0,0,0,0,15710
945.85,313.51,0,0,0,0,15711
938.86,305.64,0,0,0,0,15712
932.65,298.18,0,0,0,0,15713
925.78,291.02,0,0,0,0,15714
919.53,283.31,0,0,0,0,15715
913.2,275.49,0,0,0,0,15716
906.87,267.21,0,0,0,0,15717
900.43,259,0,0,0,0,15718
893.33,250.98,0,0,0,0,15719
886.43,243.67,0,0,0,0,15720
803.78,241.74,0,0,0,0,15729
794.04,243.4,0,0,0,0,15730
784.42,244.49,0,0,0,0,15731
774.53,246.37,0,0,0,0,15732
764.37,248.16,0,0,0,0,15733
755.09,249.44,0,0,0,0,15734
744.82,251.4,0,0,0,0,15735
735.06,253.26,0,0,0,0,15736
725.14,255.11,0,0,0,0,15737
715.37,256.96,0,0,0,0,15738
705.55,258.85,0,0,0,0,15739
695.32,260.46,0,0,0,0,15740
684.91,261.93,0,0,0,0,15741
675.1,264.24,0,0,0,0,15742
665.5,266.53,0,0,0,0,15743
654.21,267.54,0,0,0,0,15744
644.56,269.65,0,0,0,0,15745
634.2,270.9,0,0,0,0,15746
624.67,273.08,0,0,0,0,15747
614.77,274.87,0,0,0,0,15748
605.23,276.79,0,0,0,0,15749
595.29,277.94,0,0,0,0,15750
1027.5,400.49,0,0,0,0,15845
1022.2,392.01,0,0,0,0,15846
1013.8,383.18,0,0,0,0,15847
1007.2,374.13,0,0,0,0,15848
1000.2,366.39,0,0,0,0,15849
993.39,358.74,0,0,0,0,15850
986.98,350.85,0,0,0,0,15851
981.1,342.93,0,0,0,0,15852
974.7,335.12,0,0,0,0,15853
968.34,326.93,0,0,0,0,15854
962.1,319.27,0,0,0,0,15855
955.73,312,0,0,0,0,15856
949.22,304.25,0,0,0,0,15857
942.7,296.5,0,0,0,0,15858
935.48,288.53,0,0,0,0,15859
929.1,281.01,0,0,0,0,15860
923.01,273.58,0,0,0,0,15861
916.7,265.39,0,0,0,0,15862
910.12,256.83,0,0,0,0,15863
903.55,249.52,0,0,0,0,15864
896.53,241.84,0,0,0,0,15865
748.6,242.13,0,0,0,0,15881
738.24,244,0,0,0,0,15882
728.41,245.82,0,0,0,0,15883
718.59,247.3,0,0,0,0,15884
708.62,249.16,0,0,0,0,15885
698.83,251.34,0,0,0,0,15886
689.1,252.73,0,0,0,0,15887
678.04,254.68,0,0,0,0,15888
668.5,256.86,0,0,0,0,15889
658.85,259.03,0,0,0,0,15890
647.66,260.07,0,0,0,0,15891
637.98,261.91,0,0,0,0,15892
628.11,262.75,0,0,0,0,15893
618.12,265.45,0,0,0,0,15894
608.37,267.25,0,0,0,0,15895
598.38,268.67,0,0,0,0,15896
1037.5,400.52,0,0,0,0,15993
1031.3,389.92,0,0,0,0,15994
1023.3,380.86,0,0,0,0,15995
1017.1,372.52,0,0,0,0,15996
1010.1,364.79,0,0,0,0,15997
1003.1,356.99,0,0,0,0,15998
997,349.06,0,0,0,0,15999
991.12,341.2,0,0,0,0,16000
984.96,333.21,0,0,0,0,16001
978.29,325.64,0,0,0,0,16002
971.88,317.84,0,0,0,0,16003
965.68,310.02,0,0,0,0,16004
958.92,302.53,0,0,0,0,16005
952.55,294.74,0,0,0,0,16006
945.45,286.59,0,0,0,0,16007
939.24,279.34,0,0,0,0,16008
932.36,271.82,0,0,0,0,16009
926.61,263.82,0,0,0,0,16010
920.01,255.31,0,0,0,0,16011
913.51,247.93,0,0,0,0,16012
701.23,241.89,0,0,0,0,16035
691.98,243.2,0,0,0,0,16036
681.94,245.59,0,0,0,0,16037
671.33,247.43,0,0,0,0,16038
660.71,249.13,0,0,0,0,16039
650.98,250.8,0,0,0,0,16040
641.37,252.38,0,0,0,0,16041
631.52,253.55,0,0,0,0,16042
622.33,255.49,0,0,0,0,16043
611.97,257.38,0,0,0,0,16044
602.11,259.7,0,0,0,0,16045
592.02,261.11,0,0,0,0,16046
1045.6,394.57,0,0,0,0,16144
1040.5,386.32,0,0,0,0,16145
1033.3,379.68,0,0,0,0,16146
1026.9,371.49,0,0,0,0,16147
1020,362.85,0,0,0,0,16148
1013.1,355.71,0,0,0,0,16149
1007,347.81,0,0,0,0,16150
1001.3,339.53,0,0,0,0,16151
994.8,332.14,0,0,0,0,16152
988.36,323.93,0,0,0,0,16153
982.13,315.94,0,0,0,0,16154
975.6,308.56,0,0,0,0,16155
968.69,300.4,0,0,0,0,16156
962.36,292.5,0,0,0,0,16157
955.58,284.77,0,0,0,0,16158
948.95,277.07,0,0,0,0,16159
942.08,269.48,0,0,0,0,16160
936.17,261.28,0,0,0,0,16161
930,253.43,0,0,0,0,16162
923.24,245.91,0,0,0,0,16163
654.94,241.15,0,0,0,0,16192
645.06,242.75,0,0,0,0,16193
635.3,244.29,0,0,0,0,16194
625.63,246.29,0,0,0,0,16195
615.76,248.38,0,0,0,0,16196
605.34,250.21,0,0,0,0,16197
595.53,251.74,0,0,0,0,16198
1055.4,396.04,0,0,0,0,16297
1050.3,385.8,0,0,0,0,16298
1043.2,376.92,0,0,0,0,16299
1036.7,369.41,0,0,0,0,16300
1030.2,361.39,0,0,0,0,16301
1022.7,353.06,0,0,0,0,16302
1017.4,344.88,0,0,0,0,16303
1011.4,337.81,0,0,0,0,16304
1004.8,330.05,0,0,0,0,16305
998.37,322.51,0,0,0,0,16306
991.75,314.42,0,0,0,0,16307
985.21,305.33,0,0,0,0,16308
978.8,298.55,0,0,0,0,16309
971.93,290.98,0,0,0,0,16310
965.48,282.89,0,0,0,0,16311
959.04,275.59,0,0,0,0,16312
952.9,267.95,0,0,0,0,16313
946.44,260.32,0,0,0,0,16314
939.85,252.37,0,0,0,0,16315
933,243.77,0,0,0,0,16316
609.11,240.88,0,0,0,0,16351
599.37,242.32,0,0,0,0,16352
1074.3,401.44,0,0,0,0,16454
1066,395.7,0,0,0,0,16455
1060.2,387.17,0,0,0,0,16456
1053.8,376.3,0,0,0,0,16457
1046.6,367.35,0,0,0,0,16458
1039.9,359.38,0,0,0,0,16459
1032.8,351.76,0,0,0,0,16460
1027.4,343.22,0,0,0,0,16461
1021.5,335.69,0,0,0,0,16462
1014.6,328.29,0,0,0,0,16463
1008.4,320.17,0,0,0,0,16464
1001.3,312.4,0,0,0,0,16465
994.64,304.45,0,0,0,0,16466
988.4,295.96,0,0,0,0,16467
981.56,289.14,0,0,0,0,16468
975.6,281.16,0,0,0,0,16469
969.23,273.71,0,0,0,0,16470
963.15,266.15,0,0,0,0,16471
956.3,258.64,0,0,0,0,16472
949.53,251.11,0,0,0,0,16473
943.23,243.03,0,0,0,0,16474
1085.2,401.77,0,0,0,0,16615
1073.8,389.49,0,0,0,0,16616
1068.5,381.12,0,0,0,0,16617
1063,372.81,0,0,0,0,16618
1056.5,365.05,0,0,0,0,16619
1050,357.23,0,0,0,0,16620
1043.4,350.3,0,0,0,0,16621
1037.5,342.33,0,0,0,0,16622
1031.4,334.12,0,0,0,0,16623
1024.7,326.41,0,0,0,0,16624
1018,317.97,0,0,0,0,16625
1011.1,310.6,0,0,0,0,16626
1004.6,303.22,0,0,0,0,16627
998.47,295.07,0,0,0,0,16628
992.58,287,0,0,0,0,16629
985.54,279.88,0,0,0,0,16630
979.29,271.95,0,0,0,0,16631
973.14,263.59,0,0,0,0,16632
966.07,256.48,0,0,0,0,16633
959.19,248.34,0,0,0,0,16634
952.85,240.87,0,0,0,0,16635
1092.5,395.14,0,0,0,0,16778
1086.4,387.07,0,0,0,0,16779
1079.2,379.53,0,0,0,0,16780
1073,371.79,0,0,0,0,16781
1066.6,363.77,0,0,0,0,16782
1060,355.72,0,0,0,0,16783
1053.7,347.98,0,0,0,0,16784
1047.6,339.98,0,0,0,0,16785
1041.1,332.57,0,0,0,0,16786
1034.4,324.18,0,0,0,0,16787
1028,316.65,0,0,0,0,16788
1021.7,308.82,0,0,0,0,16789
1015.3,301.88,0,0,0,0,16790
1008.4,294.18,0,0,0,0,16791
1002.6,286.08,0,0,0,0,16792
995.82,277.54,0,0,0,0,16793
989.03,270.26,0,0,0,0,16794
982.99,262.2,0,0,0,0,16795
975.87,254.6,0,0,0,0,16796
969.11,246.59,0,0,0,0,16797
1102.2,396.93,0,0,0,0,16944
1096.2,385.75,0,0,0,0,16945
1089,377.34,0,0,0,0,16946
1083.4,369.15,0,0,0,0,16947
1076.5,362.16,0,0,0,0,16948
1070.2,354.41,0,0,0,0,16949
1064.2,345.72,0,0,0,0,16950
1057.5,338.54,0,0,0,0,16951
1050.5,330.29,0,0,0,0,16952
1043.7,322.63,0,0,0,0,16953
1037.6,314.94,0,0,0,0,16954
1031.9,307.13,0,0,0,0,16955
1025.3,299.81,0,0,0,0,16956
1018.2,292.13,0,0,0,0,16957
1012.5,284.13,0,0,0,0,16958
1005.9,276.65,0,0,0,0,16959
999.72,268.82,0,0,0,0,16960
993.02,261.03,0,0,0,0,16961
985.87,252.55,0,0,0,0,16962
979.18,245.2,0,0,0,0,16963
1119.7,399.91,0,0,0,0,17113
1111.7,393.75,0,0,0,0,17114
1105.8,383.83,0,0,0,0,17115
1099.2,376.13,0,0,0,0,17116
1093.6,367.98,0,0,0,0,17117
1086.7,360.32,0,0,0,0,17118
1080.5,352.76,0,0,0,0,17119
1074.2,345.16,0,0,0,0,17120
1067.3,336.31,0,0,0,0,17121
1059.8,327.92,0,0,0,0,17122
1053.6,320.55,0,0,0,0,17123
1047.5,313.38,0,0,0,0,17124
1041.9,304.76,0,0,0,0,17125
1035.2,297.97,0,0,0,0,17126
1028.3,290.3,0,0,0,0,17127
1022.1,282.27,0,0,0,0,17128
1015.9,274.83,0,0,0,0,17129
1009.9,267.01,0,0,0,0,17130
1002.7,259.7,0,0,0,0,17131
995.74,250.8,0,0,0,0,17132
989.07,243.4,0,0,0,0,17133
1129.5,399.44,0,0,0,0,17286
1123,390.45,0,0,0,0,17287
1115.6,382.14,0,0,0,0,17288
1109.3,374.44,0,0,0,0,17289
1103.3,365.53,0,0,0,0,17290
1096.8,359.02,0,0,0,0,17291
1090.4,351.43,0,0,0,0,17292
1084.2,343.55,0,0,0,0,17293
1077.2,335.51,0,0,0,0,17294
1070,326.42,0,0,0,0,17295
1063.6,318.84,0,0,0,0,17296
1057.4,311.33,0,0,0,0,17297
1051.5,303.53,0,0,0,0,17298
1045.2,295.47,0,0,0,0,17299
1038.1,288.35,0,0,0,0,17300
1031.6,280.48,0,0,0,0,17301
1025.5,272.77,0,0,0,0,17302
1019.1,264.21,0,0,0,0,17303
1012.3,257.68,0,0,0,0,17304
1005.6,250.07,0,0,0,0,17305
999.28,241.85,0,0,0,0,17306
1138.6,396.39,0,0,0,0,17461
1132.7,388.21,0,0,0,0,17462
1126.1,380.65,0,0,0,0,17463
1119.1,372.61,0,0,0,0,17464
1113.6,364.21,0,0,0,0,17465
1107.6,356.54,0,0,0,0,17466
1100.3,349.81,0,0,0,0,17467
1093.7,342.08,0,0,0,0,17468
1087.2,333.27,0,0,0,0,17469
1080.1,325.76,0,0,0,0,17470
1073.6,317.11,0,0,0,0,17471
1067.4,309.23,0,0,0,0,17472
1061,301.57,0,0,0,0,17473
1054.7,293.16,0,0,0,0,17474
1048.3,285.77,0,0,0,0,17475
1041.4,278.44,0,0,0,0,17476
1035.6,271.03,0,0,0,0,17477
1029.2,263.41,0,0,0,0,17478
1022.6,255.44,0,0,0,0,17479
1015.4,248.04,0,0,0,0,17480
1009.2,240.4,0,0,0,0,17481
1148.5,395.67,0,0,0,0,17637
1142.2,387.29,0,0,0,0,17638
1136.7,379.06,0,0,0,0,17639
1129.9,371.01,0,0,0,0,17640
1123.7,363.26,0,0,0,0,17641
1117.8,355.14,0,0,0,0,17642
1111.5,347.11,0,0,0,0,17643
1103.5,340.35,0,0,0,0,17644
1097.3,332.53,0,0,0,0,17645
1091.3,324.22,0,0,0,0,17646
1083.8,316.61,0,0,0,0,17647
1077.8,308.31,0,0,0,0,17648
1070.7,299.6,0,0,0,0,17649
1064.6,292.01,0,0,0,0,17650
1058.5,284.1,0,0,0,0,17651
1052.1,276.63,0,0,0,0,17652
1045.5,269.31,0,0,0,0,17653
1038.9,261.99,0,0,0,0,17654
1032.6,253.91,0,0,0,0,17655
1026,246.43,0,0,0,0,17656
1165.9,400.6,0,0,0,0,17813
1158.4,394.43,0,0,0,0,17814
1152.1,386.43,0,0,0,0,17815
1146.2,378.32,0,0,0,0,17816
1140,369.54,0,0,0,0,17817
1133.6,361.84,0,0,0,0,17818
1127.3,353.85,0,0,0,0,17819
1120.7,344.33,0,0,0,0,17820
1112.9,337.15,0,0,0,0,17821
1106.5,329.2,0,0,0,0,17822
1100.9,321.37,0,0,0,0,17823
1093.9,314.72,0,0,0,0,17824
1087.6,307.13,0,0,0,0,17825
1081.3,299.3,0,0,0,0,17826
1074,290.6,0,0,0,0,17827
1068.5,283.04,0,0,0,0,17828
1062.5,274.65,0,0,0,0,17829
1056.1,267.54,0,0,0,0,17830
1049.3,260.39,0,0,0,0,17831
1042.6,252.66,0,0,0,0,17832
1036.2,244.93,0,0,0,0,17833
1175.6,399.05,0,0,0,0,17990
1169.5,391.25,0,0,0,0,17991
1162,384.84,0,0,0,0,17992
1156.1,376.81,0,0,0,0,17993
1149.8,368.98,0,0,0,0,17994
1143,359.93,0,0,0,0,17995
1136.9,352.34,0,0,0,0,17996
1130.5,344.25,0,0,0,0,17997
1122.4,334.75,0,0,0,0,17998
1116.3,327.44,0,0,0,0,17999
1110.6,318.95,0,0,0,0,18000
1103.5,311.61,0,0,0,0,18001
1097.2,304.04,0,0,0,0,18002
1090.9,296.66,0,0,0,0,18003
1084,289.46,0,0,0,0,18004
1078.5,281.08,0,0,0,0,18005
1072.4,273.56,0,0,0,0,18006
1066.4,265.34,0,0,0,0,18007
1059.5,258.37,0,0,0,0,18008
1052.6,251.07,0,0,0,0,18009
1045.7,243.19,0,0,0,0,18010
1185.4,396.94,0,0,0,0,18167
1179.3,388.84,0,0,0,0,18168
1172.8,381.72,0,0,0,0,18169
1165.7,373.98,0,0,0,0,18170
1158.7,365.75,0,0,0,0,18171
1152.5,358.24,0,0,0,0,18172
1146.7,350.49,0,0,0,0,18173
1140.2,343.07,0,0,0,0,18174
1132.6,334.26,0,0,0,0,18175
1126.8,326.22,0,0,0,0,18176
1120,317.9,0,0,0,0,18177
1114.3,309.61,0,0,0,0,18178
1107.6,301.87,0,0,0,0,18179
1101.4,294.37,0,0,0,0,18180
1094.2,287.38,0,0,0,0,18181
1088.3,279.61,0,0,0,0,18182
1082.3,272.03,0,0,0,0,18183
1076.2,264.12,0,0,0,0,18184
1069.6,256.04,0,0,0,0,18185
1062.5,248.79,0,0,0,0,18186
1055.6,241.49,0,0,0,0,18187
1195.4,395.35,0,0,0,0,18344
1189.1,387.95,0,0,0,0,18345
1182.7,380.1,0,0,0,0,18346
1176,372.41,0,0,0,0,18347
1168.5,364.36,0,0,0,0,18348
1162.3,356.36,0,0,0,0,18349
1156.6,348.49,0,0,0,0,18350
1150,340.82,0,0,0,0,18351
1142.7,333.66,0,0,0,0,18352
1137.1,325.38,0,0,0,0,18353
1129.5,317.08,0,0,0,0,18354
1124,308.74,0,0,0,0,18355
1118.1,300.38,0,0,0,0,18356
1111.9,292.96,0,0,0,0,18357
1105.1,285.2,0,0,0,0,18358
1098.5,278.35,0,0,0,0,18359
1092.3,270.69,0,0,0,0,18360
1086.2,262.79,0,0,0,0,18361
1079.7,254.78,0,0,0,0,18362
1072.2,246.63,0,0,0,0,18363
1205.3,394.25,0,0,0,0,18522
1198.9,386.04,0,0,0,0,18523
1192.6,378.54,0,0,0,0,18524
1186,370.66,0,0,0,0,18525
1179.4,362.91,0,0,0,0,18526
1172.3,355.17,0,0,0,0,18527
1166.3,347.13,0,0,0,0,18528
1159.4,339.02,0,0,0,0,18529
1152.5,331.16,0,0,0,0,18530
1146.6,322.91,0,0,0,0,18531
1140.1,315.99,0,0,0,0,18532
1133.8,308.04,0,0,0,0,18533
1128.1,299.61,0,0,0,0,18534
1121.3,291.3,0,0,0,0,18535
1114.9,283.49,0,0,0,0,18536
1108.3,276.02,0,0,0,0,18537
1102.3,268.47,0,0,0,0,18538
1096,260.61,0,0,0,0,18539
1089.5,253.4,0,0,0,0,18540
1082,244.54,0,0,0,0,18541
1209.1,385.16,0,0,0,0,18702
1202.9,377.1,0,0,0,0,18703
1196.3,369.29,0,0,0,0,18704
1189.2,361.44,0,0,0,0,18705
1182.6,353.59,0,0,0,0,18706
1176.1,345.46,0,0,0,0,18707
1169.2,337.38,0,0,0,0,18708
1162.4,329.26,0,0,0,0,18709
1156,321.37,0,0,0,0,18710
1149.8,313.61,0,0,0,0,18711
1143.6,306.21,0,0,0,0,18712
1138.1,297.62,0,0,0,0,18713
1131.6,290.11,0,0,0,0,18714
1124.8,282.27,0,0,0,0,18715
1118.4,274.74,0,0,0,0,18716
1111.9,266.82,0,0,0,0,18717
1105.7,258.83,0,0,0,0,18718
1098.9,250.53,0,0,0,0,18719
1091.9,243.77,0,0,0,0,18720
1206.1,366.57,0,0,0,0,18884
1199.3,359.45,0,0,0,0,18885
1192.7,352.16,0,0,0,0,18886
1186.1,344.38,0,0,0,0,18887
1179.1,335.49,0,0,0,0,18888
1172.2,327.53,0,0,0,0,18889
1165.7,319.7,0,0,0,0,18890
1159.6,311.87,0,0,0,0,18891
1153.5,304.57,0,0,0,0,18892
1147.4,296.54,0,0,0,0,18893
1140.8,288.34,0,0,0,0,18894
1134.8,280.28,0,0,0,0,18895
1128.3,272.75,0,0,0,0,18896
1121.8,265.48,0,0,0,0,18897
1115.2,257.51,0,0,0,0,18898
1108.5,249.1,0,0,0,0,18899
1101.6,241.26,0,0,0,0,18900
1209.1,357.04,0,0,0,0,19067
1202.5,350.17,0,0,0,0,19068
1195.9,342.56,0,0,0,0,19069
1189,334.25,0,0,0,0,19070
1182.4,326.11,0,0,0,0,19071
1175.6,318.42,0,0,0,0,19072
1169.6,310.48,0,0,0,0,19073
1163.6,302.79,0,0,0,0,19074
1157.4,295.07,0,0,0,0,19075
1150.9,287.06,0,0,0,0,19076
1144.7,279.13,0,0,0,0,19077
1138.2,271.12,0,0,0,0,19078
1131.5,263.32,0,0,0,0,19079
1124.9,255.78,0,0,0,0,19080
1118,247.2,0,0,0,0,19081
1206.3,340.93,0,0,0,0,19252
1199.2,333.15,0,0,0,0,19253
1192.6,323.78,0,0,0,0,19254
1186,317.19,0,0,0,0,19255
1179.5,309.35,0,0,0,0,19256
1173.8,301.26,0,0,0,0,19257
1167.3,293.5,0,0,0,0,19258
1161.3,285.3,0,0,0,0,19259
1154.7,276.78,0,0,0,0,19260
1148.2,269.23,0,0,0,0,19261
1141.3,261.64,0,0,0,0,19262
1134.7,253.79,0,0,0,0,19263
1128.1,246.16,0,0,0,0,19264
1209,330.87,0,0,0,0,19439
1202.6,323.32,0,0,0,0,19440
1196.4,314.82,0,0,0,0,19441
1189.5,307.83,0,0,0,0,19442
1183.6,299.65,0,0,0,0,19443
1177.8,291.51,0,0,0,0,19444
1171,284.19,0,0,0,0,19445
1164.4,275.76,0,0,0,0,19446
1158.3,267.44,0,0,0,0,19447
1151.5,259.85,0,0,0,0,19448
1144.8,252.4,0,0,0,0,19449
1137.8,244.25,0,0,0,0,19450
1206.4,313.94,0,0,0,0,19628
1199.8,305.71,0,0,0,0,19629
1193.2,297.65,0,0,0,0,19630
1187.6,289.68,0,0,0,0,19631
1180.6,282.06,0,0,0,0,19632
1174.1,273.78,0,0,0,0,19633
1168.2,265.61,0,0,0,0,19634
1161.6,257.99,0,0,0,0,19635
1154.9,250.46,0,0,0,0,19636
1148,242.96,0,0,0,0,19637
1203.1,296.06,0,0,0,0,19818
1197.3,287.49,0,0,0,0,19819
1190.6,280.34,0,0,0,0,19820
1184.1,272.71,0,0,0,0,19821
1178,264.54,0,0,0,0,19822
1171.3,256.32,0,0,0,0,19823
1165.1,248.85,0,0,0,0,19824
1158.8,241.1,0,0,0,0,19825
1207.1,286.37,0,0,0,0,20005
1201,278.47,0,0,0,0,20006
1194.4,271.1,0,0,0,0,20007
1187.8,262.84,0,0,0,0,20008
1181.1,254.7,0,0,0,0,20009
1174.7,246.81,0,0,0,0,20010
1203.9,268.91,0,0,0,0,20186
1197.9,261.2,0,0,0,0,20187
1190.9,253.45,0,0,0,0,20188
1184.5,245.25,0,0,0,0,20189
1207.5,259.72,0,0,0,0,20362
1201,251.75,0,0,0,0,20363
1194.2,244.16,0,0,0,0,20364
1203.8,241.25,0,0,0,0,20534
