400,300,5.5
818.68,559.02,0,0,0,0,1865
808.38,556.97,0,0,0,0,1866
797.77,554.32,0,0,0,0,1867
848.02,557.34,0,0,0,0,1973
837.53,553.94,0,0,0,0,1974
826.55,551.73,0,0,0,0,1975
816.09,548.61,0,0,0,0,1976
805.23,546.24,0,0,0,0,1977
794.45,543.1,0,0,0,0,1978
888.51,558.54,0,0,0,0,2084
878.07,555.67,0,0,0,0,2085
867.71,553.24,0,0,0,0,2086
857.26,550.03,0,0,0,0,2087
845.63,546.79,0,0,0,0,2088
833.94,543.9,0,0,0,0,2089
823.44,540.36,0,0,0,0,2090
812.74,538.1,0,0,0,0,2091
802.13,535.23,0,0,0,0,2092
791.43,532.36,0,0,0,0,2093
928.31,559.65,0,0,0,0,2197
918.07,555.85,0,0,0,0,2198
907.44,553.15,0,0,0,0,2199
896.66,550.28,0,0,0,0,2200
886.16,547.52,0,0,0,0,2201
874.86,545.25,0,0,0,0,2202
864.42,541.55,0,0,0,0,2203
853.74,539.36,0,0,0,0,2204
842.19,536.44,0,0,0,0,2205
831.77,533.06,0,0,0,0,2206
820.59,529.91,0,0,0,0,2207
809.57,527.36,0,0,0,0,2208
799.06,524.43,0,0,0,0,2209
968.98,559.6,0,0,0,0,2313
958.45,556.82,0,0,0,0,2314
947.49,554.38,0,0,0,0,2315
936.85,551.7,0,0,0,0,2316
926.12,548.47,0,0,0,0,2317
914.34,544.84,0,0,0,0,2318
904.06,542.11,0,0,0,0,2319
893.51,539.98,0,0,0,0,2320
882.05,537.12,0,0,0,0,2321
871.79,533.96,0,0,0,0,2322
861.06,531.17,0,0,0,0,2323
850.47,528.28,0,0,0,0,2324
839.89,525.06,0,0,0,0,2325
829.02,522.56,0,0,0,0,2326
817.19,519.4,0,0,0,0,2327
806.91,516.91,0,0,0,0,2328
796.41,513.73,0,0,0,0,2329
997.93,557.88,0,0,0,0,2434
987.05,554.95,0,0,0,0,2435
976.45,551.71,0,0,0,0,2436
965.65,549.05,0,0,0,0,2437
954.82,546.5,0,0,0,0,2438
944.4,543.45,0,0,0,0,2439
933.22,540.11,0,0,0,0,2440
922.69,537.68,0,0,0,0,2441
912.11,534.14,0,0,0,0,2442
900.51,531.73,0,0,0,0,2443
889.81,529.32,0,0,0,0,2444
879.3,525.92,0,0,0,0,2445
868.85,523.26,0,0,0,0,2446
858.34,520.55,0,0,0,0,2447
847.79,517.55,0,0,0,0,2448
836.82,514.71,0,0,0,0,2449
826.07,511.96,0,0,0,0,2450
815.77,508.69,0,0,0,0,2451
805.14,505.86,0,0,0,0,2452
794.04,503.15,0,0,0,0,2453
1015.9,552.31,0,0,0,0,2559
1005.6,550.04,0,0,0,0,2560
994.81,547.16,0,0,0,0,2561
984.34,544.05,0,0,0,0,2562
973.08,541.03,0,0,0,0,2563
962.59,538.68,0,0,0,0,2564
952,535.67,0,0,0,0,2565
941.28,532.97,0,0,0,0,2566
930.8,529.52,0,0,0,0,2567
919.71,526.84,0,0,0,0,2568
908.87,524.09,0,0,0,0,2569
898.19,521.09,0,0,0,0,2570
887.18,518.14,0,0,0,0,2571
876.6,515.59,0,0,0,0,2572
865.95,512.77,0,0,0,0,2573
855.58,509.89,0,0,0,0,2574
844.82,506.74,0,0,0,0,2575
833.83,504.17,0,0,0,0,2576
823.37,500.48,0,0,0,0,2577
812.89,497.23,0,0,0,0,2578
802.42,495.29,0,0,0,0,2579
790.24,492.83,0,0,0,0,2580
1026.6,555.22,0,0,0,0,2685
1023.7,544.81,0,0,0,0,2686
1013.6,541.56,0,0,0,0,2687
1002.6,539.38,0,0,0,0,2688
991.95,536.01,0,0,0,0,2689
981.54,533.26,0,0,0,0,2690
970.4,530.36,0,0,0,0,2691
959.86,528.11,0,0,0,0,2692
948.8,525.06,0,0,0,0,2693
938.6,521.91,0,0,0,0,2694
926.94,518.5,0,0,0,0,2695
916.54,516.12,0,0,0,0,2696
905.9,513.25,0,0,0,0,2697
895.17,510.56,0,0,0,0,2698
884.67,507.56,0,0,0,0,2699
874.35,504.99,0,0,0,0,2700
863.55,502.43,0,0,0,0,2701
852.94,499.63,0,0,0,0,2702
841.68,496.27,0,0,0,0,2703
831.2,493.1,0,0,0,0,2704
820.37,489.31,0,0,0,0,2705
809.66,486.51,0,0,0,0,2706
798.73,484.97,0,0,0,0,2707
1037.2,558.69,0,0,0,0,2810
1034.7,547.98,0,0,0,0,2811
1032,537.38,0,0,0,0,2812
1021.7,534.41,0,0,0,0,2813
1010.6,531.72,0,0,0,0,2814
1000,528.3,0,0,0,0,2815
989.51,525.12,0,0,0,0,2816
978.78,522.53,0,0,0,0,2817
967.33,519.47,0,0,0,0,2818
956.83,517.4,0,0,0,0,2819
946.36,514.03,0,0,0,0,2820
935.69,511.3,0,0,0,0,2821
924.73,508.06,0,0,0,0,2822
913.92,505.69,0,0,0,0,2823
903.13,502.42,0,0,0,0,2824
892.47,500.04,0,0,0,0,2825
881.69,496.17,0,0,0,0,2826
871.21,494.4,0,0,0,0,2827
860.67,491.6,0,0,0,0,2828
849.98,488.98,0,0,0,0,2829
838.94,484.98,0,0,0,0,2830
828.46,481.86,0,0,0,0,2831
817.19,479.05,0,0,0,0,2832
806.66,476.27,0,0,0,0,2833
795.99,474.31,0,0,0,0,2834
1045.1,550.92,0,0,0,0,2935
1042.6,540.45,0,0,0,0,2936
1040,529.65,0,0,0,0,2937
1029.2,526.33,0,0,0,0,2938
1018.7,523.92,0,0,0,0,2939
1008.2,520.97,0,0,0,0,2940
997.73,517.49,0,0,0,0,2941
987.19,514.72,0,0,0,0,2942
976.36,511.89,0,0,0,0,2943
965.25,508.92,0,0,0,0,2944
954.2,506.1,0,0,0,0,2945
943.69,503.02,0,0,0,0,2946
932.41,500.19,0,0,0,0,2947
921.9,497.77,0,0,0,0,2948
911.32,494.73,0,0,0,0,2949
900.55,491.91,0,0,0,0,2950
890.14,489.13,0,0,0,0,2951
879.48,485.73,0,0,0,0,2952
868.9,483.04,0,0,0,0,2953
858.45,481.11,0,0,0,0,2954
847,478.18,0,0,0,0,2955
835.89,473.96,0,0,0,0,2956
824.67,471.09,0,0,0,0,2957
814.11,468.3,0,0,0,0,2958
803.61,465.91,0,0,0,0,2959
792.66,463.17,0,0,0,0,2960
1056,553.35,0,0,0,0,3055
1053.4,542.81,0,0,0,0,3056
1050.4,532.33,0,0,0,0,3057
1047.6,521.84,0,0,0,0,3058
1036.7,518.44,0,0,0,0,3059
1026.8,515.24,0,0,0,0,3060
1016.2,513.28,0,0,0,0,3061
1005.5,510.39,0,0,0,0,3062
995.09,506.9,0,0,0,0,3063
983.79,504.05,0,0,0,0,3064
973.08,501.47,0,0,0,0,3065
961.91,498.36,0,0,0,0,3066
951.28,495.44,0,0,0,0,3067
940.87,491.97,0,0,0,0,3068
930.36,489.74,0,0,0,0,3069
919.42,487.07,0,0,0,0,3070
908.05,484.26,0,0,0,0,3071
897.51,481.01,0,0,0,0,3072
887.07,477.76,0,0,0,0,3073
876.23,474.84,0,0,0,0,3074
865.47,472.22,0,0,0,0,3075
854.89,470.46,0,0,0,0,3076
844.26,467.47,0,0,0,0,3077
832.43,463.83,0,0,0,0,3078
821.79,460.49,0,0,0,0,3079
811.16,458.12,0,0,0,0,3080
800.81,455.49,0,0,0,0,3081
790.35,452.15,0,0,0,0,3082
1067,556.43,0,0,0,0,3172
1064.7,545.73,0,0,0,0,3173
1061.1,534.57,0,0,0,0,3174
1058.3,523.76,0,0,0,0,3175
1054.9,513.57,0,0,0,0,3176
1044.5,510.79,0,0,0,0,3177
1034,507.45,0,0,0,0,3178
1023.4,505,0,0,0,0,3179
1012.8,502.44,0,0,0,0,3180
1002.7,498.96,0,0,0,0,3181
991.36,496.32,0,0,0,0,3182
980.75,493.68,0,0,0,0,3183
969.73,491.24,0,0,0,0,3184
958.23,487.28,0,0,0,0,3185
947.98,484.35,0,0,0,0,3186
937.53,481.43,0,0,0,0,3187
926.99,479.09,0,0,0,0,3188
915.85,476.63,0,0,0,0,3189
905.43,473.24,0,0,0,0,3190
895.11,470.3,0,0,0,0,3191
884.29,467.22,0,0,0,0,3192
873.5,464.39,0,0,0,0,3193
862.71,461.46,0,0,0,0,3194
851.12,459.22,0,0,0,0,3195
840.55,456.41,0,0,0,0,3196
829.46,453.14,0,0,0,0,3197
818.89,449.95,0,0,0,0,3198
808.35,447.41,0,0,0,0,3199
797.9,444.18,0,0,0,0,3200
1077.6,559.42,0,0,0,0,3285
1075.3,548.25,0,0,0,0,3286
1072.4,537.45,0,0,0,0,3287
1068.9,526.52,0,0,0,0,3288
1065.9,516.21,0,0,0,0,3289
1062.9,505.64,0,0,0,0,3290
1051.9,502.56,0,0,0,0,3291
1041.6,499.48,0,0,0,0,3292
1030.9,496.94,0,0,0,0,3293
1020.6,494.52,0,0,0,0,3294
1009.8,491.09,0,0,0,0,3295
998.87,488.28,0,0,0,0,3296
987.99,485.69,0,0,0,0,3297
977.23,483.5,0,0,0,0,3298
966.69,480.25,0,0,0,0,3299
955.47,476.7,0,0,0,0,3300
944.87,473.47,0,0,0,0,3301
934.73,470.16,0,0,0,0,3302
924.01,467.92,0,0,0,0,3303
913.52,465.73,0,0,0,0,3304
902.8,462.55,0,0,0,0,3305
892.19,459.57,0,0,0,0,3306
881.19,456.13,0,0,0,0,3307
870.32,453.78,0,0,0,0,3308
859.29,450.39,0,0,0,0,3309
848.85,448.48,0,0,0,0,3310
838.49,445.53,0,0,0,0,3311
827.96,442.17,0,0,0,0,3312
816.65,438.98,0,0,0,0,3313
806.1,436.17,0,0,0,0,3314
795.39,433.43,0,0,0,0,3315
1085.5,551.34,0,0,0,0,3397
1083.1,540.51,0,0,0,0,3398
1080.4,529.73,0,0,0,0,3399
1077.5,518.95,0,0,0,0,3400
1073.7,508.39,0,0,0,0,3401
1071,498.07,0,0,0,0,3402
1060.2,494.59,0,0,0,0,3403
1049.2,491.34,0,0,0,0,3404
1038.7,488.9,0,0,0,0,3405
1028.2,486.35,0,0,0,0,3406
1017.7,483.93,0,0,0,0,3407
1007,480.48,0,0,0,0,3408
995.86,477.81,0,0,0,0,3409
985.47,474.92,0,0,0,0,3410
974.69,472.7,0,0,0,0,3411
963.61,469.31,0,0,0,0,3412
952.82,465.88,0,0,0,0,3413
942.86,461.88,0,0,0,0,3414
932.04,459.53,0,0,0,0,3415
920.99,457.14,0,0,0,0,3416
910.49,454.68,0,0,0,0,3417
899.08,450.86,0,0,0,0,3418
888.34,447.62,0,0,0,0,3419
877.91,445.63,0,0,0,0,3420
867.66,442.98,0,0,0,0,3421
857.3,439.28,0,0,0,0,3422
846.91,436.31,0,0,0,0,3423
836.04,434.71,0,0,0,0,3424
825.18,431.5,0,0,0,0,3425
814.2,428.11,0,0,0,0,3426
803.4,425.9,0,0,0,0,3427
792.94,423.1,0,0,0,0,3428
1095.9,554.94,0,0,0,0,3503
1093.7,543.92,0,0,0,0,3504
1090.8,532.71,0,0,0,0,3505
1088.2,521.81,0,0,0,0,3506
1085.2,511.47,0,0,0,0,3507
1081.6,501.16,0,0,0,0,3508
1079,489.65,0,0,0,0,3509
1068.5,487.3,0,0,0,0,3510
1057.1,483.22,0,0,0,0,3511
1046.1,480.68,0,0,0,0,3512
1035.5,477.94,0,0,0,0,3513
1025,475.63,0,0,0,0,3514
1014.8,472.72,0,0,0,0,3515
1004.4,469.06,0,0,0,0,3516
993.26,466.99,0,0,0,0,3517
982.66,464.14,0,0,0,0,3518
971.96,461.37,0,0,0,0,3519
961.85,457.85,0,0,0,0,3520
951.44,455.21,0,0,0,0,3521
940.13,451.65,0,0,0,0,3522
928.92,449.45,0,0,0,0,3523
918.5,446.12,0,0,0,0,3524
907.54,443.82,0,0,0,0,3525
896.08,439.48,0,0,0,0,3526
885.26,436.92,0,0,0,0,3527
875.18,433.16,0,0,0,0,3528
864.9,430.34,0,0,0,0,3529
854.42,427.88,0,0,0,0,3530
843.74,425.24,0,0,0,0,3531
832.85,423.74,0,0,0,0,3532
822.25,420.46,0,0,0,0,3533
810.99,417.99,0,0,0,0,3534
800.6,415.31,0,0,0,0,3535
1106.7,556.76,0,0,0,0,3605
1104.6,546.34,0,0,0,0,3606
1101.4,535.8,0,0,0,0,3607
1098.4,525.28,0,0,0,0,3608
1095.8,513.9,0,0,0,0,3609
1092.5,503.69,0,0,0,0,3610
1089.3,493.27,0,0,0,0,3611
1086.8,481.89,0,0,0,0,3612
1076.7,479.23,0,0,0,0,3613
1065.9,476.53,0,0,0,0,3614
1054.4,472.75,0,0,0,0,3615
1043.4,470.15,0,0,0,0,3616
1032.9,466.83,0,0,0,0,3617
1022.4,464.47,0,0,0,0,3618
1012,461.13,0,0,0,0,3619
1000.9,458.81,0,0,0,0,3620
990.6,456.04,0,0,0,0,3621
979.78,453.8,0,0,0,0,3622
969.68,450.42,0,0,0,0,3623
959.1,447.24,0,0,0,0,3624
948.31,445.01,0,0,0,0,3625
936.44,441.26,0,0,0,0,3626
926.04,438.55,0,0,0,0,3627
915.29,435.64,0,0,0,0,3628
904.78,432.23,0,0,0,0,3629
893.37,428.84,0,0,0,0,3630
883.13,424.92,0,0,0,0,3631
871.58,421.46,0,0,0,0,3632
860.97,419.39,0,0,0,0,3633
850,416.41,0,0,0,0,3634
838.98,414.6,0,0,0,0,3635
828.43,410.63,0,0,0,0,3636
817.65,409.23,0,0,0,0,3637
809.33,401.86,0,0,0,0,3638
1117.4,559.72,0,0,0,0,3704
1115.2,549.39,0,0,0,0,3705
1112,538.62,0,0,0,0,3706
1109.4,527.99,0,0,0,0,3707
1106.2,517.39,0,0,0,0,3708
1103.2,505.87,0,0,0,0,3709
1100.2,495.35,0,0,0,0,3710
1098,484.72,0,0,0,0,3711
1094.7,474.3,0,0,0,0,3712
1084.2,471.1,0,0,0,0,3713
1073.7,469.1,0,0,0,0,3714
1062.2,464.73,0,0,0,0,3715
1051.7,462.13,0,0,0,0,3716
1041.2,458.77,0,0,0,0,3717
1029.7,455.46,0,0,0,0,3718
1019,452.79,0,0,0,0,3719
1008.2,450.53,0,0,0,0,3720
997.79,447.23,0,0,0,0,3721
987.02,445.61,0,0,0,0,3722
976.17,442.06,0,0,0,0,3723
966.1,438.84,0,0,0,0,3724
954.65,436.02,0,0,0,0,3725
944.11,433.05,0,0,0,0,3726
933.63,430.6,0,0,0,0,3727
923.12,427.88,0,0,0,0,3728
912.61,425.12,0,0,0,0,3729
901.73,421.57,0,0,0,0,3730
891.26,417.94,0,0,0,0,3731
880.56,414.2,0,0,0,0,3732
870.04,410.5,0,0,0,0,3733
858.37,408.7,0,0,0,0,3734
847.72,405.78,0,0,0,0,3735
836.9,403.49,0,0,0,0,3736
1125.8,551.6,0,0,0,0,3801
1122.6,541.22,0,0,0,0,3802
1120,530.18,0,0,0,0,3803
1117,519.98,0,0,0,0,3804
1113.7,508.76,0,0,0,0,3805
1110.7,498.46,0,0,0,0,3806
1108.5,488.03,0,0,0,0,3807
1105.1,476.68,0,0,0,0,3808
1102.7,465.77,0,0,0,0,3809
1092,463.33,0,0,0,0,3810
1081.8,460.41,0,0,0,0,3811
1071.1,458.22,0,0,0,0,3812
1060,454.55,0,0,0,0,3813
1049.3,450.28,0,0,0,0,3814
1038.4,447.92,0,0,0,0,3815
1027,445.22,0,0,0,0,3816
1016,442.77,0,0,0,0,3817
1005.1,438.85,0,0,0,0,3818
994.76,436.57,0,0,0,0,3819
984.27,434.62,0,0,0,0,3820
973.51,430.52,0,0,0,0,3821
962.9,427.72,0,0,0,0,3822
952.37,425.32,0,0,0,0,3823
941.88,422.08,0,0,0,0,3824
930.74,419.95,0,0,0,0,3825
920.84,417.32,0,0,0,0,3826
910.46,414.12,0,0,0,0,3827
899.32,410.91,0,0,0,0,3828
888.26,405.93,0,0,0,0,3829
877.36,402.42,0,0,0,0,3830
1136.6,555.59,0,0,0,0,3892
1134.2,544.74,0,0,0,0,3893
1130.5,533.38,0,0,0,0,3894
1128.5,522.39,0,0,0,0,3895
1124,511.91,0,0,0,0,3896
1121.4,500.66,0,0,0,0,3897
1119.1,490.07,0,0,0,0,3898
1115.5,479.71,0,0,0,0,3899
1113,468.81,0,0,0,0,3900
1110.3,458.24,0,0,0,0,3901
1100,455.19,0,0,0,0,3902
1089.2,452.81,0,0,0,0,3903
1078.7,450.2,0,0,0,0,3904
1067.9,446.97,0,0,0,0,3905
1057.7,443.8,0,0,0,0,3906
1046.2,440.2,0,0,0,0,3907
1034.6,437.69,0,0,0,0,3908
1023.7,434.73,0,0,0,0,3909
1013.5,431.93,0,0,0,0,3910
1002.2,427.99,0,0,0,0,3911
992.08,425.53,0,0,0,0,3912
981.39,422.87,0,0,0,0,3913
970.77,420.12,0,0,0,0,3914
959.79,417.18,0,0,0,0,3915
949.49,414.14,0,0,0,0,3916
938.85,411.36,0,0,0,0,3917
928.46,408.24,0,0,0,0,3918
917.93,405.66,0,0,0,0,3919
1147.3,558.68,0,0,0,0,3980
1144.9,548.01,0,0,0,0,3981
1141.1,536.15,0,0,0,0,3982
1138.9,525.7,0,0,0,0,3983
1135.9,514.44,0,0,0,0,3984
1131.9,504.13,0,0,0,0,3985
1129.9,493.31,0,0,0,0,3986
1126.8,482.69,0,0,0,0,3987
1123.4,472.15,0,0,0,0,3988
1120.9,461.25,0,0,0,0,3989
1118.1,450.4,0,0,0,0,3990
1107.7,447.31,0,0,0,0,3991
1096.3,444.7,0,0,0,0,3992
1086.2,441.92,0,0,0,0,3993
1075.7,439.28,0,0,0,0,3994
1065.1,435.97,0,0,0,0,3995
1054.5,433.05,0,0,0,0,3996
1042.5,429.83,0,0,0,0,3997
1032,426.57,0,0,0,0,3998
1021.5,423.43,0,0,0,0,3999
1010.8,421.15,0,0,0,0,4000
999.62,417.24,0,0,0,0,4001
989.44,415.05,0,0,0,0,4002
978.9,411.89,0,0,0,0,4003
967.66,409.49,0,0,0,0,4004
957.31,405.28,0,0,0,0,4005
1155.8,549.99,0,0,0,0,4065
1152.2,539.73,0,0,0,0,4066
1149.5,528.98,0,0,0,0,4067
1146.2,517.58,0,0,0,0,4068
1144,506.78,0,0,0,0,4069
1140.7,496.39,0,0,0,0,4070
1137.8,485.71,0,0,0,0,4071
1134.8,475.56,0,0,0,0,4072
1131.8,465.49,0,0,0,0,4073
1129.1,454.54,0,0,0,0,4074
1125.6,442.22,0,0,0,0,4075
1115.6,439.43,0,0,0,0,4076
1103.9,436.65,0,0,0,0,4077
1093.6,433.36,0,0,0,0,4078
1082.9,431,0,0,0,0,4079
1072.5,427.74,0,0,0,0,4080
1061.8,424.83,0,0,0,0,4081
1051,422.53,0,0,0,0,4082
1040.8,419.26,0,0,0,0,4083
1029.8,415.73,0,0,0,0,4084
1019,411.39,0,0,0,0,4085
1008.2,410.34,0,0,0,0,4086
998.47,405.2,0,0,0,0,4087
986.98,404.38,0,0,0,0,4088
1166.3,553.54,0,0,0,0,4146
1163.3,542.45,0,0,0,0,4147
1160,532.05,0,0,0,0,4148
1156.5,521,0,0,0,0,4149
1154.3,510.12,0,0,0,0,4150
1151.4,499.66,0,0,0,0,4151
1148.4,488.73,0,0,0,0,4152
1145.6,477.95,0,0,0,0,4153
1142.6,467.93,0,0,0,0,4154
1139.4,457.55,0,0,0,0,4155
1136,445.86,0,0,0,0,4156
1133.9,435,0,0,0,0,4157
1123.4,431.4,0,0,0,0,4158
1112.7,428.63,0,0,0,0,4159
1102.3,425.69,0,0,0,0,4160
1092.1,421.82,0,0,0,0,4161
1081.5,419.32,0,0,0,0,4162
1070,417.28,0,0,0,0,4163
1059.4,414.59,0,0,0,0,4164
1048.7,411.6,0,0,0,0,4165
1038,409.04,0,0,0,0,4166
1027.3,403.67,0,0,0,0,4167
1177.4,555.38,0,0,0,0,4222
1174.1,545.58,0,0,0,0,4223
1171,534.86,0,0,0,0,4224
1167.7,524.26,0,0,0,0,4225
1164.6,513.48,0,0,0,0,4226
1162.5,502.89,0,0,0,0,4227
1159.4,492.12,0,0,0,0,4228
1156.3,481.34,0,0,0,0,4229
1153.4,470.34,0,0,0,0,4230
1150.1,459.68,0,0,0,0,4231
1146.7,448.54,0,0,0,0,4232
1144.4,437.95,0,0,0,0,4233
1141.9,427.59,0,0,0,0,4234
1131,423.58,0,0,0,0,4235
1120.3,420.7,0,0,0,0,4236
1109.1,417,0,0,0,0,4237
1098.6,413.53,0,0,0,0,4238
1088.2,409.19,0,0,0,0,4239
1077.2,408.91,0,0,0,0,4240
1067.7,403.43,0,0,0,0,4241
1187.7,559.19,0,0,0,0,4294
1185.3,547.76,0,0,0,0,4295
1181.9,537.65,0,0,0,0,4296
1178.5,527.04,0,0,0,0,4297
1175.2,516.09,0,0,0,0,4298
1173.5,504.34,0,0,0,0,4299
1170.4,494.13,0,0,0,0,4300
1167,483.93,0,0,0,0,4301
1164,472.8,0,0,0,0,4302
1160.5,462.15,0,0,0,0,4303
1157.6,451.55,0,0,0,0,4304
1154.7,440.92,0,0,0,0,4305
1152.6,430.38,0,0,0,0,4306
1150.4,418.81,0,0,0,0,4307
1139.8,416.78,0,0,0,0,4308
1129,413.09,0,0,0,0,4309
1118.6,409.81,0,0,0,0,4310
1108.2,405.27,0,0,0,0,4311
1097.7,402.7,0,0,0,0,4312
1195.5,551.21,0,0,0,0,4365
1192.5,539.9,0,0,0,0,4366
1189.3,529.16,0,0,0,0,4367
1185.7,518.92,0,0,0,0,4368
1183.7,507.72,0,0,0,0,4369
1180.9,496.73,0,0,0,0,4370
1177.7,486.46,0,0,0,0,4371
1174.3,475.66,0,0,0,0,4372
1171.4,464.53,0,0,0,0,4373
1168.2,454.41,0,0,0,0,4374
1165.1,443.63,0,0,0,0,4375
1163.3,433.16,0,0,0,0,4376
1160.6,422.69,0,0,0,0,4377
1157.7,409.97,0,0,0,0,4378
1145.3,403.25,0,0,0,0,4379
1134.7,403.86,0,0,0,0,4380
1206.1,554.16,0,0,0,0,4430
1203.3,542.22,0,0,0,0,4431
1200,531.88,0,0,0,0,4432
1197.2,521.65,0,0,0,0,4433
1194.1,511.41,0,0,0,0,4434
1191.5,500.17,0,0,0,0,4435
1189,489.24,0,0,0,0,4436
1185.4,478.63,0,0,0,0,4437
1181.9,467.75,0,0,0,0,4438
1179,456.85,0,0,0,0,4439
1175.8,446.51,0,0,0,0,4440
1174.1,435.71,0,0,0,0,4441
1171.5,425.08,0,0,0,0,4442
1168.1,414.56,0,0,0,0,4443
1208.7,524.31,0,0,0,0,4494
1204.9,513.94,0,0,0,0,4495
1202.4,503.2,0,0,0,0,4496
1199.2,492.62,0,0,0,0,4497
1196.4,481.22,0,0,0,0,4498
1193.7,470.99,0,0,0,0,4499
1190.6,460.91,0,0,0,0,4500
1187.6,450.06,0,0,0,0,4501
1184.8,439.17,0,0,0,0,4502
1182.6,428.4,0,0,0,0,4503
1179.1,416.71,0,0,0,0,4504
1177.8,404.07,0,0,0,0,4505
1207.1,484.09,0,0,0,0,4559
1204.6,473.73,0,0,0,0,4560
1201.5,463.53,0,0,0,0,4561
1198.2,453.01,0,0,0,0,4562
1195.6,442.45,0,0,0,0,4563
1193.2,431.91,0,0,0,0,4564
1190,420.09,0,0,0,0,4565
1187.5,409.36,0,0,0,0,4566
1209.6,455.36,0,0,0,0,4621
1206.3,444.89,0,0,0,0,4622
1204.2,434.11,0,0,0,0,4623
1200.5,423.7,0,0,0,0,4624
1197.8,412.53,0,0,0,0,4625
1208.3,414.81,0,0,0,0,4681
798.22,404.55,0,0,0,0,11318
798.98,393.57,0,0,0,0,11411
792.04,385.02,0,0,0,0,11412
819.29,397.64,0,0,0,0,11506
810.89,390.48,0,0,0,0,11507
803.2,381.91,0,0,0,0,11508
795.27,374.16,0,0,0,0,11509
829.89,394.37,0,0,0,0,11600
821.64,387.23,0,0,0,0,11601
813.84,379.51,0,0,0,0,11602
806.05,371.36,0,0,0,0,11603
798.84,362.84,0,0,0,0,11604
791.11,355.31,0,0,0,0,11605
840.79,393.29,0,0,0,0,11693
831.83,383.61,0,0,0,0,11694
823.99,375.75,0,0,0,0,11695
816.77,367.8,0,0,0,0,11696
809.33,360.11,0,0,0,0,11697
801.6,352.07,0,0,0,0,11698
793.5,344.55,0,0,0,0,11699
858.57,397.86,0,0,0,0,11788
851.3,390.05,0,0,0,0,11789
842.64,380.51,0,0,0,0,11790
834.81,373.08,0,0,0,0,11791
827.26,365.23,0,0,0,0,11792
819.52,357.39,0,0,0,0,11793
812.13,349.25,0,0,0,0,11794
803.97,341.43,0,0,0,0,11795
796.06,333.06,0,0,0,0,11796
868.96,395.45,0,0,0,0,11884
861.78,386.55,0,0,0,0,11885
853.4,377.39,0,0,0,0,11886
845.26,369.99,0,0,0,0,11887
837.77,362.27,0,0,0,0,11888
829.98,353.87,0,0,0,0,11889
822.7,345.99,0,0,0,0,11890
814.37,338.62,0,0,0,0,11891
806.9,330.77,0,0,0,0,11892
799.09,322.57,0,0,0,0,11893
791.78,314.54,0,0,0,0,11894
879.01,391.41,0,0,0,0,11977
872.03,383.49,0,0,0,0,11978
864.17,375.22,0,0,0,0,11979
855.71,366.54,0,0,0,0,11980
848.28,358.72,0,0,0,0,11981
841.21,350.92,0,0,0,0,11982
833.38,343.37,0,0,0,0,11983
825.32,335.63,0,0,0,0,11984
817.45,327.98,0,0,0,0,11985
809.84,320.44,0,0,0,0,11986
802.73,311.9,0,0,0,0,11987
793.41,303.71,0,0,0,0,11988
907.35,403.38,0,0,0,0,12072
897.38,399.78,0,0,0,0,12073
890,391.81,0,0,0,0,12074
883.46,381.11,0,0,0,0,12075
875.43,373.16,0,0,0,0,12076
868.04,365.11,0,0,0,0,12077
859.67,356.49,0,0,0,0,12078
851.77,348.26,0,0,0,0,12079
843.96,340.37,0,0,0,0,12080
835.98,332.74,0,0,0,0,12081
828.12,324.96,0,0,0,0,12082
820.41,317.3,0,0,0,0,12083
813.27,309.38,0,0,0,0,12084
804.71,301.2,0,0,0,0,12085
796.61,293.39,0,0,0,0,12086
910.42,393.28,0,0,0,0,12169
900.57,387.7,0,0,0,0,12170
894.38,378.61,0,0,0,0,12171
886.02,370.19,0,0,0,0,12172
878.77,361.75,0,0,0,0,12173
870.62,354.42,0,0,0,0,12174
862.53,345.99,0,0,0,0,12175
854.9,337.81,0,0,0,0,12176
847.16,329.91,0,0,0,0,12177
838.67,322.34,0,0,0,0,12178
830.63,314.18,0,0,0,0,12179
823.67,306.09,0,0,0,0,12180
815.5,298.84,0,0,0,0,12181
807.03,290.76,0,0,0,0,12182
799.45,282.78,0,0,0,0,12183
791.89,274.64,0,0,0,0,12184
926.81,398.2,0,0,0,0,12265
921.02,389.57,0,0,0,0,12266
912.61,382.55,0,0,0,0,12267
905.19,374.89,0,0,0,0,12268
897.21,366.88,0,0,0,0,12269
889.26,358.44,0,0,0,0,12270
881.27,350.58,0,0,0,0,12271
873.26,343.48,0,0,0,0,12272
866.24,335.03,0,0,0,0,12273
858.15,327.24,0,0,0,0,12274
849.9,319.26,0,0,0,0,12275
841.8,311.99,0,0,0,0,12276
834.51,304.03,0,0,0,0,12277
826.1,295.69,0,0,0,0,12278
818.12,288.25,0,0,0,0,12279
810.18,280.26,0,0,0,0,12280
802.39,272.52,0,0,0,0,12281
794.66,264.58,0,0,0,0,12282
946.41,403.36,0,0,0,0,12366
937.84,396.9,0,0,0,0,12367
931.86,387.9,0,0,0,0,12368
923.73,379.09,0,0,0,0,12369
915.63,371.48,0,0,0,0,12370
907.79,364.18,0,0,0,0,12371
899.73,356.38,0,0,0,0,12372
892.62,347.29,0,0,0,0,12373
883.73,339.91,0,0,0,0,12374
876.98,331.8,0,0,0,0,12375
868.9,324.46,0,0,0,0,12376
861.41,316.59,0,0,0,0,12377
852.88,308.73,0,0,0,0,12378
845.29,301.61,0,0,0,0,12379
836.42,293.26,0,0,0,0,12380
828.89,285.1,0,0,0,0,12381
820.64,277.6,0,0,0,0,12382
812.93,269.07,0,0,0,0,12383
805.29,261.6,0,0,0,0,12384
797.37,253.95,0,0,0,0,12385
951.1,392.27,0,0,0,0,12474
942.97,385.13,0,0,0,0,12475
934.52,377.64,0,0,0,0,12476
926.08,368.25,0,0,0,0,12477
918.09,360.58,0,0,0,0,12478
910.39,353.37,0,0,0,0,12479
903.26,345.59,0,0,0,0,12480
894.57,336.47,0,0,0,0,12481
887.02,328.41,0,0,0,0,12482
879.18,321.26,0,0,0,0,12483
871.01,312.76,0,0,0,0,12484
863.65,305.78,0,0,0,0,12485
856.18,297.77,0,0,0,0,12486
847.09,290.59,0,0,0,0,12487
839.5,282.62,0,0,0,0,12488
830.95,274.28,0,0,0,0,12489
823.84,266.26,0,0,0,0,12490
816.2,258.6,0,0,0,0,12491
808.26,251.01,0,0,0,0,12492
800.17,243.41,0,0,0,0,12493
967.22,398.42,0,0,0,0,12586
961.69,389.15,0,0,0,0,12587
953.41,381.99,0,0,0,0,12588
944.42,373.54,0,0,0,0,12589
936.79,365.64,0,0,0,0,12590
928.2,357.61,0,0,0,0,12591
921.23,349.86,0,0,0,0,12592
913.91,342.11,0,0,0,0,12593
905.52,334.77,0,0,0,0,12594
897.64,325.63,0,0,0,0,12595
889.51,317.77,0,0,0,0,12596
881.89,310.37,0,0,0,0,12597
874.34,302.34,0,0,0,0,12598
867.11,294.81,0,0,0,0,12599
859.08,287.2,0,0,0,0,12600
850.86,280.07,0,0,0,0,12601
843.05,272.21,0,0,0,0,12602
835.04,264.12,0,0,0,0,12603
827.44,255.94,0,0,0,0,12604
819.23,247.96,0,0,0,0,12605
978.79,397.04,0,0,0,0,12702
972.62,387.48,0,0,0,0,12703
963.89,378.83,0,0,0,0,12704
955.31,371.23,0,0,0,0,12705
947.23,363.3,0,0,0,0,12706
939.12,355.17,0,0,0,0,12707
931.83,347.44,0,0,0,0,12708
924.25,339.1,0,0,0,0,12709
916.38,331.79,0,0,0,0,12710
908.46,323.29,0,0,0,0,12711
900.12,315.13,0,0,0,0,12712
892.65,307.4,0,0,0,0,12713
885.23,299.54,0,0,0,0,12714
877.61,291.71,0,0,0,0,12715
869.64,284.09,0,0,0,0,12716
861.96,276.58,0,0,0,0,12717
853.96,269.02,0,0,0,0,12718
845.71,261.53,0,0,0,0,12719
838.19,253.4,0,0,0,0,12720
830.09,245.61,0,0,0,0,12721
990.04,393.71,0,0,0,0,12823
983.32,385.04,0,0,0,0,12824
974.86,376.68,0,0,0,0,12825
966.55,368.37,0,0,0,0,12826
958.02,360.46,0,0,0,0,12827
950.18,352.79,0,0,0,0,12828
942.64,344.71,0,0,0,0,12829
934.86,336.92,0,0,0,0,12830
927.47,328.84,0,0,0,0,12831
919.36,321.2,0,0,0,0,12832
911.54,312.98,0,0,0,0,12833
903.78,304.82,0,0,0,0,12834
896.64,296.34,0,0,0,0,12835
888.43,289.06,0,0,0,0,12836
880.5,281.21,0,0,0,0,12837
872.74,273.3,0,0,0,0,12838
864.69,265.86,0,0,0,0,12839
856.79,258.53,0,0,0,0,12840
848.76,250.99,0,0,0,0,12841
841.05,242.93,0,0,0,0,12842
1007.3,398.76,0,0,0,0,12950
1001.3,390.19,0,0,0,0,12951
993.58,381.85,0,0,0,0,12952
985.84,374.01,0,0,0,0,12953
977.25,365.65,0,0,0,0,12954
968.82,357.63,0,0,0,0,12955
960.87,349.66,0,0,0,0,12956
953.4,341.03,0,0,0,0,12957
945.38,333.69,0,0,0,0,12958
938.22,325.77,0,0,0,0,12959
930.24,318.38,0,0,0,0,12960
922.63,310.35,0,0,0,0,12961
914.5,302.33,0,0,0,0,12962
907.66,293.76,0,0,0,0,12963
899.32,285.29,0,0,0,0,12964
891.2,278.25,0,0,0,0,12965
883.44,270.55,0,0,0,0,12966
875.15,262.61,0,0,0,0,12967
867.45,254.82,0,0,0,0,12968
859.03,247.56,0,0,0,0,12969
1018.2,397.48,0,0,0,0,13083
1012.5,388.1,0,0,0,0,13084
1004.3,379.49,0,0,0,0,13085
996.48,371.2,0,0,0,0,13086
987.59,362.5,0,0,0,0,13087
978.85,354.14,0,0,0,0,13088
971.64,346.35,0,0,0,0,13089
963.97,338.63,0,0,0,0,13090
956.44,330.63,0,0,0,0,13091
948.38,322.83,0,0,0,0,13092
940.47,314.7,0,0,0,0,13093
933.31,306.99,0,0,0,0,13094
925.28,299.52,0,0,0,0,13095
918.46,290.92,0,0,0,0,13096
910.42,283.11,0,0,0,0,13097
901.67,274.8,0,0,0,0,13098
893.9,267.15,0,0,0,0,13099
885.77,259.75,0,0,0,0,13100
877.91,252,0,0,0,0,13101
869.93,244.08,0,0,0,0,13102
1036.9,398.81,0,0,0,0,13219
1027.6,391.78,0,0,0,0,13220
1021.8,382.41,0,0,0,0,13221
1013.8,374.2,0,0,0,0,13222
1006.5,366.22,0,0,0,0,13223
998.17,359.48,0,0,0,0,13224
989.45,351.55,0,0,0,0,13225
982.22,343.35,0,0,0,0,13226
974.8,335.87,0,0,0,0,13227
967,328.09,0,0,0,0,13228
958.82,319.85,0,0,0,0,13229
951.62,312.55,0,0,0,0,13230
944.24,304.4,0,0,0,0,13231
937.06,296.29,0,0,0,0,13232
928.83,288.88,0,0,0,0,13233
920.79,280.16,0,0,0,0,13234
912.36,272.04,0,0,0,0,13235
904.58,264.36,0,0,0,0,13236
896.81,256.98,0,0,0,0,13237
888.19,248.86,0,0,0,0,13238
880.63,241.63,0,0,0,0,13239
1057.1,404.16,0,0,0,0,13358
1048,397.93,0,0,0,0,13359
1039.6,388.27,0,0,0,0,13360
1031.9,379.79,0,0,0,0,13361
1024.5,371.56,0,0,0,0,13362
1017.1,363.42,0,0,0,0,13363
1008.5,355.43,0,0,0,0,13364
1000.1,348.61,0,0,0,0,13365
993.25,340.03,0,0,0,0,13366
985.11,332.26,0,0,0,0,13367
977.36,324.48,0,0,0,0,13368
969.65,317.21,0,0,0,0,13369
962.46,309.01,0,0,0,0,13370
955.32,301.05,0,0,0,0,13371
947.62,293.21,0,0,0,0,13372
939.65,285.55,0,0,0,0,13373
931.37,278.21,0,0,0,0,13374
922.52,269.46,0,0,0,0,13375
914.89,260.96,0,0,0,0,13376
907.01,253.1,0,0,0,0,13377
898.8,245.98,0,0,0,0,13378
1058.3,393.6,0,0,0,0,13501
1050.4,386.34,0,0,0,0,13502
1042.6,377.42,0,0,0,0,13503
1035.3,368.34,0,0,0,0,13504
1028,360.1,0,0,0,0,13505
1019.5,352.92,0,0,0,0,13506
1011.8,345.03,0,0,0,0,13507
1004.1,337.14,0,0,0,0,13508
995.68,329.27,0,0,0,0,13509
988.64,321.42,0,0,0,0,13510
980.69,314.01,0,0,0,0,13511
973.24,306.41,0,0,0,0,13512
965.98,298.11,0,0,0,0,13513
958.51,290.57,0,0,0,0,13514
950.51,282.89,0,0,0,0,13515
941.68,274.43,0,0,0,0,13516
932.88,265.76,0,0,0,0,13517
926.04,257.64,0,0,0,0,13518
918.15,250.57,0,0,0,0,13519
910.33,242.9,0,0,0,0,13520
1076.9,398.07,0,0,0,0,13647
1068.8,390.4,0,0,0,0,13648
1061.5,382.1,0,0,0,0,13649
1053.2,374.64,0,0,0,0,13650
1046.1,366.31,0,0,0,0,13651
1038.5,358.32,0,0,0,0,13652
1030.9,349.86,0,0,0,0,13653
1022.5,342.34,0,0,0,0,13654
1014.7,334.11,0,0,0,0,13655
1006.4,326.49,0,0,0,0,13656
999.29,318.42,0,0,0,0,13657
991.92,310.47,0,0,0,0,13658
983.88,303.25,0,0,0,0,13659
976.21,295.33,0,0,0,0,13660
968.72,287.27,0,0,0,0,13661
961.18,279.62,0,0,0,0,13662
952.82,272.18,0,0,0,0,13663
944.22,263.98,0,0,0,0,13664
936.66,255.6,0,0,0,0,13665
929.1,247.3,0,0,0,0,13666
921.09,240.04,0,0,0,0,13667
1088.4,396.63,0,0,0,0,13793
1080.5,387.67,0,0,0,0,13794
1072.7,379.08,0,0,0,0,13795
1064.4,372.13,0,0,0,0,13796
1056.9,363.47,0,0,0,0,13797
1049.5,355.85,0,0,0,0,13798
1041.5,348.09,0,0,0,0,13799
1033,339.7,0,0,0,0,13800
1025.6,331.88,0,0,0,0,13801
1018.2,323.89,0,0,0,0,13802
1010,316.22,0,0,0,0,13803
1002.5,308.17,0,0,0,0,13804
994.94,300.08,0,0,0,0,13805
986.81,292.4,0,0,0,0,13806
979.29,284.23,0,0,0,0,13807
971.66,276.62,0,0,0,0,13808
963.35,269.01,0,0,0,0,13809
955.41,261.34,0,0,0,0,13810
947.31,253.33,0,0,0,0,13811
939.57,244.98,0,0,0,0,13812
1099.6,391.94,0,0,0,0,13941
1091.4,384.36,0,0,0,0,13942
1083.7,376.53,0,0,0,0,13943
1076.1,368.4,0,0,0,0,13944
1067.7,361.55,0,0,0,0,13945
1060.5,352.27,0,0,0,0,13946
1052.2,345.28,0,0,0,0,13947
1043.9,337.55,0,0,0,0,13948
1036.4,329.42,0,0,0,0,13949
1028.9,321.45,0,0,0,0,13950
1021.2,313.4,0,0,0,0,13951
1013.4,305.38,0,0,0,0,13952
1005.6,297.46,0,0,0,0,13953
997.48,289.23,0,0,0,0,13954
989.95,281.34,0,0,0,0,13955
982.11,272.97,0,0,0,0,13956
974.08,265.93,0,0,0,0,13957
966,258.43,0,0,0,0,13958
957.89,250.61,0,0,0,0,13959
950.7,241.82,0,0,0,0,13960
1118.9,398.98,0,0,0,0,14089
1110.5,392.52,0,0,0,0,14090
1101.7,381.22,0,0,0,0,14091
1094.1,373.26,0,0,0,0,14092
1086.6,365.55,0,0,0,0,14093
1078.4,357.4,0,0,0,0,14094
1070.5,349.52,0,0,0,0,14095
1062.7,341.59,0,0,0,0,14096
1054.6,334.79,0,0,0,0,14097
1047,326.76,0,0,0,0,14098
1039.5,318.76,0,0,0,0,14099
1031.8,310.33,0,0,0,0,14100
1024.3,301.91,0,0,0,0,14101
1016.2,294.96,0,0,0,0,14102
1008.1,286.67,0,0,0,0,14103
1000.7,277.72,0,0,0,0,14104
992.4,270.54,0,0,0,0,14105
984.83,263.48,0,0,0,0,14106
976.33,255.3,0,0,0,0,14107
968.49,247.68,0,0,0,0,14108
1129,394.5,0,0,0,0,14239
1120,386.97,0,0,0,0,14240
1112.5,378.57,0,0,0,0,14241
1104.9,370.68,0,0,0,0,14242
1097.1,362.74,0,0,0,0,14243
1089,355.02,0,0,0,0,14244
1080.9,346.94,0,0,0,0,14245
1073.3,338.99,0,0,0,0,14246
1065.9,331.38,0,0,0,0,14247
1057.8,324.33,0,0,0,0,14248
1050.7,315.85,0,0,0,0,14249
1043,307.59,0,0,0,0,14250
1034.7,299.28,0,0,0,0,14251
1026.9,291.37,0,0,0,0,14252
1018.8,284.14,0,0,0,0,14253
1011.3,275.71,0,0,0,0,14254
1002.8,267.41,0,0,0,0,14255
995.15,259.74,0,0,0,0,14256
986.97,252.49,0,0,0,0,14257
979.52,244.3,0,0,0,0,14258
1139.8,392.44,0,0,0,0,14391
1130.8,383.88,0,0,0,0,14392
1123.2,376,0,0,0,0,14393
1115.2,367.39,0,0,0,0,14394
1107.5,359.51,0,0,0,0,14395
1099.5,351.53,0,0,0,0,14396
1091.7,344.46,0,0,0,0,14397
1083.9,336.55,0,0,0,0,14398
1076.3,328.38,0,0,0,0,14399
1068.4,320.67,0,0,0,0,14400
1061,312.61,0,0,0,0,14401
1053.5,305.06,0,0,0,0,14402
1045.5,296.75,0,0,0,0,14403
1037.5,288.76,0,0,0,0,14404
1029.4,280.77,0,0,0,0,14405
1021.6,272.68,0,0,0,0,14406
1013.6,265.08,0,0,0,0,14407
1006.3,256.93,0,0,0,0,14408
998.23,249.22,0,0,0,0,14409
989.88,241.39,0,0,0,0,14410
1167.2,403.65,0,0,0,0,14544
1157.5,398.07,0,0,0,0,14545
1149.9,388.87,0,0,0,0,14546
1141.8,381.95,0,0,0,0,14547
1134.7,373.6,0,0,0,0,14548
1125.7,364.56,0,0,0,0,14549
1118.7,355.95,0,0,0,0,14550
1110.3,348.92,0,0,0,0,14551
1102.8,341.62,0,0,0,0,14552
1094.6,334.02,0,0,0,0,14553
1087.1,326,0,0,0,0,14554
1079.2,317.96,0,0,0,0,14555
1071.7,310.08,0,0,0,0,14556
1063.4,300.99,0,0,0,0,14557
1056.2,292.93,0,0,0,0,14558
1048.4,285.42,0,0,0,0,14559
1040.2,278.08,0,0,0,0,14560
1032,270.26,0,0,0,0,14561
1023.9,261.78,0,0,0,0,14562
1016.5,254.36,0,0,0,0,14563
1008.6,246.28,0,0,0,0,14564
1167.5,393.07,0,0,0,0,14700
1160.2,385.32,0,0,0,0,14701
1152.3,378.2,0,0,0,0,14702
1145.4,369.6,0,0,0,0,14703
1136.8,362.57,0,0,0,0,14704
1129.3,354.28,0,0,0,0,14705
1121,345.55,0,0,0,0,14706
1113.5,337.89,0,0,0,0,14707
1105.3,331.02,0,0,0,0,14708
1097.7,323.16,0,0,0,0,14709
1089.8,314.86,0,0,0,0,14710
1082,306.96,0,0,0,0,14711
1074.1,298.46,0,0,0,0,14712
1066.6,290.59,0,0,0,0,14713
1058.5,281.97,0,0,0,0,14714
1050.6,274.57,0,0,0,0,14715
1042.7,267.34,0,0,0,0,14716
1034.7,259.53,0,0,0,0,14717
1027.2,251.41,0,0,0,0,14718
1019.3,243.78,0,0,0,0,14719
1186.8,397.67,0,0,0,0,14857
1178.8,390.38,0,0,0,0,14858
1171.1,382.81,0,0,0,0,14859
1163.3,374.99,0,0,0,0,14860
1155.9,366.88,0,0,0,0,14861
1148.2,359.07,0,0,0,0,14862
1139.8,351.68,0,0,0,0,14863
1131.8,343.58,0,0,0,0,14864
1124.3,335.13,0,0,0,0,14865
1116.1,327.17,0,0,0,0,14866
1108.1,319.74,0,0,0,0,14867
1100.3,311.8,0,0,0,0,14868
1092.6,304.69,0,0,0,0,14869
1084.5,296.33,0,0,0,0,14870
1077.2,287.83,0,0,0,0,14871
1069.4,280.15,0,0,0,0,14872
1061.3,271.7,0,0,0,0,14873
1053.5,264.64,0,0,0,0,14874
1045.2,256.71,0,0,0,0,14875
1038.1,247.98,0,0,0,0,14876
1029.9,240.83,0,0,0,0,14877
1207,403.47,0,0,0,0,15016
1198.1,396.76,0,0,0,0,15017
1189.9,387.11,0,0,0,0,15018
1182.5,379.11,0,0,0,0,15019
1174,372.15,0,0,0,0,15020
1166.7,363.97,0,0,0,0,15021
1158.9,356.26,0,0,0,0,15022
1150.2,348.26,0,0,0,0,15023
1142.4,340.67,0,0,0,0,15024
1135,332.56,0,0,0,0,15025
1127,324.37,0,0,0,0,15026
1118.9,316.66,0,0,0,0,15027
1110.8,309.44,0,0,0,0,15028
1103.4,300.76,0,0,0,0,15029
1095.3,293.87,0,0,0,0,15030
1087.9,285.28,0,0,0,0,15031
1079.8,277.24,0,0,0,0,15032
1071.9,269.81,0,0,0,0,15033
1064.2,261.26,0,0,0,0,15034
1055.9,253.86,0,0,0,0,15035
1048.7,245.64,0,0,0,0,15036
1209.3,393.29,0,0,0,0,15177
1200.7,384.75,0,0,0,0,15178
1193.5,376.5,0,0,0,0,15179
1185.4,368.66,0,0,0,0,15180
1177.3,361.06,0,0,0,0,15181
1169.1,352.22,0,0,0,0,15182
1160.8,345.09,0,0,0,0,15183
1152.9,337.45,0,0,0,0,15184
1145.8,329.29,0,0,0,0,15185
1137.7,321.81,0,0,0,0,15186
1129.7,314.21,0,0,0,0,15187
1121.7,306.22,0,0,0,0,15188
1114,298.72,0,0,0,0,15189
1106.3,290.44,0,0,0,0,15190
1098.5,282.13,0,0,0,0,15191
1090.3,274.05,0,0,0,0,15192
1082.9,266.61,0,0,0,0,15193
1074.9,259.07,0,0,0,0,15194
1066.1,250.62,0,0,0,0,15195
1059.1,242.56,0,0,0,0,15196
1204.1,374.38,0,0,0,0,15342
1196,365.65,0,0,0,0,15343
1188.3,357.91,0,0,0,0,15344
1180.2,350.05,0,0,0,0,15345
1172.7,342.17,0,0,0,0,15346
1163.4,334.14,0,0,0,0,15347
1156.3,325.88,0,0,0,0,15348
1148.3,318.55,0,0,0,0,15349
1140.4,310.88,0,0,0,0,15350
1132.3,303.51,0,0,0,0,15351
1124.5,295.47,0,0,0,0,15352
1116.7,287.63,0,0,0,0,15353
1108.8,279.26,0,0,0,0,15354
1100.7,271.06,0,0,0,0,15355
1093.3,262.96,0,0,0,0,15356
1085.4,255.35,0,0,0,0,15357
1076.8,248.02,0,0,0,0,15358
1207,363.38,0,0,0,0,15507
1198.8,354.62,0,0,0,0,15508
1190.8,347.15,0,0,0,0,15509
1183.3,338.62,0,0,0,0,15510
1174.8,331.6,0,0,0,0,15511
1167,323.58,0,0,0,0,15512
1159.6,315.29,0,0,0,0,15513
1151.5,308.09,0,0,0,0,15514
1143.7,300.52,0,0,0,0,15515
1135.1,293.12,0,0,0,0,15516
1126.9,284.42,0,0,0,0,15517
1119.6,276.9,0,0,0,0,15518
1112.4,268.57,0,0,0,0,15519
1104,260.6,0,0,0,0,15520
1096,252.28,0,0,0,0,15521
1088.1,244.29,0,0,0,0,15522
1209.6,352.66,0,0,0,0,15674
1201.6,344.48,0,0,0,0,15675
1193.9,336.51,0,0,0,0,15676
1186.8,327.9,0,0,0,0,15677
1177.8,321.01,0,0,0,0,15678
1169.8,313.03,0,0,0,0,15679
1161.8,305.05,0,0,0,0,15680
1154.4,296.68,0,0,0,0,15681
1145.5,289.49,0,0,0,0,15682
1137.5,281.36,0,0,0,0,15683
1129.6,272.75,0,0,0,0,15684
1122.6,264.66,0,0,0,0,15685
1114.7,257.63,0,0,0,0,15686
1106.6,250.03,0,0,0,0,15687
1098.8,241.96,0,0,0,0,15688
1204.5,333.8,0,0,0,0,15841
1197.3,325.12,0,0,0,0,15842
1188.7,316.87,0,0,0,0,15843
1180.7,310.13,0,0,0,0,15844
1173,302.68,0,0,0,0,15845
1165.3,294.62,0,0,0,0,15846
1157.6,286.42,0,0,0,0,15847
1148.5,278.71,0,0,0,0,15848
1140.2,270.66,0,0,0,0,15849
1133.3,262.23,0,0,0,0,15850
1124.9,253.6,0,0,0,0,15851
1117,246.39,0,0,0,0,15852
1207.9,322.78,0,0,0,0,16005
1199.9,314.28,0,0,0,0,16006
1192.3,306.73,0,0,0,0,16007
1183.8,299.64,0,0,0,0,16008
1175.4,291.11,0,0,0,0,16009
1168.2,283.33,0,0,0,0,16010
1160,275.82,0,0,0,0,16011
1150.9,267.71,0,0,0,0,16012
1143.8,259.53,0,0,0,0,16013
1136.2,251.52,0,0,0,0,16014
1128.4,242.3,0,0,0,0,16015
1202.2,303.32,0,0,0,0,16165
1194.2,295.93,0,0,0,0,16166
1186.4,288.77,0,0,0,0,16167
1178.6,280.69,0,0,0,0,16168
1170.4,272.67,0,0,0,0,16169
1161.7,264.52,0,0,0,0,16170
1154.3,256.44,0,0,0,0,16171
1146.6,248.04,0,0,0,0,16172
1204.8,292.65,0,0,0,0,16322
1197.2,285.35,0,0,0,0,16323
1189.1,278.2,0,0,0,0,16324
1181.2,269.78,0,0,0,0,16325
1172.6,261.91,0,0,0,0,16326
1165.1,253.99,0,0,0,0,16327
1157.8,245.63,0,0,0,0,16328
1207.9,281.91,0,0,0,0,16474
1199.7,274.95,0,0,0,0,16475
1191.9,267.44,0,0,0,0,16476
1183.8,259.26,0,0,0,0,16477
1176.4,251.42,0,0,0,0,16478
1168.9,243.14,0,0,0,0,16479
1202.5,264.53,0,0,0,0,16624
1194.5,256.94,0,0,0,0,16625
1187.3,248.93,0,0,0,0,16626
1179.5,240.95,0,0,0,0,16627
1205.1,253.89,0,0,0,0,16771
1197.6,245.78,0,0,0,0,16772
1208.3,243.21,0,0,0,0,16913
