334.99,479.8
326.24,474.75
317.49,469.7
343.73,484.85
343.73,474.75
334.99,469.7
326.24,464.65
317.49,459.6
308.75,454.55
300,449.5
352.48,500
352.48,489.9
352.48,479.8
352.48,469.7
343.73,464.65
334.99,459.6
326.24,454.55
317.49,449.5
308.75,444.45
300,439.4
361.23,505.05
361.23,494.95
361.23,484.85
361.23,474.75
361.23,464.65
352.48,459.6
343.73,454.55
334.99,449.5
326.24,444.45
317.49,439.4
308.75,434.35
300,429.3
291.25,434.35
369.97,510.1
369.97,500
369.97,489.9
369.97,479.8
369.97,469.7
369.97,459.6
361.23,454.55
352.48,449.5
343.73,444.45
334.99,439.4
326.24,434.35
317.49,429.3
308.75,424.25
300,419.2
291.25,424.25
378.72,515.15
378.72,505.05
378.72,494.95
378.72,484.85
378.72,474.75
378.72,464.65
378.72,454.55
369.97,449.5
361.23,444.45
352.48,439.4
343.73,434.35
334.99,429.3
326.24,424.25
317.49,419.2
308.75,414.15
300,409.1
291.25,414.15
282.51,419.2
387.47,520.2
387.47,510.1
387.47,500
387.47,489.9
387.47,479.8
387.47,469.7
387.47,459.6
387.47,449.5
378.72,444.45
369.97,439.4
361.23,434.35
352.48,429.3
343.73,424.25
334.99,419.2
326.24,414.15
317.49,409.1
308.75,404.05
300,399
291.25,404.05
282.51,409.1
396.22,525.25
396.22,515.15
396.22,505.05
396.22,494.95
396.22,484.85
396.22,474.75
396.22,464.65
396.22,454.55
396.22,444.45
387.47,439.4
378.72,434.35
369.97,429.3
361.23,424.25
352.48,419.2
343.73,414.15
334.99,409.1
326.24,404.05
317.49,399
308.75,393.95
300,388.9
291.25,393.95
282.51,399
273.76,404.05
404.96,530.3
404.96,520.2
404.96,510.1
404.96,500
404.96,489.9
404.96,479.8
404.96,469.7
404.96,459.6
404.96,449.5
404.96,439.4
396.22,434.35
387.47,429.3
378.72,424.25
369.97,419.2
361.23,414.15
352.48,409.1
343.73,404.05
334.99,399
326.24,393.95
317.49,388.9
308.75,383.85
300,378.8
291.25,383.85
282.51,388.9
273.76,393.95
413.71,525.25
413.71,515.15
413.71,505.05
413.71,494.95
413.71,484.85
413.71,474.75
413.71,464.65
413.71,454.55
413.71,444.45
413.71,434.35
404.96,429.3
396.22,424.25
387.47,419.2
378.72,414.15
369.97,409.1
361.23,404.05
352.48,399
343.73,393.95
334.99,388.9
326.24,383.85
317.49,378.8
308.75,373.75
300,368.7
291.25,373.75
282.51,378.8
273.76,383.85
422.46,530.3
422.46,520.2
422.46,510.1
422.46,500
422.46,489.9
422.46,479.8
422.46,469.7
422.46,459.6
422.46,449.5
422.46,439.4
422.46,429.3
413.71,424.25
404.96,419.2
396.22,414.15
387.47,409.1
378.72,404.05
369.97,399
361.23,393.95
352.48,388.9
343.73,383.85
334.99,378.8
326.24,373.75
317.49,368.7
308.75,363.65
300,358.6
291.25,363.65
282.51,368.7
273.76,373.75
265.01,378.8
431.2,535.35
431.2,525.25
431.2,515.15
431.2,505.05
431.2,494.95
431.2,484.85
431.2,474.75
431.2,464.65
431.2,454.55
431.2,444.45
431.2,434.35
431.2,424.25
422.46,419.2
413.71,414.15
404.96,409.1
396.22,404.05
387.47,399
378.72,393.95
369.97,388.9
361.23,383.85
352.48,378.8
343.73,373.75
334.99,368.7
326.24,363.65
317.49,358.6
308.75,353.55
300,348.5
291.25,353.55
282.51,358.6
273.76,363.65
265.01,368.7
439.95,540.4
439.95,530.3
439.95,520.2
439.95,510.1
439.95,500
439.95,489.9
439.95,479.8
439.95,469.7
439.95,459.6
439.95,449.5
439.95,439.4
439.95,429.3
439.95,419.2
431.2,414.15
422.46,409.1
413.71,404.05
404.96,399
396.22,393.95
387.47,388.9
378.72,383.85
369.97,378.8
361.23,373.75
352.48,368.7
343.73,363.65
334.99,358.6
326.24,353.55
317.49,348.5
308.75,343.45
300,338.4
291.25,343.45
282.51,348.5
273.76,353.55
265.01,358.6
448.7,535.35
448.7,525.25
448.7,515.15
448.7,505.05
448.7,494.95
448.7,484.85
448.7,474.75
448.7,464.65
448.7,454.55
448.7,444.45
448.7,434.35
448.7,424.25
448.7,414.15
439.95,409.1
431.2,404.05
422.46,399
413.71,393.95
404.96,388.9
396.22,383.85
387.47,378.8
378.72,373.75
369.97,368.7
361.23,363.65
352.48,358.6
343.73,353.55
334.99,348.5
326.24,343.45
317.49,338.4
308.75,333.35
300,328.3
291.25,333.35
282.51,338.4
273.76,343.45
265.01,348.5
256.27,353.55
457.44,540.4
457.44,530.3
457.44,520.2
457.44,510.1
457.44,500
457.44,489.9
457.44,479.8
457.44,469.7
457.44,459.6
457.44,449.5
457.44,439.4
457.44,429.3
457.44,419.2
457.44,409.1
448.7,404.05
439.95,399
431.2,393.95
422.46,388.9
413.71,383.85
404.96,378.8
396.22,373.75
387.47,368.7
378.72,363.65
369.97,358.6
361.23,353.55
352.48,348.5
343.73,343.45
334.99,338.4
326.24,333.35
317.49,328.3
308.75,323.25
300,318.2
291.25,323.25
282.51,328.3
273.76,333.35
265.01,338.4
256.27,343.45
466.19,545.45
466.19,535.35
466.19,525.25
466.19,515.15
466.19,505.05
466.19,494.95
466.19,484.85
466.19,474.75
466.19,464.65
466.19,454.55
466.19,444.45
466.19,434.35
466.19,424.25
466.19,414.15
466.19,404.05
457.44,399
448.7,393.95
439.95,388.9
431.2,383.85
422.46,378.8
413.71,373.75
404.96,368.7
396.22,363.65
387.47,358.6
378.72,353.55
369.97,348.5
361.23,343.45
352.48,338.4
343.73,333.35
334.99,328.3
326.24,323.25
317.49,318.2
308.75,313.15
300,308.1
291.25,313.15
282.51,318.2
273.76,323.25
265.01,328.3
256.27,333.35
474.94,540.4
474.94,530.3
474.94,520.2
474.94,510.1
474.94,500
474.94,489.9
474.94,479.8
474.94,469.7
474.94,459.6
474.94,449.5
474.94,439.4
474.94,429.3
474.94,419.2
474.94,409.1
474.94,399
466.19,393.95
457.44,388.9
448.7,383.85
439.95,378.8
431.2,373.75
422.46,368.7
413.71,363.65
404.96,358.6
396.22,353.55
387.47,348.5
378.72,343.45
369.97,338.4
361.23,333.35
352.48,328.3
343.73,323.25
334.99,318.2
326.24,313.15
317.49,308.1
308.75,303.05
300,298
291.25,303.05
282.51,308.1
273.76,313.15
265.01,318.2
256.27,323.25
483.68,545.45
483.68,535.35
483.68,525.25
483.68,515.15
483.68,505.05
483.68,494.95
483.68,484.85
483.68,474.75
483.68,464.65
483.68,454.55
483.68,444.45
483.68,434.35
483.68,424.25
483.68,414.15
483.68,404.05
483.68,393.95
474.94,388.9
466.19,383.85
457.44,378.8
448.7,373.75
439.95,368.7
431.2,363.65
422.46,358.6
413.71,353.55
404.96,348.5
396.22,343.45
387.47,338.4
378.72,333.35
369.97,328.3
361.23,323.25
352.48,318.2
343.73,313.15
334.99,308.1
326.24,303.05
317.49,298
308.75,292.95
300,287.9
291.25,292.95
282.51,298
273.76,303.05
265.01,308.1
256.27,313.15
492.43,540.4
492.43,530.3
492.43,520.2
492.43,510.1
492.43,500
492.43,489.9
492.43,479.8
492.43,469.7
492.43,459.6
492.43,449.5
492.43,439.4
492.43,429.3
492.43,419.2
492.43,409.1
492.43,399
492.43,388.9
483.68,383.85
474.94,378.8
466.19,373.75
457.44,368.7
448.7,363.65
439.95,358.6
431.2,353.55
422.46,348.5
413.71,343.45
404.96,338.4
396.22,333.35
387.47,328.3
378.72,323.25
369.97,318.2
361.23,313.15
352.48,308.1
343.73,303.05
334.99,298
326.24,292.95
317.49,287.9
308.75,282.85
300,277.8
291.25,282.85
282.51,287.9
273.76,292.95
265.01,298
256.27,303.05
501.18,545.45
501.18,535.35
501.18,525.25
501.18,515.15
501.18,505.05
501.18,494.95
501.18,484.85
501.18,474.75
501.18,464.65
501.18,454.55
501.18,444.45
501.18,434.35
501.18,424.25
501.18,414.15
501.18,404.05
501.18,393.95
501.18,383.85
492.43,378.8
483.68,373.75
474.94,368.7
466.19,363.65
457.44,358.6
448.7,353.55
439.95,348.5
431.2,343.45
422.46,338.4
413.71,333.35
404.96,328.3
396.22,323.25
387.47,318.2
378.72,313.15
369.97,308.1
361.23,303.05
352.48,298
343.73,292.95
334.99,287.9
326.24,282.85
317.49,277.8
308.75,272.75
300,267.7
291.25,272.75
282.51,277.8
273.76,282.85
265.01,287.9
256.27,292.95
509.92,540.4
509.92,530.3
509.92,520.2
509.92,510.1
509.92,500
509.92,489.9
509.92,479.8
509.92,469.7
509.92,459.6
509.92,449.5
509.92,439.4
509.92,429.3
509.92,419.2
509.92,409.1
509.92,399
509.92,388.9
509.92,378.8
501.18,373.75
492.43,368.7
483.68,363.65
474.94,358.6
466.19,353.55
457.44,348.5
448.7,343.45
439.95,338.4
431.2,333.35
422.46,328.3
413.71,323.25
404.96,318.2
396.22,313.15
387.47,308.1
378.72,303.05
369.97,298
361.23,292.95
352.48,287.9
343.73,282.85
334.99,277.8
326.24,272.75
317.49,267.7
308.75,262.65
300,257.6
291.25,262.65
282.51,267.7
273.76,272.75
265.01,277.8
256.27,282.85
518.67,545.45
518.67,535.35
518.67,525.25
518.67,515.15
518.67,505.05
518.67,494.95
518.67,484.85
518.67,474.75
518.67,464.65
518.67,454.55
518.67,444.45
518.67,434.35
518.67,424.25
518.67,414.15
518.67,404.05
518.67,393.95
518.67,383.85
518.67,373.75
509.92,368.7
501.18,363.65
492.43,358.6
483.68,353.55
474.94,348.5
466.19,343.45
457.44,338.4
448.7,333.35
439.95,328.3
431.2,323.25
422.46,318.2
413.71,313.15
404.96,308.1
396.22,303.05
387.47,298
378.72,292.95
369.97,287.9
361.23,282.85
352.48,277.8
343.73,272.75
334.99,267.7
326.24,262.65
317.49,257.6
308.75,252.55
300,247.5
291.25,252.55
282.51,257.6
273.76,262.65
265.01,267.7
256.27,272.75
527.42,540.4
527.42,530.3
527.42,520.2
527.42,510.1
527.42,500
527.42,489.9
527.42,479.8
527.42,469.7
527.42,459.6
527.42,449.5
527.42,439.4
527.42,429.3
527.42,419.2
527.42,409.1
527.42,399
527.42,388.9
527.42,378.8
527.42,368.7
518.67,363.65
509.92,358.6
501.18,353.55
492.43,348.5
483.68,343.45
474.94,338.4
466.19,333.35
457.44,328.3
448.7,323.25
439.95,318.2
431.2,313.15
422.46,308.1
413.71,303.05
404.96,298
396.22,292.95
387.47,287.9
378.72,282.85
369.97,277.8
361.23,272.75
352.48,267.7
343.73,262.65
334.99,257.6
326.24,252.55
317.49,247.5
308.75,242.45
300,237.4
291.25,242.45
282.51,247.5
273.76,252.55
265.01,257.6
256.27,262.65
536.17,545.45
536.17,535.35
536.17,525.25
536.17,515.15
536.17,505.05
536.17,494.95
536.17,484.85
536.17,474.75
536.17,464.65
536.17,454.55
536.17,444.45
536.17,434.35
536.17,424.25
536.17,414.15
536.17,404.05
536.17,393.95
536.17,383.85
536.17,373.75
536.17,363.65
527.42,358.6
518.67,353.55
509.92,348.5
501.18,343.45
492.43,338.4
483.68,333.35
474.94,328.3
466.19,323.25
457.44,318.2
448.7,313.15
439.95,308.1
431.2,303.05
422.46,298
413.71,292.95
404.96,287.9
396.22,282.85
387.47,277.8
378.72,272.75
369.97,267.7
361.23,262.65
352.48,257.6
343.73,252.55
334.99,247.5
326.24,242.45
317.49,237.4
308.75,232.35
300,227.3
291.25,232.35
282.51,237.4
273.76,242.45
265.01,247.5
256.27,252.55
544.91,540.4
544.91,530.3
544.91,520.2
544.91,510.1
544.91,500
544.91,489.9
544.91,479.8
544.91,469.7
544.91,459.6
544.91,449.5
544.91,439.4
544.91,429.3
544.91,419.2
544.91,409.1
544.91,399
544.91,388.9
544.91,378.8
544.91,368.7
544.91,358.6
536.17,353.55
527.42,348.5
518.67,343.45
509.92,338.4
501.18,333.35
492.43,328.3
483.68,323.25
474.94,318.2
466.19,313.15
457.44,308.1
448.7,303.05
439.95,298
431.2,292.95
422.46,287.9
413.71,282.85
404.96,277.8
396.22,272.75
387.47,267.7
378.72,262.65
369.97,257.6
361.23,252.55
352.48,247.5
343.73,242.45
334.99,237.4
326.24,232.35
317.49,227.3
308.75,222.25
300,217.2
291.25,222.25
282.51,227.3
273.76,232.35
265.01,237.4
553.66,535.35
553.66,525.25
553.66,515.15
553.66,505.05
553.66,494.95
553.66,484.85
553.66,474.75
553.66,464.65
553.66,454.55
553.66,444.45
553.66,434.35
553.66,424.25
553.66,414.15
553.66,404.05
553.66,393.95
553.66,383.85
553.66,373.75
553.66,363.65
553.66,353.55
544.91,348.5
536.17,343.45
527.42,338.4
518.67,333.35
509.92,328.3
501.18,323.25
492.43,318.2
483.68,313.15
474.94,308.1
466.19,303.05
457.44,298
448.7,292.95
439.95,287.9
431.2,282.85
422.46,277.8
413.71,272.75
404.96,267.7
396.22,262.65
387.47,257.6
378.72,252.55
369.97,247.5
361.23,242.45
352.48,237.4
343.73,232.35
334.99,227.3
326.24,222.25
317.49,217.2
308.75,212.15
300,207.1
291.25,212.15
282.51,217.2
273.76,222.25
265.01,227.3
562.41,540.4
562.41,530.3
562.41,520.2
562.41,510.1
562.41,500
562.41,489.9
562.41,479.8
562.41,469.7
562.41,459.6
562.41,449.5
562.41,439.4
562.41,429.3
562.41,419.2
562.41,409.1
562.41,399
562.41,388.9
562.41,378.8
562.41,368.7
562.41,358.6
562.41,348.5
553.66,343.45
544.91,338.4
536.17,333.35
527.42,328.3
518.67,323.25
509.92,318.2
501.18,313.15
492.43,308.1
483.68,303.05
474.94,298
466.19,292.95
457.44,287.9
448.7,282.85
439.95,277.8
431.2,272.75
422.46,267.7
413.71,262.65
404.96,257.6
396.22,252.55
387.47,247.5
378.72,242.45
369.97,237.4
361.23,232.35
352.48,227.3
343.73,222.25
334.99,217.2
326.24,212.15
317.49,207.1
308.75,202.05
300,197
291.25,202.05
282.51,207.1
273.76,212.15
265.01,217.2
571.15,535.35
571.15,525.25
571.15,515.15
571.15,505.05
571.15,494.95
571.15,484.85
571.15,474.75
571.15,464.65
571.15,454.55
571.15,444.45
571.15,434.35
571.15,424.25
571.15,414.15
571.15,404.05
571.15,393.95
571.15,383.85
571.15,373.75
571.15,363.65
571.15,353.55
571.15,343.45
562.41,338.4
553.66,333.35
544.91,328.3
536.17,323.25
527.42,318.2
518.67,313.15
509.92,308.1
501.18,303.05
492.43,298
483.68,292.95
474.94,287.9
466.19,282.85
457.44,277.8
448.7,272.75
439.95,267.7
431.2,262.65
422.46,257.6
413.71,252.55
404.96,247.5
396.22,242.45
387.47,237.4
378.72,232.35
369.97,227.3
361.23,222.25
352.48,217.2
343.73,212.15
334.99,207.1
326.24,202.05
317.49,197
308.75,191.95
300,186.9
291.25,191.95
282.51,197
273.76,202.05
579.9,530.3
579.9,520.2
579.9,510.1
579.9,500
579.9,489.9
579.9,479.8
579.9,469.7
579.9,459.6
579.9,449.5
579.9,439.4
579.9,429.3
579.9,419.2
579.9,409.1
579.9,399
579.9,388.9
579.9,378.8
579.9,368.7
579.9,358.6
579.9,348.5
579.9,338.4
571.15,333.35
562.41,328.3
553.66,323.25
544.91,318.2
536.17,313.15
527.42,308.1
518.67,303.05
509.92,298
501.18,292.95
492.43,287.9
483.68,282.85
474.94,277.8
466.19,272.75
457.44,267.7
448.7,262.65
439.95,257.6
431.2,252.55
422.46,247.5
413.71,242.45
404.96,237.4
396.22,232.35
387.47,227.3
378.72,222.25
369.97,217.2
361.23,212.15
352.48,207.1
343.73,202.05
334.99,197
326.24,191.95
317.49,186.9
308.75,181.85
300,176.8
291.25,181.85
282.51,186.9
588.65,525.25
588.65,515.15
588.65,505.05
588.65,494.95
588.65,484.85
588.65,474.75
588.65,464.65
588.65,454.55
588.65,444.45
588.65,434.35
588.65,424.25
588.65,414.15
588.65,404.05
588.65,393.95
588.65,383.85
588.65,373.75
588.65,363.65
588.65,353.55
588.65,343.45
588.65,333.35
579.9,328.3
571.15,323.25
562.41,318.2
553.66,313.15
544.91,308.1
536.17,303.05
527.42,298
518.67,292.95
509.92,287.9
501.18,282.85
492.43,277.8
483.68,272.75
474.94,267.7
466.19,262.65
457.44,257.6
448.7,252.55
439.95,247.5
431.2,242.45
422.46,237.4
413.71,232.35
404.96,227.3
396.22,222.25
387.47,217.2
378.72,212.15
369.97,207.1
361.23,202.05
352.48,197
343.73,191.95
334.99,186.9
326.24,181.85
317.49,176.8
308.75,171.75
300,166.7
291.25,171.75
597.39,520.2
597.39,510.1
597.39,500
597.39,489.9
597.39,479.8
597.39,469.7
597.39,459.6
597.39,449.5
597.39,439.4
597.39,429.3
597.39,419.2
597.39,409.1
597.39,399
597.39,388.9
597.39,378.8
597.39,368.7
597.39,358.6
597.39,348.5
597.39,338.4
597.39,328.3
588.65,323.25
579.9,318.2
571.15,313.15
562.41,308.1
553.66,303.05
544.91,298
536.17,292.95
527.42,287.9
518.67,282.85
509.92,277.8
501.18,272.75
492.43,267.7
483.68,262.65
474.94,257.6
466.19,252.55
457.44,247.5
448.7,242.45
439.95,237.4
431.2,232.35
422.46,227.3
413.71,222.25
404.96,217.2
396.22,212.15
387.47,207.1
378.72,202.05
369.97,197
361.23,191.95
352.48,186.9
343.73,181.85
334.99,176.8
326.24,171.75
317.49,166.7
308.75,161.65
300,156.6
606.14,525.25
606.14,515.15
606.14,505.05
606.14,494.95
606.14,484.85
606.14,474.75
606.14,464.65
606.14,454.55
606.14,444.45
606.14,434.35
606.14,424.25
606.14,414.15
606.14,404.05
606.14,393.95
606.14,383.85
606.14,373.75
606.14,363.65
606.14,353.55
606.14,343.45
606.14,333.35
606.14,323.25
597.39,318.2
588.65,313.15
579.9,308.1
571.15,303.05
562.41,298
553.66,292.95
544.91,287.9
536.17,282.85
527.42,277.8
518.67,272.75
509.92,267.7
501.18,262.65
492.43,257.6
483.68,252.55
474.94,247.5
466.19,242.45
457.44,237.4
448.7,232.35
439.95,227.3
431.2,222.25
422.46,217.2
413.71,212.15
404.96,207.1
396.22,202.05
387.47,197
378.72,191.95
369.97,186.9
361.23,181.85
352.48,176.8
343.73,171.75
334.99,166.7
326.24,161.65
317.49,156.6
308.75,151.55
614.89,520.2
614.89,510.1
614.89,500
614.89,489.9
614.89,479.8
614.89,469.7
614.89,459.6
614.89,449.5
614.89,439.4
614.89,429.3
614.89,419.2
614.89,409.1
614.89,399
614.89,388.9
614.89,378.8
614.89,368.7
614.89,358.6
614.89,348.5
614.89,338.4
614.89,328.3
614.89,318.2
606.14,313.15
597.39,308.1
588.65,303.05
579.9,298
571.15,292.95
562.41,287.9
553.66,282.85
544.91,277.8
536.17,272.75
527.42,267.7
518.67,262.65
509.92,257.6
501.18,252.55
492.43,247.5
483.68,242.45
474.94,237.4
466.19,232.35
457.44,227.3
448.7,222.25
439.95,217.2
431.2,212.15
422.46,207.1
413.71,202.05
404.96,197
396.22,191.95
387.47,186.9
378.72,181.85
369.97,176.8
361.23,171.75
352.48,166.7
343.73,161.65
334.99,156.6
326.24,151.55
317.49,146.5
308.75,141.45
623.63,515.15
623.63,505.05
623.63,494.95
623.63,484.85
623.63,474.75
623.63,464.65
623.63,454.55
623.63,444.45
623.63,434.35
623.63,424.25
623.63,414.15
623.63,404.05
623.63,393.95
623.63,383.85
623.63,373.75
623.63,363.65
623.63,353.55
623.63,343.45
623.63,333.35
623.63,323.25
623.63,313.15
614.89,308.1
606.14,303.05
597.39,298
588.65,292.95
579.9,287.9
571.15,282.85
562.41,277.8
553.66,272.75
544.91,267.7
536.17,262.65
527.42,257.6
518.67,252.55
509.92,247.5
501.18,242.45
492.43,237.4
483.68,232.35
474.94,227.3
466.19,222.25
457.44,217.2
448.7,212.15
439.95,207.1
431.2,202.05
422.46,197
413.71,191.95
404.96,186.9
396.22,181.85
387.47,176.8
378.72,171.75
369.97,166.7
361.23,161.65
352.48,156.6
343.73,151.55
334.99,146.5
326.24,141.45
317.49,136.4
632.38,510.1
632.38,500
632.38,489.9
632.38,479.8
632.38,469.7
632.38,459.6
632.38,449.5
632.38,439.4
632.38,429.3
632.38,419.2
632.38,409.1
632.38,399
632.38,388.9
632.38,378.8
632.38,368.7
632.38,358.6
632.38,348.5
632.38,338.4
632.38,328.3
632.38,318.2
632.38,308.1
623.63,303.05
614.89,298
606.14,292.95
597.39,287.9
588.65,282.85
579.9,277.8
571.15,272.75
562.41,267.7
553.66,262.65
544.91,257.6
536.17,252.55
527.42,247.5
518.67,242.45
509.92,237.4
501.18,232.35
492.43,227.3
483.68,222.25
474.94,217.2
466.19,212.15
457.44,207.1
448.7,202.05
439.95,197
431.2,191.95
422.46,186.9
413.71,181.85
404.96,176.8
396.22,171.75
387.47,166.7
378.72,161.65
369.97,156.6
361.23,151.55
352.48,146.5
343.73,141.45
334.99,136.4
326.24,131.35
641.13,505.05
641.13,494.95
641.13,484.85
641.13,474.75
641.13,464.65
641.13,454.55
641.13,444.45
641.13,434.35
641.13,424.25
641.13,414.15
641.13,404.05
641.13,393.95
641.13,383.85
641.13,373.75
641.13,363.65
641.13,353.55
641.13,343.45
641.13,333.35
641.13,323.25
641.13,313.15
641.13,303.05
632.38,298
623.63,292.95
614.89,287.9
606.14,282.85
597.39,277.8
588.65,272.75
579.9,267.7
571.15,262.65
562.41,257.6
553.66,252.55
544.91,247.5
536.17,242.45
527.42,237.4
518.67,232.35
509.92,227.3
501.18,222.25
492.43,217.2
483.68,212.15
474.94,207.1
466.19,202.05
457.44,197
448.7,191.95
439.95,186.9
431.2,181.85
422.46,176.8
413.71,171.75
404.96,166.7
396.22,161.65
387.47,156.6
378.72,151.55
369.97,146.5
361.23,141.45
352.48,136.4
343.73,131.35
334.99,126.3
326.24,121.25
649.87,489.9
649.87,479.8
649.87,469.7
649.87,459.6
649.87,449.5
649.87,439.4
649.87,429.3
649.87,419.2
649.87,409.1
649.87,399
649.87,388.9
649.87,378.8
649.87,368.7
649.87,358.6
649.87,348.5
649.87,338.4
649.87,328.3
649.87,318.2
649.87,308.1
649.87,298
641.13,292.95
632.38,287.9
623.63,282.85
614.89,277.8
606.14,272.75
597.39,267.7
588.65,262.65
579.9,257.6
571.15,252.55
562.41,247.5
553.66,242.45
544.91,237.4
536.17,232.35
527.42,227.3
518.67,222.25
509.92,217.2
501.18,212.15
492.43,207.1
483.68,202.05
474.94,197
466.19,191.95
457.44,186.9
448.7,181.85
439.95,176.8
431.2,171.75
422.46,166.7
413.71,161.65
404.96,156.6
396.22,151.55
387.47,146.5
378.72,141.45
369.97,136.4
361.23,131.35
352.48,126.3
343.73,121.25
334.99,116.2
658.62,484.85
658.62,474.75
658.62,464.65
658.62,454.55
658.62,444.45
658.62,434.35
658.62,424.25
658.62,414.15
658.62,404.05
658.62,393.95
658.62,383.85
658.62,373.75
658.62,363.65
658.62,353.55
658.62,343.45
658.62,333.35
658.62,323.25
658.62,313.15
658.62,303.05
658.62,292.95
649.87,287.9
641.13,282.85
632.38,277.8
623.63,272.75
614.89,267.7
606.14,262.65
597.39,257.6
588.65,252.55
579.9,247.5
571.15,242.45
562.41,237.4
553.66,232.35
544.91,227.3
536.17,222.25
527.42,217.2
518.67,212.15
509.92,207.1
501.18,202.05
492.43,197
483.68,191.95
474.94,186.9
466.19,181.85
457.44,176.8
448.7,171.75
439.95,166.7
431.2,161.65
422.46,156.6
413.71,151.55
404.96,146.5
396.22,141.45
387.47,136.4
378.72,131.35
369.97,126.3
361.23,121.25
352.48,116.2
343.73,111.15
667.37,479.8
667.37,469.7
667.37,459.6
667.37,449.5
667.37,439.4
667.37,429.3
667.37,419.2
667.37,409.1
667.37,399
667.37,388.9
667.37,378.8
667.37,368.7
667.37,358.6
667.37,348.5
667.37,338.4
667.37,328.3
667.37,318.2
667.37,308.1
667.37,298
667.37,287.9
658.62,282.85
649.87,277.8
641.13,272.75
632.38,267.7
623.63,262.65
614.89,257.6
606.14,252.55
597.39,247.5
588.65,242.45
579.9,237.4
571.15,232.35
562.41,227.3
553.66,222.25
544.91,217.2
536.17,212.15
527.42,207.1
518.67,202.05
509.92,197
501.18,191.95
492.43,186.9
483.68,181.85
474.94,176.8
466.19,171.75
457.44,166.7
448.7,161.65
439.95,156.6
431.2,151.55
422.46,146.5
413.71,141.45
404.96,136.4
396.22,131.35
387.47,126.3
378.72,121.25
369.97,116.2
361.23,111.15
352.48,106.1
676.11,474.75
676.11,464.65
676.11,454.55
676.11,444.45
676.11,434.35
676.11,424.25
676.11,414.15
676.11,404.05
676.11,393.95
676.11,383.85
676.11,373.75
676.11,363.65
676.11,353.55
676.11,343.45
676.11,333.35
676.11,323.25
676.11,313.15
676.11,303.05
676.11,292.95
676.11,282.85
667.37,277.8
658.62,272.75
649.87,267.7
641.13,262.65
632.38,257.6
623.63,252.55
614.89,247.5
606.14,242.45
597.39,237.4
588.65,232.35
579.9,227.3
571.15,222.25
562.41,217.2
553.66,212.15
544.91,207.1
536.17,202.05
527.42,197
518.67,191.95
509.92,186.9
501.18,181.85
492.43,176.8
483.68,171.75
474.94,166.7
466.19,161.65
457.44,156.6
448.7,151.55
439.95,146.5
431.2,141.45
422.46,136.4
413.71,131.35
404.96,126.3
396.22,121.25
387.47,116.2
378.72,111.15
369.97,106.1
361.23,101.05
684.86,459.6
684.86,449.5
684.86,439.4
684.86,429.3
684.86,419.2
684.86,409.1
684.86,399
684.86,388.9
684.86,378.8
684.86,368.7
684.86,358.6
684.86,348.5
684.86,338.4
684.86,328.3
684.86,318.2
684.86,308.1
684.86,298
684.86,287.9
684.86,277.8
676.11,272.75
667.37,267.7
658.62,262.65
649.87,257.6
641.13,252.55
632.38,247.5
623.63,242.45
614.89,237.4
606.14,232.35
597.39,227.3
588.65,222.25
579.9,217.2
571.15,212.15
562.41,207.1
553.66,202.05
544.91,197
536.17,191.95
527.42,186.9
518.67,181.85
509.92,176.8
501.18,171.75
492.43,166.7
483.68,161.65
474.94,156.6
466.19,151.55
457.44,146.5
448.7,141.45
439.95,136.4
431.2,131.35
422.46,126.3
413.71,121.25
404.96,116.2
396.22,111.15
387.47,106.1
378.72,101.05
369.97,96
693.61,454.55
693.61,444.45
693.61,434.35
693.61,424.25
693.61,414.15
693.61,404.05
693.61,393.95
693.61,383.85
693.61,373.75
693.61,363.65
693.61,353.55
693.61,343.45
693.61,333.35
693.61,323.25
693.61,313.15
693.61,303.05
693.61,292.95
693.61,282.85
693.61,272.75
684.86,267.7
676.11,262.65
667.37,257.6
658.62,252.55
649.87,247.5
641.13,242.45
632.38,237.4
623.63,232.35
614.89,227.3
606.14,222.25
597.39,217.2
588.65,212.15
579.9,207.1
571.15,202.05
562.41,197
553.66,191.95
544.91,186.9
536.17,181.85
527.42,176.8
518.67,171.75
509.92,166.7
501.18,161.65
492.43,156.6
483.68,151.55
474.94,146.5
466.19,141.45
457.44,136.4
448.7,131.35
439.95,126.3
431.2,121.25
422.46,116.2
413.71,111.15
404.96,106.1
396.22,101.05
387.47,96
378.72,90.95
702.36,439.4
702.36,429.3
702.36,419.2
702.36,409.1
702.36,399
702.36,388.9
702.36,378.8
702.36,368.7
702.36,358.6
702.36,348.5
702.36,338.4
702.36,328.3
702.36,318.2
702.36,308.1
702.36,298
702.36,287.9
702.36,277.8
702.36,267.7
693.61,262.65
684.86,257.6
676.11,252.55
667.37,247.5
658.62,242.45
649.87,237.4
641.13,232.35
632.38,227.3
623.63,222.25
614.89,217.2
606.14,212.15
597.39,207.1
588.65,202.05
579.9,197
571.15,191.95
562.41,186.9
553.66,181.85
544.91,176.8
536.17,171.75
527.42,166.7
518.67,161.65
509.92,156.6
501.18,151.55
492.43,146.5
483.68,141.45
474.94,136.4
466.19,131.35
457.44,126.3
448.7,121.25
439.95,116.2
431.2,111.15
422.46,106.1
413.71,101.05
404.96,96
396.22,90.95
387.47,85.9
711.1,424.25
711.1,414.15
711.1,404.05
711.1,393.95
711.1,383.85
711.1,373.75
711.1,363.65
711.1,353.55
711.1,343.45
711.1,333.35
711.1,323.25
711.1,313.15
711.1,303.05
711.1,292.95
711.1,282.85
711.1,272.75
711.1,262.65
702.36,257.6
693.61,252.55
684.86,247.5
676.11,242.45
667.37,237.4
658.62,232.35
649.87,227.3
641.13,222.25
632.38,217.2
623.63,212.15
614.89,207.1
606.14,202.05
597.39,197
588.65,191.95
579.9,186.9
571.15,181.85
562.41,176.8
553.66,171.75
544.91,166.7
536.17,161.65
527.42,156.6
518.67,151.55
509.92,146.5
501.18,141.45
492.43,136.4
483.68,131.35
474.94,126.3
466.19,121.25
457.44,116.2
448.7,111.15
439.95,106.1
431.2,101.05
422.46,96
413.71,90.95
404.96,85.9
396.22,80.85
719.85,409.1
719.85,399
719.85,388.9
719.85,378.8
719.85,368.7
719.85,358.6
719.85,348.5
719.85,338.4
719.85,328.3
719.85,318.2
719.85,308.1
719.85,298
719.85,287.9
719.85,277.8
719.85,267.7
719.85,257.6
711.1,252.55
702.36,247.5
693.61,242.45
684.86,237.4
676.11,232.35
667.37,227.3
658.62,222.25
649.87,217.2
641.13,212.15
632.38,207.1
623.63,202.05
614.89,197
606.14,191.95
597.39,186.9
588.65,181.85
579.9,176.8
571.15,171.75
562.41,166.7
553.66,161.65
544.91,156.6
536.17,151.55
527.42,146.5
518.67,141.45
509.92,136.4
501.18,131.35
492.43,126.3
483.68,121.25
474.94,116.2
466.19,111.15
457.44,106.1
448.7,101.05
439.95,96
431.2,90.95
422.46,85.9
413.71,80.85
404.96,75.8
728.6,393.95
728.6,383.85
728.6,373.75
728.6,363.65
728.6,353.55
728.6,343.45
728.6,333.35
728.6,323.25
728.6,313.15
728.6,303.05
728.6,292.95
728.6,282.85
728.6,272.75
728.6,262.65
728.6,252.55
719.85,247.5
711.1,242.45
702.36,237.4
693.61,232.35
684.86,227.3
676.11,222.25
667.37,217.2
658.62,212.15
649.87,207.1
641.13,202.05
632.38,197
623.63,191.95
614.89,186.9
606.14,181.85
597.39,176.8
588.65,171.75
579.9,166.7
571.15,161.65
562.41,156.6
553.66,151.55
544.91,146.5
536.17,141.45
527.42,136.4
518.67,131.35
509.92,126.3
501.18,121.25
492.43,116.2
483.68,111.15
474.94,106.1
466.19,101.05
457.44,96
448.7,90.95
439.95,85.9
431.2,80.85
422.46,75.8
413.71,70.75
737.34,368.7
737.34,358.6
737.34,348.5
737.34,338.4
737.34,328.3
737.34,318.2
737.34,308.1
737.34,298
737.34,287.9
737.34,277.8
737.34,267.7
737.34,257.6
737.34,247.5
728.6,242.45
719.85,237.4
711.1,232.35
702.36,227.3
693.61,222.25
684.86,217.2
676.11,212.15
667.37,207.1
658.62,202.05
649.87,197
641.13,191.95
632.38,186.9
623.63,181.85
614.89,176.8
606.14,171.75
597.39,166.7
588.65,161.65
579.9,156.6
571.15,151.55
562.41,146.5
553.66,141.45
544.91,136.4
536.17,131.35
527.42,126.3
518.67,121.25
509.92,116.2
501.18,111.15
492.43,106.1
483.68,101.05
474.94,96
466.19,90.95
457.44,85.9
448.7,80.85
439.95,75.8
431.2,70.75
422.46,65.7
746.09,333.35
746.09,323.25
746.09,313.15
746.09,303.05
746.09,292.95
746.09,282.85
746.09,272.75
746.09,262.65
737.34,237.4
728.6,232.35
719.85,227.3
711.1,222.25
702.36,217.2
693.61,212.15
684.86,207.1
676.11,202.05
667.37,197
658.62,191.95
649.87,186.9
641.13,181.85
632.38,176.8
623.63,171.75
614.89,166.7
606.14,161.65
597.39,156.6
588.65,151.55
579.9,146.5
571.15,141.45
562.41,136.4
553.66,131.35
544.91,126.3
536.17,121.25
527.42,116.2
518.67,111.15
509.92,106.1
501.18,101.05
492.43,96
483.68,90.95
474.94,85.9
466.19,80.85
457.44,75.8
448.7,70.75
439.95,65.7
431.2,60.65
737.34,227.3
728.6,222.25
719.85,217.2
711.1,212.15
702.36,207.1
693.61,202.05
684.86,197
676.11,191.95
667.37,186.9
658.62,181.85
649.87,176.8
641.13,171.75
632.38,166.7
623.63,161.65
614.89,156.6
606.14,151.55
597.39,146.5
588.65,141.45
579.9,136.4
571.15,131.35
562.41,126.3
553.66,121.25
544.91,116.2
536.17,111.15
527.42,106.1
518.67,101.05
509.92,96
501.18,90.95
492.43,85.9
483.68,80.85
474.94,75.8
466.19,70.75
457.44,65.7
448.7,60.65
728.6,212.15
719.85,207.1
711.1,202.05
702.36,197
693.61,191.95
684.86,186.9
676.11,181.85
667.37,176.8
658.62,171.75
649.87,166.7
641.13,161.65
632.38,156.6
623.63,151.55
614.89,146.5
606.14,141.45
597.39,136.4
588.65,131.35
579.9,126.3
571.15,121.25
562.41,116.2
553.66,111.15
544.91,106.1
536.17,101.05
527.42,96
518.67,90.95
509.92,85.9
501.18,80.85
492.43,75.8
483.68,70.75
474.94,65.7
466.19,60.65
457.44,55.6
728.6,202.05
719.85,197
711.1,191.95
702.36,186.9
693.61,181.85
684.86,176.8
676.11,171.75
667.37,166.7
658.62,161.65
649.87,156.6
641.13,151.55
632.38,146.5
623.63,141.45
614.89,136.4
606.14,131.35
597.39,126.3
588.65,121.25
579.9,116.2
571.15,111.15
562.41,106.1
553.66,101.05
544.91,96
536.17,90.95
527.42,85.9
518.67,80.85
509.92,75.8
501.18,70.75
492.43,65.7
483.68,60.65
474.94,55.6
719.85,186.9
711.1,181.85
702.36,176.8
693.61,171.75
684.86,166.7
676.11,161.65
667.37,156.6
658.62,151.55
649.87,146.5
641.13,141.45
632.38,136.4
623.63,131.35
614.89,126.3
606.14,121.25
597.39,116.2
588.65,111.15
579.9,106.1
571.15,101.05
562.41,96
553.66,90.95
544.91,85.9
536.17,80.85
527.42,75.8
518.67,70.75
509.92,65.7
501.18,60.65
492.43,55.6
711.1,171.75
702.36,166.7
693.61,161.65
684.86,156.6
676.11,151.55
667.37,146.5
658.62,141.45
649.87,136.4
641.13,131.35
632.38,126.3
623.63,121.25
614.89,116.2
606.14,111.15
597.39,106.1
588.65,101.05
579.9,96
571.15,90.95
562.41,85.9
553.66,80.85
544.91,75.8
536.17,70.75
527.42,65.7
518.67,60.65
509.92,55.6
501.18,50.55
702.36,156.6
693.61,151.55
684.86,146.5
676.11,141.45
667.37,136.4
658.62,131.35
649.87,126.3
641.13,121.25
632.38,116.2
623.63,111.15
614.89,106.1
606.14,101.05
597.39,96
588.65,90.95
579.9,85.9
571.15,80.85
562.41,75.8
553.66,70.75
544.91,65.7
536.17,60.65
527.42,55.6
684.86,136.4
676.11,131.35
667.37,126.3
658.62,121.25
649.87,116.2
641.13,111.15
632.38,106.1
623.63,101.05
614.89,96
606.14,90.95
597.39,85.9
588.65,80.85
579.9,75.8
571.15,70.75
562.41,65.7
553.66,60.65
544.91,55.6
667.37,116.2
658.62,111.15
649.87,106.1
641.13,101.05
632.38,96
623.63,90.95
614.89,85.9
606.14,80.85
597.39,75.8
588.65,70.75
579.9,65.7
571.15,60.65
294.95,508.75
305.05,508.75
310.1,500
305.05,491.25
294.95,491.25
289.9,500
289.9,517.49
300,517.49
310.1,517.49
315.15,508.75
320.2,500
315.15,491.25
310.1,482.51
300,482.51
289.9,482.51
284.85,491.25
279.8,500
284.85,508.75
284.85,526.24
294.95,526.24
305.05,526.24
315.15,526.24
320.2,517.49
325.25,508.75
330.3,500
325.25,491.25
305.05,473.76
294.95,473.76
284.85,473.76
279.8,482.51
274.75,491.25
269.7,500
274.75,508.75
279.8,517.49
279.8,534.99
289.9,534.99
300,534.99
310.1,534.99
320.2,534.99
325.25,526.24
330.3,517.49
335.35,508.75
340.4,500
335.35,491.25
300,465.01
289.9,465.01
279.8,465.01
274.75,473.76
269.7,482.51
264.65,491.25
259.6,500
264.65,508.75
269.7,517.49
274.75,526.24
274.75,543.73
284.85,543.73
294.95,543.73
305.05,543.73
315.15,543.73
325.25,543.73
330.3,534.99
335.35,526.24
340.4,517.49
345.45,508.75
284.85,456.27
274.75,456.27
269.7,465.01
264.65,473.76
259.6,482.51
254.55,491.25
249.5,500
254.55,508.75
259.6,517.49
264.65,526.24
269.7,534.99
269.7,552.48
279.8,552.48
289.9,552.48
300,552.48
310.1,552.48
320.2,552.48
330.3,552.48
335.35,543.73
340.4,534.99
345.45,526.24
350.5,517.49
289.9,447.52
279.8,447.52
269.7,447.52
264.65,456.27
259.6,465.01
254.55,473.76
249.5,482.51
244.45,491.25
239.4,500
244.45,508.75
249.5,517.49
254.55,526.24
259.6,534.99
264.65,543.73
264.65,561.23
274.75,561.23
284.85,561.23
294.95,561.23
305.05,561.23
315.15,561.23
325.25,561.23
335.35,561.23
340.4,552.48
345.45,543.73
350.5,534.99
355.55,526.24
360.6,517.49
274.75,438.77
264.65,438.77
259.6,447.52
254.55,456.27
249.5,465.01
244.45,473.76
239.4,482.51
234.35,491.25
229.3,500
234.35,508.75
239.4,517.49
244.45,526.24
249.5,534.99
254.55,543.73
259.6,552.48
259.6,569.97
269.7,569.97
279.8,569.97
289.9,569.97
300,569.97
310.1,569.97
320.2,569.97
330.3,569.97
340.4,569.97
345.45,561.23
350.5,552.48
355.55,543.73
360.6,534.99
365.65,526.24
279.8,430.03
269.7,430.03
259.6,430.03
254.55,438.77
249.5,447.52
244.45,456.27
239.4,465.01
234.35,473.76
229.3,482.51
224.25,491.25
219.2,500
224.25,508.75
229.3,517.49
234.35,526.24
239.4,534.99
244.45,543.73
249.5,552.48
254.55,561.23
254.55,578.72
264.65,578.72
274.75,578.72
284.85,578.72
294.95,578.72
305.05,578.72
315.15,578.72
325.25,578.72
335.35,578.72
345.45,578.72
350.5,569.97
355.55,561.23
360.6,552.48
365.65,543.73
370.7,534.99
375.75,526.24
264.65,421.28
254.55,421.28
249.5,430.03
244.45,438.77
239.4,447.52
234.35,456.27
229.3,465.01
224.25,473.76
219.2,482.51
214.15,491.25
209.1,500
214.15,508.75
219.2,517.49
224.25,526.24
229.3,534.99
234.35,543.73
239.4,552.48
244.45,561.23
249.5,569.97
249.5,587.47
259.6,587.47
269.7,587.47
279.8,587.47
289.9,587.47
300,587.47
310.1,587.47
320.2,587.47
330.3,587.47
340.4,587.47
350.5,587.47
355.55,578.72
360.6,569.97
365.65,561.23
370.7,552.48
375.75,543.73
380.8,534.99
259.6,412.53
249.5,412.53
244.45,421.28
239.4,430.03
234.35,438.77
229.3,447.52
224.25,456.27
219.2,465.01
214.15,473.76
209.1,482.51
204.05,491.25
199,500
204.05,508.75
209.1,517.49
214.15,526.24
219.2,534.99
224.25,543.73
229.3,552.48
234.35,561.23
239.4,569.97
244.45,578.72
244.45,596.22
254.55,596.22
264.65,596.22
274.75,596.22
284.85,596.22
294.95,596.22
305.05,596.22
315.15,596.22
325.25,596.22
335.35,596.22
345.45,596.22
355.55,596.22
360.6,587.47
365.65,578.72
370.7,569.97
375.75,561.23
380.8,552.48
385.85,543.73
390.9,534.99
254.55,403.78
244.45,403.78
239.4,412.53
234.35,421.28
229.3,430.03
224.25,438.77
219.2,447.52
214.15,456.27
209.1,465.01
204.05,473.76
199,482.51
193.95,491.25
188.9,500
193.95,508.75
199,517.49
204.05,526.24
209.1,534.99
214.15,543.73
219.2,552.48
224.25,561.23
229.3,569.97
234.35,578.72
239.4,587.47
365.65,596.22
370.7,587.47
375.75,578.72
380.8,569.97
385.85,561.23
390.9,552.48
395.95,543.73
259.6,395.04
249.5,395.04
239.4,395.04
234.35,403.78
229.3,412.53
224.25,421.28
219.2,430.03
214.15,438.77
209.1,447.52
204.05,456.27
199,465.01
193.95,473.76
188.9,482.51
183.85,491.25
178.8,500
183.85,508.75
188.9,517.49
193.95,526.24
199,534.99
204.05,543.73
209.1,552.48
214.15,561.23
219.2,569.97
224.25,578.72
229.3,587.47
234.35,596.22
375.75,596.22
380.8,587.47
385.85,578.72
390.9,569.97
395.95,561.23
401,552.48
406.05,543.73
254.55,386.29
244.45,386.29
234.35,386.29
229.3,395.04
224.25,403.78
219.2,412.53
214.15,421.28
209.1,430.03
204.05,438.77
199,447.52
193.95,456.27
188.9,465.01
183.85,473.76
178.8,482.51
173.75,491.25
168.7,500
173.75,508.75
178.8,517.49
183.85,526.24
188.9,534.99
193.95,543.73
199,552.48
204.05,561.23
209.1,569.97
214.15,578.72
219.2,587.47
224.25,596.22
385.85,596.22
390.9,587.47
395.95,578.72
401,569.97
406.05,561.23
411.1,552.48
416.15,543.73
249.5,377.54
239.4,377.54
229.3,377.54
224.25,386.29
219.2,395.04
214.15,403.78
209.1,412.53
204.05,421.28
199,430.03
193.95,438.77
188.9,447.52
183.85,456.27
178.8,465.01
173.75,473.76
168.7,482.51
163.65,491.25
158.6,500
163.65,508.75
168.7,517.49
173.75,526.24
178.8,534.99
183.85,543.73
188.9,552.48
193.95,561.23
199,569.97
204.05,578.72
209.1,587.47
214.15,596.22
395.95,596.22
401,587.47
406.05,578.72
411.1,569.97
416.15,561.23
421.2,552.48
254.55,368.8
244.45,368.8
234.35,368.8
224.25,368.8
219.2,377.54
214.15,386.29
209.1,395.04
204.05,403.78
199,412.53
193.95,421.28
188.9,430.03
183.85,438.77
178.8,447.52
173.75,456.27
168.7,465.01
163.65,473.76
158.6,482.51
153.55,491.25
148.5,500
153.55,508.75
158.6,517.49
163.65,526.24
168.7,534.99
173.75,543.73
178.8,552.48
183.85,561.23
188.9,569.97
193.95,578.72
199,587.47
204.05,596.22
406.05,596.22
411.1,587.47
416.15,578.72
421.2,569.97
426.25,561.23
431.3,552.48
239.4,360.05
229.3,360.05
219.2,360.05
214.15,368.8
209.1,377.54
204.05,386.29
199,395.04
193.95,403.78
188.9,412.53
183.85,421.28
178.8,430.03
173.75,438.77
168.7,447.52
163.65,456.27
158.6,465.01
153.55,473.76
148.5,482.51
143.45,491.25
138.4,500
143.45,508.75
148.5,517.49
153.55,526.24
158.6,534.99
163.65,543.73
168.7,552.48
173.75,561.23
178.8,569.97
183.85,578.72
188.9,587.47
193.95,596.22
416.15,596.22
421.2,587.47
426.25,578.72
431.3,569.97
436.35,561.23
441.4,552.48
244.45,351.3
234.35,351.3
224.25,351.3
214.15,351.3
209.1,360.05
204.05,368.8
199,377.54
193.95,386.29
188.9,395.04
183.85,403.78
178.8,412.53
173.75,421.28
168.7,430.03
163.65,438.77
158.6,447.52
153.55,456.27
148.5,465.01
143.45,473.76
138.4,482.51
133.35,491.25
128.3,500
133.35,508.75
138.4,517.49
143.45,526.24
148.5,534.99
153.55,543.73
158.6,552.48
163.65,561.23
168.7,569.97
173.75,578.72
178.8,587.47
183.85,596.22
426.25,596.22
431.3,587.47
436.35,578.72
441.4,569.97
446.45,561.23
451.5,552.48
239.4,342.56
229.3,342.56
219.2,342.56
209.1,342.56
204.05,351.3
199,360.05
193.95,368.8
188.9,377.54
183.85,386.29
178.8,395.04
173.75,403.78
168.7,412.53
163.65,421.28
158.6,430.03
153.55,438.77
148.5,447.52
143.45,456.27
138.4,465.01
133.35,473.76
128.3,482.51
123.25,491.25
118.2,500
123.25,508.75
128.3,517.49
133.35,526.24
138.4,534.99
143.45,543.73
148.5,552.48
153.55,561.23
158.6,569.97
163.65,578.72
168.7,587.47
173.75,596.22
436.35,596.22
441.4,587.47
446.45,578.72
451.5,569.97
456.55,561.23
244.45,333.81
234.35,333.81
224.25,333.81
214.15,333.81
204.05,333.81
199,342.56
193.95,351.3
188.9,360.05
183.85,368.8
178.8,377.54
173.75,386.29
168.7,395.04
163.65,403.78
158.6,412.53
153.55,421.28
148.5,430.03
143.45,438.77
138.4,447.52
133.35,456.27
128.3,465.01
123.25,473.76
118.2,482.51
113.15,491.25
108.1,500
113.15,508.75
118.2,517.49
123.25,526.24
128.3,534.99
133.35,543.73
138.4,552.48
143.45,561.23
148.5,569.97
153.55,578.72
158.6,587.47
163.65,596.22
446.45,596.22
451.5,587.47
456.55,578.72
461.6,569.97
466.65,561.23
239.4,325.06
229.3,325.06
219.2,325.06
209.1,325.06
199,325.06
193.95,333.81
188.9,342.56
183.85,351.3
178.8,360.05
173.75,368.8
168.7,377.54
163.65,386.29
158.6,395.04
153.55,403.78
148.5,412.53
143.45,421.28
138.4,430.03
133.35,438.77
128.3,447.52
123.25,456.27
118.2,465.01
113.15,473.76
108.1,482.51
103.05,491.25
98,500
103.05,508.75
108.1,517.49
113.15,526.24
118.2,534.99
123.25,543.73
128.3,552.48
133.35,561.23
138.4,569.97
143.45,578.72
148.5,587.47
153.55,596.22
456.55,596.22
461.6,587.47
466.65,578.72
471.7,569.97
476.75,561.23
244.45,316.32
234.35,316.32
224.25,316.32
214.15,316.32
204.05,316.32
193.95,316.32
188.9,325.06
183.85,333.81
178.8,342.56
173.75,351.3
168.7,360.05
163.65,368.8
158.6,377.54
153.55,386.29
148.5,395.04
143.45,403.78
138.4,412.53
133.35,421.28
128.3,430.03
123.25,438.77
118.2,447.52
113.15,456.27
108.1,465.01
103.05,473.76
98,482.51
92.95,491.25
87.9,500
92.95,508.75
98,517.49
103.05,526.24
108.1,534.99
113.15,543.73
118.2,552.48
123.25,561.23
128.3,569.97
133.35,578.72
138.4,587.47
143.45,596.22
466.65,596.22
471.7,587.47
476.75,578.72
481.8,569.97
486.85,561.23
491.9,552.48
239.4,307.57
229.3,307.57
219.2,307.57
209.1,307.57
199,307.57
188.9,307.57
183.85,316.32
178.8,325.06
173.75,333.81
168.7,342.56
163.65,351.3
158.6,360.05
153.55,368.8
148.5,377.54
143.45,386.29
138.4,395.04
133.35,403.78
128.3,412.53
123.25,421.28
118.2,430.03
113.15,438.77
108.1,447.52
103.05,456.27
98,465.01
92.95,473.76
87.9,482.51
82.85,491.25
77.8,500
82.85,508.75
87.9,517.49
92.95,526.24
98,534.99
103.05,543.73
108.1,552.48
113.15,561.23
118.2,569.97
123.25,578.72
128.3,587.47
133.35,596.22
476.75,596.22
481.8,587.47
486.85,578.72
491.9,569.97
496.95,561.23
244.45,298.82
234.35,298.82
224.25,298.82
214.15,298.82
204.05,298.82
193.95,298.82
183.85,298.82
178.8,307.57
173.75,316.32
168.7,325.06
163.65,333.81
158.6,342.56
153.55,351.3
148.5,360.05
143.45,368.8
138.4,377.54
133.35,386.29
128.3,395.04
123.25,403.78
118.2,412.53
113.15,421.28
108.1,430.03
103.05,438.77
98,447.52
92.95,456.27
87.9,465.01
82.85,473.76
77.8,482.51
72.75,491.25
67.7,500
72.75,508.75
77.8,517.49
82.85,526.24
87.9,534.99
92.95,543.73
98,552.48
103.05,561.23
108.1,569.97
113.15,578.72
118.2,587.47
123.25,596.22
486.85,596.22
491.9,587.47
496.95,578.72
502,569.97
507.05,561.23
239.4,290.08
229.3,290.08
219.2,290.08
209.1,290.08
199,290.08
188.9,290.08
178.8,290.08
173.75,298.82
168.7,307.57
163.65,316.32
158.6,325.06
153.55,333.81
148.5,342.56
143.45,351.3
138.4,360.05
133.35,368.8
128.3,377.54
123.25,386.29
118.2,395.04
113.15,403.78
108.1,412.53
103.05,421.28
98,430.03
92.95,438.77
87.9,447.52
82.85,456.27
77.8,465.01
72.75,473.76
67.7,482.51
62.65,491.25
57.6,500
62.65,508.75
67.7,517.49
72.75,526.24
77.8,534.99
82.85,543.73
87.9,552.48
92.95,561.23
98,569.97
103.05,578.72
108.1,587.47
113.15,596.22
496.95,596.22
502,587.47
507.05,578.72
512.1,569.97
517.15,561.23
244.45,281.33
234.35,281.33
224.25,281.33
214.15,281.33
204.05,281.33
193.95,281.33
183.85,281.33
173.75,281.33
168.7,290.08
163.65,298.82
158.6,307.57
153.55,316.32
148.5,325.06
143.45,333.81
138.4,342.56
133.35,351.3
128.3,360.05
123.25,368.8
118.2,377.54
113.15,386.29
108.1,395.04
103.05,403.78
98,412.53
92.95,421.28
87.9,430.03
82.85,438.77
77.8,447.52
72.75,456.27
67.7,465.01
62.65,473.76
57.6,482.51
52.55,491.25
47.5,500
52.55,508.75
57.6,517.49
62.65,526.24
67.7,534.99
72.75,543.73
77.8,552.48
82.85,561.23
87.9,569.97
92.95,578.72
98,587.47
103.05,596.22
507.05,596.22
512.1,587.47
517.15,578.72
522.2,569.97
527.25,561.23
239.4,272.58
229.3,272.58
219.2,272.58
209.1,272.58
199,272.58
188.9,272.58
178.8,272.58
168.7,272.58
163.65,281.33
158.6,290.08
153.55,298.82
148.5,307.57
143.45,316.32
138.4,325.06
133.35,333.81
128.3,342.56
123.25,351.3
118.2,360.05
113.15,368.8
108.1,377.54
103.05,386.29
98,395.04
92.95,403.78
87.9,412.53
82.85,421.28
77.8,430.03
72.75,438.77
67.7,447.52
62.65,456.27
57.6,465.01
52.55,473.76
47.5,482.51
42.45,491.25
37.4,500
42.45,508.75
47.5,517.49
52.55,526.24
57.6,534.99
62.65,543.73
67.7,552.48
72.75,561.23
77.8,569.97
82.85,578.72
87.9,587.47
92.95,596.22
517.15,596.22
522.2,587.47
527.25,578.72
532.3,569.97
537.35,561.23
244.45,263.83
234.35,263.83
224.25,263.83
214.15,263.83
204.05,263.83
193.95,263.83
183.85,263.83
173.75,263.83
163.65,263.83
158.6,272.58
153.55,281.33
148.5,290.08
143.45,298.82
138.4,307.57
133.35,316.32
128.3,325.06
123.25,333.81
118.2,342.56
113.15,351.3
108.1,360.05
103.05,368.8
98,377.54
92.95,386.29
87.9,395.04
82.85,403.78
77.8,412.53
72.75,421.28
67.7,430.03
62.65,438.77
57.6,447.52
52.55,456.27
47.5,465.01
42.45,473.76
37.4,482.51
32.35,491.25
27.3,500
32.35,508.75
37.4,517.49
42.45,526.24
47.5,534.99
52.55,543.73
57.6,552.48
62.65,561.23
67.7,569.97
72.75,578.72
77.8,587.47
82.85,596.22
527.25,596.22
532.3,587.47
537.35,578.72
542.4,569.97
547.45,561.23
552.5,552.48
239.4,255.09
229.3,255.09
219.2,255.09
209.1,255.09
199,255.09
188.9,255.09
178.8,255.09
168.7,255.09
158.6,255.09
153.55,263.83
148.5,272.58
143.45,281.33
138.4,290.08
133.35,298.82
128.3,307.57
123.25,316.32
118.2,325.06
113.15,333.81
108.1,342.56
103.05,351.3
98,360.05
92.95,368.8
87.9,377.54
82.85,386.29
77.8,395.04
72.75,403.78
67.7,412.53
62.65,421.28
57.6,430.03
52.55,438.77
47.5,447.52
42.45,456.27
37.4,465.01
32.35,473.76
27.3,482.51
22.25,491.25
17.2,500
22.25,508.75
27.3,517.49
32.35,526.24
37.4,534.99
42.45,543.73
47.5,552.48
52.55,561.23
57.6,569.97
62.65,578.72
67.7,587.47
72.75,596.22
537.35,596.22
542.4,587.47
547.45,578.72
552.5,569.97
557.55,561.23
562.6,552.48
244.45,246.34
234.35,246.34
224.25,246.34
214.15,246.34
204.05,246.34
193.95,246.34
183.85,246.34
173.75,246.34
163.65,246.34
153.55,246.34
148.5,255.09
143.45,263.83
138.4,272.58
133.35,281.33
128.3,290.08
123.25,298.82
118.2,307.57
113.15,316.32
108.1,325.06
103.05,333.81
98,342.56
92.95,351.3
87.9,360.05
82.85,368.8
77.8,377.54
72.75,386.29
67.7,395.04
62.65,403.78
57.6,412.53
52.55,421.28
47.5,430.03
42.45,438.77
37.4,447.52
32.35,456.27
27.3,465.01
22.25,473.76
17.2,482.51
12.15,491.25
7.1,500
12.15,508.75
17.2,517.49
22.25,526.24
27.3,534.99
32.35,543.73
37.4,552.48
42.45,561.23
47.5,569.97
52.55,578.72
57.6,587.47
62.65,596.22
547.45,596.22
552.5,587.47
557.55,578.72
562.6,569.97
567.65,561.23
572.7,552.48
577.75,543.73
249.5,237.59
239.4,237.59
229.3,237.59
219.2,237.59
209.1,237.59
199,237.59
188.9,237.59
178.8,237.59
168.7,237.59
158.6,237.59
148.5,237.59
143.45,246.34
138.4,255.09
133.35,263.83
128.3,272.58
123.25,281.33
118.2,290.08
113.15,298.82
108.1,307.57
103.05,316.32
98,325.06
92.95,333.81
87.9,342.56
82.85,351.3
77.8,360.05
72.75,368.8
67.7,377.54
62.65,386.29
57.6,395.04
52.55,403.78
47.5,412.53
42.45,421.28
37.4,430.03
32.35,438.77
27.3,447.52
22.25,456.27
17.2,465.01
12.15,473.76
7.1,482.51
2.05,491.25
2.05,508.75
7.1,517.49
12.15,526.24
17.2,534.99
22.25,543.73
27.3,552.48
32.35,561.23
37.4,569.97
42.45,578.72
47.5,587.47
52.55,596.22
557.55,596.22
562.6,587.47
567.65,578.72
572.7,569.97
577.75,561.23
582.8,552.48
587.85,543.73
592.9,534.99
254.55,228.85
244.45,228.85
234.35,228.85
224.25,228.85
214.15,228.85
204.05,228.85
193.95,228.85
183.85,228.85
173.75,228.85
163.65,228.85
153.55,228.85
143.45,228.85
138.4,237.59
133.35,246.34
128.3,255.09
123.25,263.83
118.2,272.58
113.15,281.33
108.1,290.08
103.05,298.82
98,307.57
92.95,316.32
87.9,325.06
82.85,333.81
77.8,342.56
72.75,351.3
67.7,360.05
62.65,368.8
57.6,377.54
52.55,386.29
47.5,395.04
42.45,403.78
37.4,412.53
32.35,421.28
27.3,430.03
22.25,438.77
17.2,447.52
12.15,456.27
7.1,465.01
2.05,473.76
2.05,526.24
7.1,534.99
12.15,543.73
17.2,552.48
22.25,561.23
27.3,569.97
32.35,578.72
37.4,587.47
42.45,596.22
567.65,596.22
572.7,587.47
577.75,578.72
582.8,569.97
587.85,561.23
592.9,552.48
597.95,543.73
603,534.99
249.5,220.1
239.4,220.1
229.3,220.1
219.2,220.1
209.1,220.1
199,220.1
188.9,220.1
178.8,220.1
168.7,220.1
158.6,220.1
148.5,220.1
138.4,220.1
133.35,228.85
128.3,237.59
123.25,246.34
118.2,255.09
113.15,263.83
108.1,272.58
103.05,281.33
98,290.08
92.95,298.82
87.9,307.57
82.85,316.32
77.8,325.06
72.75,333.81
67.7,342.56
62.65,351.3
57.6,360.05
52.55,368.8
47.5,377.54
42.45,386.29
37.4,395.04
32.35,403.78
27.3,412.53
22.25,421.28
17.2,430.03
12.15,438.77
7.1,447.52
2.05,456.27
2.05,543.73
7.1,552.48
12.15,561.23
17.2,569.97
22.25,578.72
27.3,587.47
32.35,596.22
577.75,596.22
582.8,587.47
587.85,578.72
592.9,569.97
597.95,561.23
603,552.48
608.05,543.73
613.1,534.99
254.55,211.35
244.45,211.35
234.35,211.35
224.25,211.35
214.15,211.35
204.05,211.35
193.95,211.35
183.85,211.35
173.75,211.35
163.65,211.35
153.55,211.35
143.45,211.35
133.35,211.35
128.3,220.1
123.25,228.85
118.2,237.59
113.15,246.34
108.1,255.09
103.05,263.83
98,272.58
92.95,281.33
87.9,290.08
82.85,298.82
77.8,307.57
72.75,316.32
67.7,325.06
62.65,333.81
57.6,342.56
52.55,351.3
47.5,360.05
42.45,368.8
37.4,377.54
32.35,386.29
27.3,395.04
22.25,403.78
17.2,412.53
12.15,421.28
7.1,430.03
2.05,438.77
2.05,561.23
7.1,569.97
12.15,578.72
17.2,587.47
22.25,596.22
587.85,596.22
592.9,587.47
597.95,578.72
603,569.97
608.05,561.23
613.1,552.48
618.15,543.73
623.2,534.99
628.25,526.24
259.6,202.61
249.5,202.61
239.4,202.61
229.3,202.61
219.2,202.61
209.1,202.61
199,202.61
188.9,202.61
178.8,202.61
168.7,202.61
158.6,202.61
148.5,202.61
138.4,202.61
128.3,202.61
123.25,211.35
118.2,220.1
113.15,228.85
108.1,237.59
103.05,246.34
98,255.09
92.95,263.83
87.9,272.58
82.85,281.33
77.8,290.08
72.75,298.82
67.7,307.57
62.65,316.32
57.6,325.06
52.55,333.81
47.5,342.56
42.45,351.3
37.4,360.05
32.35,368.8
27.3,377.54
22.25,386.29
17.2,395.04
12.15,403.78
7.1,412.53
2.05,421.28
2.05,578.72
7.1,587.47
12.15,596.22
597.95,596.22
603,587.47
608.05,578.72
613.1,569.97
618.15,561.23
623.2,552.48
628.25,543.73
633.3,534.99
638.35,526.24
643.4,517.49
653.5,500
264.65,193.86
254.55,193.86
244.45,193.86
234.35,193.86
224.25,193.86
214.15,193.86
204.05,193.86
193.95,193.86
183.85,193.86
173.75,193.86
163.65,193.86
153.55,193.86
143.45,193.86
133.35,193.86
123.25,193.86
118.2,202.61
113.15,211.35
108.1,220.1
103.05,228.85
98,237.59
92.95,246.34
87.9,255.09
82.85,263.83
77.8,272.58
72.75,281.33
67.7,290.08
62.65,298.82
57.6,307.57
52.55,316.32
47.5,325.06
42.45,333.81
37.4,342.56
32.35,351.3
27.3,360.05
22.25,368.8
17.2,377.54
12.15,386.29
7.1,395.04
2.05,403.78
2.05,596.22
608.05,596.22
613.1,587.47
618.15,578.72
623.2,569.97
628.25,561.23
633.3,552.48
638.35,543.73
643.4,534.99
648.45,526.24
653.5,517.49
658.55,508.75
663.6,500
269.7,185.11
259.6,185.11
249.5,185.11
239.4,185.11
229.3,185.11
219.2,185.11
209.1,185.11
199,185.11
188.9,185.11
178.8,185.11
168.7,185.11
158.6,185.11
148.5,185.11
138.4,185.11
128.3,185.11
118.2,185.11
113.15,193.86
108.1,202.61
103.05,211.35
98,220.1
92.95,228.85
87.9,237.59
82.85,246.34
77.8,255.09
72.75,263.83
67.7,272.58
62.65,281.33
57.6,290.08
52.55,298.82
47.5,307.57
42.45,316.32
37.4,325.06
32.35,333.81
27.3,342.56
22.25,351.3
17.2,360.05
12.15,368.8
7.1,377.54
2.05,386.29
618.15,596.22
623.2,587.47
628.25,578.72
633.3,569.97
638.35,561.23
643.4,552.48
648.45,543.73
653.5,534.99
658.55,526.24
663.6,517.49
668.65,508.75
673.7,500
668.65,491.25
274.75,176.37
264.65,176.37
254.55,176.37
244.45,176.37
234.35,176.37
224.25,176.37
214.15,176.37
204.05,176.37
193.95,176.37
183.85,176.37
173.75,176.37
163.65,176.37
153.55,176.37
143.45,176.37
133.35,176.37
123.25,176.37
113.15,176.37
108.1,185.11
103.05,193.86
98,202.61
92.95,211.35
87.9,220.1
82.85,228.85
77.8,237.59
72.75,246.34
67.7,255.09
62.65,263.83
57.6,272.58
52.55,281.33
47.5,290.08
42.45,298.82
37.4,307.57
32.35,316.32
27.3,325.06
22.25,333.81
17.2,342.56
12.15,351.3
7.1,360.05
2.05,368.8
628.25,596.22
633.3,587.47
638.35,578.72
643.4,569.97
648.45,561.23
653.5,552.48
658.55,543.73
663.6,534.99
668.65,526.24
673.7,517.49
678.75,508.75
683.8,500
678.75,491.25
279.8,167.62
269.7,167.62
259.6,167.62
249.5,167.62
239.4,167.62
229.3,167.62
219.2,167.62
209.1,167.62
199,167.62
188.9,167.62
178.8,167.62
168.7,167.62
158.6,167.62
148.5,167.62
138.4,167.62
128.3,167.62
118.2,167.62
108.1,167.62
103.05,176.37
98,185.11
92.95,193.86
87.9,202.61
82.85,211.35
77.8,220.1
72.75,228.85
67.7,237.59
62.65,246.34
57.6,255.09
52.55,263.83
47.5,272.58
42.45,281.33
37.4,290.08
32.35,298.82
27.3,307.57
22.25,316.32
17.2,325.06
12.15,333.81
7.1,342.56
2.05,351.3
638.35,596.22
643.4,587.47
648.45,578.72
653.5,569.97
658.55,561.23
663.6,552.48
668.65,543.73
673.7,534.99
678.75,526.24
683.8,517.49
688.85,508.75
693.9,500
688.85,491.25
683.8,482.51
284.85,158.87
274.75,158.87
264.65,158.87
254.55,158.87
244.45,158.87
234.35,158.87
224.25,158.87
214.15,158.87
204.05,158.87
193.95,158.87
183.85,158.87
173.75,158.87
163.65,158.87
153.55,158.87
143.45,158.87
133.35,158.87
123.25,158.87
113.15,158.87
103.05,158.87
98,167.62
92.95,176.37
87.9,185.11
82.85,193.86
77.8,202.61
72.75,211.35
67.7,220.1
62.65,228.85
57.6,237.59
52.55,246.34
47.5,255.09
42.45,263.83
37.4,272.58
32.35,281.33
27.3,290.08
22.25,298.82
17.2,307.57
12.15,316.32
7.1,325.06
2.05,333.81
648.45,596.22
653.5,587.47
658.55,578.72
663.6,569.97
668.65,561.23
673.7,552.48
678.75,543.73
683.8,534.99
688.85,526.24
693.9,517.49
698.95,508.75
704,500
698.95,491.25
693.9,482.51
688.85,473.76
289.9,150.13
279.8,150.13
269.7,150.13
259.6,150.13
249.5,150.13
239.4,150.13
229.3,150.13
219.2,150.13
209.1,150.13
199,150.13
188.9,150.13
178.8,150.13
168.7,150.13
158.6,150.13
148.5,150.13
138.4,150.13
128.3,150.13
118.2,150.13
108.1,150.13
98,150.13
92.95,158.87
87.9,167.62
82.85,176.37
77.8,185.11
72.75,193.86
67.7,202.61
62.65,211.35
57.6,220.1
52.55,228.85
47.5,237.59
42.45,246.34
37.4,255.09
32.35,263.83
27.3,272.58
22.25,281.33
17.2,290.08
12.15,298.82
7.1,307.57
2.05,316.32
658.55,596.22
663.6,587.47
668.65,578.72
673.7,569.97
678.75,561.23
683.8,552.48
688.85,543.73
693.9,534.99
698.95,526.24
704,517.49
709.05,508.75
714.1,500
709.05,491.25
704,482.51
698.95,473.76
693.9,465.01
294.95,141.38
284.85,141.38
274.75,141.38
264.65,141.38
254.55,141.38
244.45,141.38
234.35,141.38
224.25,141.38
214.15,141.38
204.05,141.38
193.95,141.38
183.85,141.38
173.75,141.38
163.65,141.38
153.55,141.38
143.45,141.38
133.35,141.38
123.25,141.38
113.15,141.38
103.05,141.38
92.95,141.38
87.9,150.13
82.85,158.87
77.8,167.62
72.75,176.37
67.7,185.11
62.65,193.86
57.6,202.61
52.55,211.35
47.5,220.1
42.45,228.85
37.4,237.59
32.35,246.34
27.3,255.09
22.25,263.83
17.2,272.58
12.15,281.33
7.1,290.08
2.05,298.82
668.65,596.22
673.7,587.47
678.75,578.72
683.8,569.97
688.85,561.23
693.9,552.48
698.95,543.73
704,534.99
709.05,526.24
714.1,517.49
719.15,508.75
724.2,500
719.15,491.25
714.1,482.51
709.05,473.76
704,465.01
300,132.63
289.9,132.63
279.8,132.63
269.7,132.63
259.6,132.63
249.5,132.63
239.4,132.63
229.3,132.63
219.2,132.63
209.1,132.63
199,132.63
188.9,132.63
178.8,132.63
168.7,132.63
158.6,132.63
148.5,132.63
138.4,132.63
128.3,132.63
118.2,132.63
108.1,132.63
98,132.63
87.9,132.63
82.85,141.38
77.8,150.13
72.75,158.87
67.7,167.62
62.65,176.37
57.6,185.11
52.55,193.86
47.5,202.61
42.45,211.35
37.4,220.1
32.35,228.85
27.3,237.59
22.25,246.34
17.2,255.09
12.15,263.83
7.1,272.58
2.05,281.33
678.75,596.22
683.8,587.47
688.85,578.72
693.9,569.97
698.95,561.23
704,552.48
709.05,543.73
714.1,534.99
719.15,526.24
724.2,517.49
729.25,508.75
734.3,500
729.25,491.25
724.2,482.51
719.15,473.76
714.1,465.01
709.05,456.27
315.15,123.89
305.05,123.89
294.95,123.89
284.85,123.89
274.75,123.89
264.65,123.89
254.55,123.89
244.45,123.89
234.35,123.89
224.25,123.89
214.15,123.89
204.05,123.89
193.95,123.89
183.85,123.89
173.75,123.89
163.65,123.89
153.55,123.89
143.45,123.89
133.35,123.89
123.25,123.89
113.15,123.89
103.05,123.89
92.95,123.89
82.85,123.89
77.8,132.63
72.75,141.38
67.7,150.13
62.65,158.87
57.6,167.62
52.55,176.37
47.5,185.11
42.45,193.86
37.4,202.61
32.35,211.35
27.3,220.1
22.25,228.85
17.2,237.59
12.15,246.34
7.1,255.09
2.05,263.83
688.85,596.22
693.9,587.47
698.95,578.72
704,569.97
709.05,561.23
714.1,552.48
719.15,543.73
724.2,534.99
729.25,526.24
734.3,517.49
739.35,508.75
744.4,500
739.35,491.25
734.3,482.51
729.25,473.76
724.2,465.01
719.15,456.27
714.1,447.52
310.1,115.14
300,115.14
289.9,115.14
279.8,115.14
269.7,115.14
259.6,115.14
249.5,115.14
239.4,115.14
229.3,115.14
219.2,115.14
209.1,115.14
199,115.14
188.9,115.14
178.8,115.14
168.7,115.14
158.6,115.14
148.5,115.14
138.4,115.14
128.3,115.14
118.2,115.14
108.1,115.14
98,115.14
87.9,115.14
77.8,115.14
72.75,123.89
67.7,132.63
62.65,141.38
57.6,150.13
52.55,158.87
47.5,167.62
42.45,176.37
37.4,185.11
32.35,193.86
27.3,202.61
22.25,211.35
17.2,220.1
12.15,228.85
7.1,237.59
2.05,246.34
698.95,596.22
704,587.47
709.05,578.72
714.1,569.97
719.15,561.23
724.2,552.48
729.25,543.73
734.3,534.99
739.35,526.24
744.4,517.49
749.45,508.75
754.5,500
749.45,491.25
744.4,482.51
739.35,473.76
734.3,465.01
729.25,456.27
724.2,447.52
719.15,438.77
325.25,106.39
315.15,106.39
305.05,106.39
294.95,106.39
284.85,106.39
274.75,106.39
264.65,106.39
254.55,106.39
244.45,106.39
234.35,106.39
224.25,106.39
214.15,106.39
204.05,106.39
193.95,106.39
183.85,106.39
173.75,106.39
163.65,106.39
153.55,106.39
143.45,106.39
133.35,106.39
123.25,106.39
113.15,106.39
103.05,106.39
92.95,106.39
82.85,106.39
72.75,106.39
67.7,115.14
62.65,123.89
57.6,132.63
52.55,141.38
47.5,150.13
42.45,158.87
37.4,167.62
32.35,176.37
27.3,185.11
22.25,193.86
17.2,202.61
12.15,211.35
7.1,220.1
2.05,228.85
709.05,596.22
714.1,587.47
719.15,578.72
724.2,569.97
729.25,561.23
734.3,552.48
739.35,543.73
744.4,534.99
749.45,526.24
754.5,517.49
759.55,508.75
764.6,500
759.55,491.25
754.5,482.51
749.45,473.76
744.4,465.01
739.35,456.27
734.3,447.52
729.25,438.77
724.2,430.03
340.4,97.645
330.3,97.645
320.2,97.645
310.1,97.645
300,97.645
289.9,97.645
279.8,97.645
269.7,97.645
259.6,97.645
249.5,97.645
239.4,97.645
229.3,97.645
219.2,97.645
209.1,97.645
199,97.645
188.9,97.645
178.8,97.645
168.7,97.645
158.6,97.645
148.5,97.645
138.4,97.645
128.3,97.645
118.2,97.645
108.1,97.645
98,97.645
87.9,97.645
77.8,97.645
67.7,97.645
62.65,106.39
57.6,115.14
52.55,123.89
47.5,132.63
42.45,141.38
37.4,150.13
32.35,158.87
27.3,167.62
22.25,176.37
17.2,185.11
12.15,193.86
7.1,202.61
2.05,211.35
719.15,596.22
724.2,587.47
729.25,578.72
734.3,569.97
739.35,561.23
744.4,552.48
749.45,543.73
754.5,534.99
759.55,526.24
764.6,517.49
769.65,508.75
774.7,500
769.65,491.25
764.6,482.51
759.55,473.76
754.5,465.01
749.45,456.27
744.4,447.52
739.35,438.77
734.3,430.03
729.25,421.28
355.55,88.898
345.45,88.898
335.35,88.898
325.25,88.898
315.15,88.898
305.05,88.898
294.95,88.898
284.85,88.898
274.75,88.898
264.65,88.898
254.55,88.898
244.45,88.898
234.35,88.898
224.25,88.898
214.15,88.898
204.05,88.898
193.95,88.898
183.85,88.898
173.75,88.898
163.65,88.898
153.55,88.898
143.45,88.898
133.35,88.898
123.25,88.898
113.15,88.898
103.05,88.898
92.95,88.898
82.85,88.898
72.75,88.898
62.65,88.898
57.6,97.645
52.55,106.39
47.5,115.14
42.45,123.89
37.4,132.63
32.35,141.38
27.3,150.13
22.25,158.87
17.2,167.62
12.15,176.37
7.1,185.11
2.05,193.86
729.25,596.22
734.3,587.47
739.35,578.72
744.4,569.97
749.45,561.23
754.5,552.48
759.55,543.73
764.6,534.99
769.65,526.24
774.7,517.49
779.75,508.75
784.8,500
779.75,491.25
774.7,482.51
769.65,473.76
764.6,465.01
759.55,456.27
754.5,447.52
749.45,438.77
744.4,430.03
739.35,421.28
734.3,412.53
370.7,80.151
360.6,80.151
350.5,80.151
340.4,80.151
330.3,80.151
320.2,80.151
310.1,80.151
300,80.151
289.9,80.151
279.8,80.151
269.7,80.151
259.6,80.151
249.5,80.151
239.4,80.151
229.3,80.151
219.2,80.151
209.1,80.151
199,80.151
188.9,80.151
178.8,80.151
168.7,80.151
158.6,80.151
148.5,80.151
138.4,80.151
128.3,80.151
118.2,80.151
108.1,80.151
98,80.151
87.9,80.151
77.8,80.151
67.7,80.151
57.6,80.151
52.55,88.898
47.5,97.645
42.45,106.39
37.4,115.14
32.35,123.89
27.3,132.63
22.25,141.38
17.2,150.13
12.15,158.87
7.1,167.62
2.05,176.37
739.35,596.22
744.4,587.47
749.45,578.72
754.5,569.97
759.55,561.23
764.6,552.48
769.65,543.73
774.7,534.99
779.75,526.24
784.8,517.49
789.85,508.75
794.9,500
789.85,491.25
784.8,482.51
779.75,473.76
774.7,465.01
769.65,456.27
764.6,447.52
759.55,438.77
754.5,430.03
749.45,421.28
744.4,412.53
739.35,403.78
385.85,71.404
375.75,71.404
365.65,71.404
355.55,71.404
345.45,71.404
335.35,71.404
325.25,71.404
315.15,71.404
305.05,71.404
294.95,71.404
284.85,71.404
274.75,71.404
264.65,71.404
254.55,71.404
244.45,71.404
234.35,71.404
224.25,71.404
214.15,71.404
204.05,71.404
193.95,71.404
183.85,71.404
173.75,71.404
163.65,71.404
153.55,71.404
143.45,71.404
133.35,71.404
123.25,71.404
113.15,71.404
103.05,71.404
92.95,71.404
82.85,71.404
72.75,71.404
62.65,71.404
52.55,71.404
47.5,80.151
42.45,88.898
37.4,97.645
32.35,106.39
27.3,115.14
22.25,123.89
17.2,132.63
12.15,141.38
7.1,150.13
2.05,158.87
749.45,596.22
754.5,587.47
759.55,578.72
764.6,569.97
769.65,561.23
774.7,552.48
779.75,543.73
784.8,534.99
789.85,526.24
794.9,517.49
799.95,508.75
805,500
799.95,491.25
794.9,482.51
789.85,473.76
784.8,465.01
779.75,456.27
774.7,447.52
769.65,438.77
764.6,430.03
759.55,421.28
754.5,412.53
749.45,403.78
744.4,395.04
739.35,386.29
401,62.657
390.9,62.657
380.8,62.657
370.7,62.657
360.6,62.657
350.5,62.657
340.4,62.657
330.3,62.657
320.2,62.657
310.1,62.657
300,62.657
289.9,62.657
279.8,62.657
269.7,62.657
259.6,62.657
249.5,62.657
239.4,62.657
229.3,62.657
219.2,62.657
209.1,62.657
199,62.657
188.9,62.657
178.8,62.657
168.7,62.657
158.6,62.657
148.5,62.657
138.4,62.657
128.3,62.657
118.2,62.657
108.1,62.657
98,62.657
87.9,62.657
77.8,62.657
67.7,62.657
57.6,62.657
47.5,62.657
42.45,71.404
37.4,80.151
32.35,88.898
27.3,97.645
22.25,106.39
17.2,115.14
12.15,123.89
7.1,132.63
2.05,141.38
759.55,596.22
764.6,587.47
769.65,578.72
774.7,569.97
779.75,561.23
784.8,552.48
789.85,543.73
794.9,534.99
799.95,526.24
805,517.49
810.05,508.75
815.1,500
810.05,491.25
805,482.51
799.95,473.76
794.9,465.01
789.85,456.27
784.8,447.52
779.75,438.77
774.7,430.03
769.65,421.28
764.6,412.53
759.55,403.78
754.5,395.04
749.45,386.29
744.4,377.54
416.15,53.91
406.05,53.91
395.95,53.91
385.85,53.91
375.75,53.91
365.65,53.91
355.55,53.91
345.45,53.91
335.35,53.91
325.25,53.91
315.15,53.91
305.05,53.91
294.95,53.91
284.85,53.91
274.75,53.91
264.65,53.91
254.55,53.91
244.45,53.91
234.35,53.91
224.25,53.91
214.15,53.91
204.05,53.91
193.95,53.91
183.85,53.91
173.75,53.91
163.65,53.91
153.55,53.91
143.45,53.91
133.35,53.91
123.25,53.91
113.15,53.91
103.05,53.91
92.95,53.91
82.85,53.91
72.75,53.91
62.65,53.91
52.55,53.91
42.45,53.91
37.4,62.657
32.35,71.404
27.3,80.151
22.25,88.898
17.2,97.645
12.15,106.39
7.1,115.14
2.05,123.89
769.65,596.22
774.7,587.47
779.75,578.72
784.8,569.97
789.85,561.23
794.9,552.48
799.95,543.73
805,534.99
810.05,526.24
815.1,517.49
820.15,508.75
825.2,500
820.15,491.25
815.1,482.51
810.05,473.76
805,465.01
799.95,456.27
794.9,447.52
789.85,438.77
784.8,430.03
779.75,421.28
774.7,412.53
769.65,403.78
764.6,395.04
759.55,386.29
754.5,377.54
749.45,368.8
562.6,45.163
552.5,45.163
542.4,45.163
532.3,45.163
522.2,45.163
512.1,45.163
491.9,45.163
481.8,45.163
471.7,45.163
461.6,45.163
451.5,45.163
441.4,45.163
431.3,45.163
421.2,45.163
411.1,45.163
401,45.163
390.9,45.163
380.8,45.163
370.7,45.163
360.6,45.163
350.5,45.163
340.4,45.163
330.3,45.163
320.2,45.163
310.1,45.163
300,45.163
289.9,45.163
279.8,45.163
269.7,45.163
259.6,45.163
249.5,45.163
239.4,45.163
229.3,45.163
219.2,45.163
209.1,45.163
199,45.163
188.9,45.163
178.8,45.163
168.7,45.163
158.6,45.163
148.5,45.163
138.4,45.163
128.3,45.163
118.2,45.163
108.1,45.163
98,45.163
87.9,45.163
77.8,45.163
67.7,45.163
57.6,45.163
47.5,45.163
37.4,45.163
32.35,53.91
27.3,62.657
22.25,71.404
17.2,80.151
12.15,88.898
7.1,97.645
2.05,106.39
779.75,596.22
784.8,587.47
789.85,578.72
794.9,569.97
799.95,561.23
805,552.48
810.05,543.73
815.1,534.99
820.15,526.24
825.2,517.49
830.25,508.75
835.3,500
830.25,491.25
825.2,482.51
820.15,473.76
815.1,465.01
810.05,456.27
805,447.52
799.95,438.77
794.9,430.03
789.85,421.28
784.8,412.53
779.75,403.78
774.7,395.04
769.65,386.29
764.6,377.54
759.55,368.8
754.5,360.05
749.45,351.3
572.7,45.163
567.65,36.417
557.55,36.417
547.45,36.417
537.35,36.417
527.25,36.417
517.15,36.417
507.05,36.417
496.95,36.417
486.85,36.417
476.75,36.417
466.65,36.417
456.55,36.417
446.45,36.417
436.35,36.417
426.25,36.417
416.15,36.417
406.05,36.417
395.95,36.417
385.85,36.417
375.75,36.417
365.65,36.417
355.55,36.417
345.45,36.417
335.35,36.417
325.25,36.417
315.15,36.417
305.05,36.417
294.95,36.417
284.85,36.417
274.75,36.417
264.65,36.417
254.55,36.417
244.45,36.417
234.35,36.417
224.25,36.417
214.15,36.417
204.05,36.417
193.95,36.417
183.85,36.417
173.75,36.417
163.65,36.417
153.55,36.417
143.45,36.417
133.35,36.417
123.25,36.417
113.15,36.417
103.05,36.417
92.95,36.417
82.85,36.417
72.75,36.417
62.65,36.417
52.55,36.417
42.45,36.417
32.35,36.417
27.3,45.163
22.25,53.91
17.2,62.657
12.15,71.404
7.1,80.151
2.05,88.898
789.85,596.22
794.9,587.47
799.95,578.72
805,569.97
810.05,561.23
815.1,552.48
820.15,543.73
825.2,534.99
830.25,526.24
835.3,517.49
840.35,508.75
845.4,500
840.35,491.25
835.3,482.51
830.25,473.76
825.2,465.01
820.15,456.27
815.1,447.52
810.05,438.77
805,430.03
799.95,421.28
794.9,412.53
789.85,403.78
784.8,395.04
779.75,386.29
774.7,377.54
769.65,368.8
764.6,360.05
759.55,351.3
754.5,342.56
587.85,53.91
582.8,45.163
577.75,36.417
572.7,27.67
562.6,27.67
552.5,27.67
542.4,27.67
532.3,27.67
522.2,27.67
512.1,27.67
502,27.67
491.9,27.67
481.8,27.67
471.7,27.67
461.6,27.67
451.5,27.67
441.4,27.67
431.3,27.67
421.2,27.67
411.1,27.67
401,27.67
390.9,27.67
380.8,27.67
370.7,27.67
360.6,27.67
350.5,27.67
340.4,27.67
330.3,27.67
320.2,27.67
310.1,27.67
300,27.67
289.9,27.67
279.8,27.67
269.7,27.67
259.6,27.67
249.5,27.67
239.4,27.67
229.3,27.67
219.2,27.67
209.1,27.67
199,27.67
188.9,27.67
178.8,27.67
168.7,27.67
158.6,27.67
148.5,27.67
138.4,27.67
128.3,27.67
118.2,27.67
108.1,27.67
98,27.67
87.9,27.67
77.8,27.67
67.7,27.67
57.6,27.67
47.5,27.67
37.4,27.67
27.3,27.67
22.25,36.417
17.2,45.163
12.15,53.91
7.1,62.657
2.05,71.404
799.95,596.22
805,587.47
810.05,578.72
815.1,569.97
820.15,561.23
825.2,552.48
830.25,543.73
835.3,534.99
840.35,526.24
845.4,517.49
850.45,508.75
855.5,500
850.45,491.25
845.4,482.51
840.35,473.76
835.3,465.01
830.25,456.27
825.2,447.52
820.15,438.77
815.1,430.03
810.05,421.28
805,412.53
799.95,403.78
794.9,395.04
789.85,386.29
784.8,377.54
779.75,368.8
774.7,360.05
769.65,351.3
764.6,342.56
759.55,333.81
603,62.657
597.95,53.91
592.9,45.163
587.85,36.417
582.8,27.67
577.75,18.923
567.65,18.923
557.55,18.923
547.45,18.923
537.35,18.923
527.25,18.923
517.15,18.923
507.05,18.923
496.95,18.923
486.85,18.923
476.75,18.923
466.65,18.923
456.55,18.923
446.45,18.923
436.35,18.923
426.25,18.923
416.15,18.923
406.05,18.923
395.95,18.923
385.85,18.923
375.75,18.923
365.65,18.923
355.55,18.923
345.45,18.923
335.35,18.923
325.25,18.923
315.15,18.923
305.05,18.923
294.95,18.923
284.85,18.923
274.75,18.923
264.65,18.923
254.55,18.923
244.45,18.923
234.35,18.923
224.25,18.923
214.15,18.923
204.05,18.923
193.95,18.923
183.85,18.923
173.75,18.923
163.65,18.923
153.55,18.923
143.45,18.923
133.35,18.923
123.25,18.923
113.15,18.923
103.05,18.923
92.95,18.923
82.85,18.923
72.75,18.923
62.65,18.923
52.55,18.923
42.45,18.923
32.35,18.923
22.25,18.923
17.2,27.67
12.15,36.417
7.1,45.163
2.05,53.91
810.05,596.22
815.1,587.47
820.15,578.72
825.2,569.97
830.25,561.23
835.3,552.48
840.35,543.73
845.4,534.99
850.45,526.24
855.5,517.49
860.55,508.75
865.6,500
860.55,491.25
855.5,482.51
850.45,473.76
845.4,465.01
840.35,456.27
835.3,447.52
830.25,438.77
825.2,430.03
820.15,421.28
815.1,412.53
810.05,403.78
805,395.04
799.95,386.29
794.9,377.54
789.85,368.8
784.8,360.05
779.75,351.3
774.7,342.56
769.65,333.81
764.6,325.06
759.55,316.32
623.2,80.151
618.15,71.404
613.1,62.657
608.05,53.91
603,45.163
597.95,36.417
592.9,27.67
587.85,18.923
582.8,10.176
572.7,10.176
562.6,10.176
552.5,10.176
542.4,10.176
532.3,10.176
522.2,10.176
512.1,10.176
502,10.176
491.9,10.176
481.8,10.176
471.7,10.176
461.6,10.176
451.5,10.176
441.4,10.176
431.3,10.176
421.2,10.176
411.1,10.176
401,10.176
390.9,10.176
380.8,10.176
370.7,10.176
360.6,10.176
350.5,10.176
340.4,10.176
330.3,10.176
320.2,10.176
310.1,10.176
300,10.176
289.9,10.176
279.8,10.176
269.7,10.176
259.6,10.176
249.5,10.176
239.4,10.176
229.3,10.176
219.2,10.176
209.1,10.176
199,10.176
188.9,10.176
178.8,10.176
168.7,10.176
158.6,10.176
148.5,10.176
138.4,10.176
128.3,10.176
118.2,10.176
108.1,10.176
98,10.176
87.9,10.176
77.8,10.176
67.7,10.176
57.6,10.176
47.5,10.176
37.4,10.176
27.3,10.176
17.2,10.176
12.15,18.923
7.1,27.67
2.05,36.417
820.15,596.22
825.2,587.47
830.25,578.72
835.3,569.97
840.35,561.23
845.4,552.48
850.45,543.73
855.5,534.99
860.55,526.24
865.6,517.49
870.65,508.75
875.7,500
870.65,491.25
865.6,482.51
860.55,473.76
855.5,465.01
850.45,456.27
845.4,447.52
840.35,438.77
835.3,430.03
830.25,421.28
825.2,412.53
820.15,403.78
815.1,395.04
810.05,386.29
805,377.54
799.95,368.8
794.9,360.05
789.85,351.3
784.8,342.56
779.75,333.81
774.7,325.06
769.65,316.32
764.6,307.57
759.55,298.82
633.3,80.151
628.25,71.404
623.2,62.657
618.15,53.91
613.1,45.163
608.05,36.417
603,27.67
597.95,18.923
592.9,10.176
7.1,10.176
2.05,18.923
830.25,596.22
835.3,587.47
840.35,578.72
845.4,569.97
850.45,561.23
855.5,552.48
860.55,543.73
865.6,534.99
870.65,526.24
875.7,517.49
880.75,508.75
885.8,500
880.75,491.25
875.7,482.51
870.65,473.76
865.6,465.01
860.55,456.27
855.5,447.52
850.45,438.77
845.4,430.03
840.35,421.28
835.3,412.53
830.25,403.78
825.2,395.04
820.15,386.29
815.1,377.54
810.05,368.8
805,360.05
799.95,351.3
794.9,342.56
789.85,333.81
784.8,325.06
779.75,316.32
774.7,307.57
769.65,298.82
764.6,290.08
759.55,281.33
648.45,88.898
643.4,80.151
638.35,71.404
633.3,62.657
628.25,53.91
623.2,45.163
618.15,36.417
613.1,27.67
608.05,18.923
603,10.176
840.35,596.22
845.4,587.47
850.45,578.72
855.5,569.97
860.55,561.23
865.6,552.48
870.65,543.73
875.7,534.99
880.75,526.24
885.8,517.49
890.85,508.75
895.9,500
890.85,491.25
885.8,482.51
880.75,473.76
875.7,465.01
870.65,456.27
865.6,447.52
860.55,438.77
855.5,430.03
850.45,421.28
845.4,412.53
840.35,403.78
835.3,395.04
830.25,386.29
825.2,377.54
820.15,368.8
815.1,360.05
810.05,351.3
805,342.56
799.95,333.81
794.9,325.06
789.85,316.32
784.8,307.57
779.75,298.82
774.7,290.08
769.65,281.33
764.6,272.58
759.55,263.83
754.5,255.09
749.45,246.34
663.6,97.645
658.55,88.898
653.5,80.151
648.45,71.404
643.4,62.657
638.35,53.91
633.3,45.163
628.25,36.417
623.2,27.67
618.15,18.923
613.1,10.176
850.45,596.22
855.5,587.47
860.55,578.72
865.6,569.97
870.65,561.23
875.7,552.48
880.75,543.73
885.8,534.99
890.85,526.24
895.9,517.49
900.95,508.75
906,500
900.95,491.25
895.9,482.51
890.85,473.76
885.8,465.01
880.75,456.27
875.7,447.52
870.65,438.77
865.6,430.03
860.55,421.28
855.5,412.53
850.45,403.78
845.4,395.04
840.35,386.29
835.3,377.54
830.25,368.8
825.2,360.05
820.15,351.3
815.1,342.56
810.05,333.81
805,325.06
799.95,316.32
794.9,307.57
789.85,298.82
784.8,290.08
779.75,281.33
774.7,272.58
769.65,263.83
764.6,255.09
759.55,246.34
754.5,237.59
749.45,228.85
744.4,220.1
739.35,211.35
698.95,141.38
688.85,123.89
683.8,115.14
678.75,106.39
673.7,97.645
668.65,88.898
663.6,80.151
658.55,71.404
653.5,62.657
648.45,53.91
643.4,45.163
638.35,36.417
633.3,27.67
628.25,18.923
623.2,10.176
860.55,596.22
865.6,587.47
870.65,578.72
875.7,569.97
880.75,561.23
885.8,552.48
890.85,543.73
895.9,534.99
900.95,526.24
906,517.49
911.05,508.75
916.1,500
911.05,491.25
906,482.51
900.95,473.76
895.9,465.01
890.85,456.27
885.8,447.52
880.75,438.77
875.7,430.03
870.65,421.28
865.6,412.53
860.55,403.78
855.5,395.04
850.45,386.29
845.4,377.54
840.35,368.8
835.3,360.05
830.25,351.3
825.2,342.56
820.15,333.81
815.1,325.06
810.05,316.32
805,307.57
799.95,298.82
794.9,290.08
789.85,281.33
784.8,272.58
779.75,263.83
774.7,255.09
769.65,246.34
764.6,237.59
759.55,228.85
754.5,220.1
749.45,211.35
744.4,202.61
739.35,193.86
734.3,185.11
729.25,176.37
724.2,167.62
719.15,158.87
714.1,150.13
709.05,141.38
704,132.63
698.95,123.89
693.9,115.14
688.85,106.39
683.8,97.645
678.75,88.898
673.7,80.151
668.65,71.404
663.6,62.657
658.55,53.91
653.5,45.163
648.45,36.417
643.4,27.67
638.35,18.923
633.3,10.176
870.65,596.22
875.7,587.47
880.75,578.72
885.8,569.97
890.85,561.23
895.9,552.48
900.95,543.73
906,534.99
911.05,526.24
916.1,517.49
921.15,508.75
926.2,500
921.15,491.25
916.1,482.51
911.05,473.76
906,465.01
900.95,456.27
895.9,447.52
890.85,438.77
885.8,430.03
880.75,421.28
875.7,412.53
870.65,403.78
865.6,395.04
860.55,386.29
855.5,377.54
850.45,368.8
845.4,360.05
840.35,351.3
835.3,342.56
830.25,333.81
825.2,325.06
820.15,316.32
815.1,307.57
810.05,298.82
805,290.08
799.95,281.33
794.9,272.58
789.85,263.83
784.8,255.09
779.75,246.34
774.7,237.59
769.65,228.85
764.6,220.1
759.55,211.35
754.5,202.61
749.45,193.86
744.4,185.11
739.35,176.37
734.3,167.62
729.25,158.87
724.2,150.13
719.15,141.38
714.1,132.63
709.05,123.89
704,115.14
698.95,106.39
693.9,97.645
688.85,88.898
683.8,80.151
678.75,71.404
673.7,62.657
668.65,53.91
663.6,45.163
658.55,36.417
653.5,27.67
648.45,18.923
643.4,10.176
880.75,596.22
885.8,587.47
890.85,578.72
895.9,569.97
900.95,561.23
906,552.48
911.05,543.73
916.1,534.99
921.15,526.24
926.2,517.49
931.25,508.75
936.3,500
931.25,491.25
926.2,482.51
921.15,473.76
916.1,465.01
911.05,456.27
906,447.52
900.95,438.77
895.9,430.03
890.85,421.28
885.8,412.53
880.75,403.78
875.7,395.04
870.65,386.29
865.6,377.54
860.55,368.8
855.5,360.05
850.45,351.3
845.4,342.56
840.35,333.81
835.3,325.06
830.25,316.32
825.2,307.57
820.15,298.82
815.1,290.08
810.05,281.33
805,272.58
799.95,263.83
794.9,255.09
789.85,246.34
784.8,237.59
779.75,228.85
774.7,220.1
769.65,211.35
764.6,202.61
759.55,193.86
754.5,185.11
749.45,176.37
744.4,167.62
739.35,158.87
734.3,150.13
729.25,141.38
724.2,132.63
719.15,123.89
714.1,115.14
709.05,106.39
704,97.645
698.95,88.898
693.9,80.151
688.85,71.404
683.8,62.657
678.75,53.91
673.7,45.163
668.65,36.417
663.6,27.67
658.55,18.923
653.5,10.176
890.85,596.22
895.9,587.47
900.95,578.72
906,569.97
911.05,561.23
916.1,552.48
921.15,543.73
926.2,534.99
931.25,526.24
936.3,517.49
941.35,508.75
946.4,500
941.35,491.25
936.3,482.51
931.25,473.76
926.2,465.01
921.15,456.27
916.1,447.52
911.05,438.77
906,430.03
900.95,421.28
895.9,412.53
890.85,403.78
885.8,395.04
880.75,386.29
875.7,377.54
870.65,368.8
865.6,360.05
860.55,351.3
855.5,342.56
850.45,333.81
845.4,325.06
840.35,316.32
835.3,307.57
830.25,298.82
825.2,290.08
820.15,281.33
815.1,272.58
810.05,263.83
805,255.09
799.95,246.34
794.9,237.59
789.85,228.85
784.8,220.1
779.75,211.35
774.7,202.61
769.65,193.86
764.6,185.11
759.55,176.37
754.5,167.62
749.45,158.87
744.4,150.13
739.35,141.38
734.3,132.63
729.25,123.89
724.2,115.14
719.15,106.39
714.1,97.645
709.05,88.898
704,80.151
698.95,71.404
693.9,62.657
688.85,53.91
683.8,45.163
678.75,36.417
673.7,27.67
668.65,18.923
663.6,10.176
900.95,596.22
906,587.47
911.05,578.72
916.1,569.97
921.15,561.23
926.2,552.48
931.25,543.73
936.3,534.99
941.35,526.24
946.4,517.49
951.45,508.75
956.5,500
951.45,491.25
946.4,482.51
941.35,473.76
936.3,465.01
931.25,456.27
926.2,447.52
921.15,438.77
916.1,430.03
911.05,421.28
906,412.53
900.95,403.78
895.9,395.04
890.85,386.29
885.8,377.54
880.75,368.8
875.7,360.05
870.65,351.3
865.6,342.56
860.55,333.81
855.5,325.06
850.45,316.32
845.4,307.57
840.35,298.82
835.3,290.08
830.25,281.33
825.2,272.58
820.15,263.83
815.1,255.09
810.05,246.34
805,237.59
799.95,228.85
794.9,220.1
789.85,211.35
784.8,202.61
779.75,193.86
774.7,185.11
769.65,176.37
764.6,167.62
759.55,158.87
754.5,150.13
749.45,141.38
744.4,132.63
739.35,123.89
734.3,115.14
729.25,106.39
724.2,97.645
719.15,88.898
714.1,80.151
709.05,71.404
704,62.657
698.95,53.91
693.9,45.163
688.85,36.417
683.8,27.67
678.75,18.923
673.7,10.176
911.05,596.22
916.1,587.47
921.15,578.72
926.2,569.97
931.25,561.23
936.3,552.48
941.35,543.73
946.4,534.99
951.45,526.24
956.5,517.49
961.55,508.75
966.6,500
961.55,491.25
956.5,482.51
951.45,473.76
946.4,465.01
941.35,456.27
936.3,447.52
931.25,438.77
926.2,430.03
921.15,421.28
916.1,412.53
911.05,403.78
906,395.04
900.95,386.29
895.9,377.54
890.85,368.8
885.8,360.05
880.75,351.3
875.7,342.56
870.65,333.81
865.6,325.06
860.55,316.32
855.5,307.57
850.45,298.82
845.4,290.08
840.35,281.33
835.3,272.58
830.25,263.83
825.2,255.09
820.15,246.34
815.1,237.59
810.05,228.85
805,220.1
799.95,211.35
794.9,202.61
789.85,193.86
784.8,185.11
779.75,176.37
774.7,167.62
769.65,158.87
764.6,150.13
759.55,141.38
754.5,132.63
749.45,123.89
744.4,115.14
739.35,106.39
734.3,97.645
729.25,88.898
724.2,80.151
719.15,71.404
714.1,62.657
709.05,53.91
704,45.163
698.95,36.417
693.9,27.67
688.85,18.923
683.8,10.176
921.15,596.22
926.2,587.47
931.25,578.72
936.3,569.97
941.35,561.23
946.4,552.48
951.45,543.73
956.5,534.99
961.55,526.24
966.6,517.49
971.65,508.75
976.7,500
971.65,491.25
966.6,482.51
961.55,473.76
956.5,465.01
951.45,456.27
946.4,447.52
941.35,438.77
936.3,430.03
931.25,421.28
926.2,412.53
921.15,403.78
916.1,395.04
911.05,386.29
906,377.54
900.95,368.8
895.9,360.05
890.85,351.3
885.8,342.56
880.75,333.81
875.7,325.06
870.65,316.32
865.6,307.57
860.55,298.82
855.5,290.08
850.45,281.33
845.4,272.58
840.35,263.83
835.3,255.09
830.25,246.34
825.2,237.59
820.15,228.85
815.1,220.1
810.05,211.35
805,202.61
799.95,193.86
794.9,185.11
789.85,176.37
784.8,167.62
779.75,158.87
774.7,150.13
769.65,141.38
764.6,132.63
759.55,123.89
754.5,115.14
749.45,106.39
744.4,97.645
739.35,88.898
734.3,80.151
729.25,71.404
724.2,62.657
719.15,53.91
714.1,45.163
709.05,36.417
704,27.67
698.95,18.923
693.9,10.176
931.25,596.22
936.3,587.47
941.35,578.72
946.4,569.97
951.45,561.23
956.5,552.48
961.55,543.73
966.6,534.99
971.65,526.24
976.7,517.49
981.75,508.75
986.8,500
981.75,491.25
976.7,482.51
971.65,473.76
966.6,465.01
961.55,456.27
956.5,447.52
951.45,438.77
946.4,430.03
941.35,421.28
936.3,412.53
931.25,403.78
926.2,395.04
921.15,386.29
916.1,377.54
911.05,368.8
906,360.05
900.95,351.3
895.9,342.56
890.85,333.81
885.8,325.06
880.75,316.32
875.7,307.57
870.65,298.82
865.6,290.08
860.55,281.33
855.5,272.58
850.45,263.83
845.4,255.09
840.35,246.34
835.3,237.59
830.25,228.85
825.2,220.1
820.15,211.35
815.1,202.61
810.05,193.86
805,185.11
799.95,176.37
794.9,167.62
789.85,158.87
784.8,150.13
779.75,141.38
774.7,132.63
769.65,123.89
764.6,115.14
759.55,106.39
754.5,97.645
749.45,88.898
744.4,80.151
739.35,71.404
734.3,62.657
729.25,53.91
724.2,45.163
719.15,36.417
714.1,27.67
709.05,18.923
704,10.176
941.35,596.22
946.4,587.47
951.45,578.72
956.5,569.97
961.55,561.23
966.6,552.48
971.65,543.73
976.7,534.99
981.75,526.24
986.8,517.49
991.85,508.75
996.9,500
991.85,491.25
986.8,482.51
981.75,473.76
976.7,465.01
971.65,456.27
966.6,447.52
961.55,438.77
956.5,430.03
951.45,421.28
946.4,412.53
941.35,403.78
936.3,395.04
931.25,386.29
926.2,377.54
921.15,368.8
916.1,360.05
911.05,351.3
906,342.56
900.95,333.81
895.9,325.06
890.85,316.32
885.8,307.57
880.75,298.82
875.7,290.08
870.65,281.33
865.6,272.58
860.55,263.83
855.5,255.09
850.45,246.34
845.4,237.59
840.35,228.85
835.3,220.1
830.25,211.35
825.2,202.61
820.15,193.86
815.1,185.11
810.05,176.37
805,167.62
799.95,158.87
794.9,150.13
789.85,141.38
784.8,132.63
779.75,123.89
774.7,115.14
769.65,106.39
764.6,97.645
759.55,88.898
754.5,80.151
749.45,71.404
744.4,62.657
739.35,53.91
734.3,45.163
729.25,36.417
724.2,27.67
719.15,18.923
714.1,10.176
951.45,596.22
956.5,587.47
961.55,578.72
966.6,569.97
971.65,561.23
976.7,552.48
981.75,543.73
986.8,534.99
991.85,526.24
996.9,517.49
996.9,482.51
991.85,473.76
986.8,465.01
981.75,456.27
976.7,447.52
971.65,438.77
966.6,430.03
961.55,421.28
956.5,412.53
951.45,403.78
946.4,395.04
941.35,386.29
936.3,377.54
931.25,368.8
926.2,360.05
921.15,351.3
916.1,342.56
911.05,333.81
906,325.06
900.95,316.32
895.9,307.57
890.85,298.82
885.8,290.08
880.75,281.33
875.7,272.58
870.65,263.83
865.6,255.09
860.55,246.34
855.5,237.59
850.45,228.85
845.4,220.1
840.35,211.35
835.3,202.61
830.25,193.86
825.2,185.11
820.15,176.37
815.1,167.62
810.05,158.87
805,150.13
799.95,141.38
794.9,132.63
789.85,123.89
784.8,115.14
779.75,106.39
774.7,97.645
769.65,88.898
764.6,80.151
759.55,71.404
754.5,62.657
749.45,53.91
744.4,45.163
739.35,36.417
734.3,27.67
729.25,18.923
724.2,10.176
961.55,596.22
966.6,587.47
971.65,578.72
976.7,569.97
981.75,561.23
986.8,552.48
991.85,543.73
996.9,534.99
996.9,465.01
991.85,456.27
986.8,447.52
981.75,438.77
976.7,430.03
971.65,421.28
966.6,412.53
961.55,403.78
956.5,395.04
951.45,386.29
946.4,377.54
941.35,368.8
936.3,360.05
931.25,351.3
926.2,342.56
921.15,333.81
916.1,325.06
911.05,316.32
906,307.57
900.95,298.82
895.9,290.08
890.85,281.33
885.8,272.58
880.75,263.83
875.7,255.09
870.65,246.34
865.6,237.59
860.55,228.85
855.5,220.1
850.45,211.35
845.4,202.61
840.35,193.86
835.3,185.11
830.25,176.37
825.2,167.62
820.15,158.87
815.1,150.13
810.05,141.38
805,132.63
799.95,123.89
794.9,115.14
789.85,106.39
784.8,97.645
779.75,88.898
774.7,80.151
769.65,71.404
764.6,62.657
759.55,53.91
754.5,45.163
749.45,36.417
744.4,27.67
739.35,18.923
734.3,10.176
971.65,596.22
976.7,587.47
981.75,578.72
986.8,569.97
991.85,561.23
996.9,552.48
996.9,447.52
991.85,438.77
986.8,430.03
981.75,421.28
976.7,412.53
971.65,403.78
966.6,395.04
961.55,386.29
956.5,377.54
951.45,368.8
946.4,360.05
941.35,351.3
936.3,342.56
931.25,333.81
926.2,325.06
921.15,316.32
916.1,307.57
911.05,298.82
906,290.08
900.95,281.33
895.9,272.58
890.85,263.83
885.8,255.09
880.75,246.34
875.7,237.59
870.65,228.85
865.6,220.1
860.55,211.35
855.5,202.61
850.45,193.86
845.4,185.11
840.35,176.37
835.3,167.62
830.25,158.87
825.2,150.13
820.15,141.38
815.1,132.63
810.05,123.89
805,115.14
799.95,106.39
794.9,97.645
789.85,88.898
784.8,80.151
779.75,71.404
774.7,62.657
769.65,53.91
764.6,45.163
759.55,36.417
754.5,27.67
749.45,18.923
744.4,10.176
981.75,596.22
986.8,587.47
991.85,578.72
996.9,569.97
996.9,430.03
991.85,421.28
986.8,412.53
981.75,403.78
976.7,395.04
971.65,386.29
966.6,377.54
961.55,368.8
956.5,360.05
951.45,351.3
946.4,342.56
941.35,333.81
936.3,325.06
931.25,316.32
926.2,307.57
921.15,298.82
916.1,290.08
911.05,281.33
906,272.58
900.95,263.83
895.9,255.09
890.85,246.34
885.8,237.59
880.75,228.85
875.7,220.1
870.65,211.35
865.6,202.61
860.55,193.86
855.5,185.11
850.45,176.37
845.4,167.62
840.35,158.87
835.3,150.13
830.25,141.38
825.2,132.63
820.15,123.89
815.1,115.14
810.05,106.39
805,97.645
799.95,88.898
794.9,80.151
789.85,71.404
784.8,62.657
779.75,53.91
774.7,45.163
769.65,36.417
764.6,27.67
759.55,18.923
754.5,10.176
991.85,596.22
996.9,587.47
996.9,412.53
991.85,403.78
986.8,395.04
981.75,386.29
976.7,377.54
971.65,368.8
966.6,360.05
961.55,351.3
956.5,342.56
951.45,333.81
946.4,325.06
941.35,316.32
936.3,307.57
931.25,298.82
926.2,290.08
921.15,281.33
916.1,272.58
911.05,263.83
906,255.09
900.95,246.34
895.9,237.59
890.85,228.85
885.8,220.1
880.75,211.35
875.7,202.61
870.65,193.86
865.6,185.11
860.55,176.37
855.5,167.62
850.45,158.87
845.4,150.13
840.35,141.38
835.3,132.63
830.25,123.89
825.2,115.14
820.15,106.39
815.1,97.645
810.05,88.898
805,80.151
799.95,71.404
794.9,62.657
789.85,53.91
784.8,45.163
779.75,36.417
774.7,27.67
769.65,18.923
764.6,10.176
996.9,395.04
991.85,386.29
986.8,377.54
981.75,368.8
976.7,360.05
971.65,351.3
966.6,342.56
961.55,333.81
956.5,325.06
951.45,316.32
946.4,307.57
941.35,298.82
936.3,290.08
931.25,281.33
926.2,272.58
921.15,263.83
916.1,255.09
911.05,246.34
906,237.59
900.95,228.85
895.9,220.1
890.85,211.35
885.8,202.61
880.75,193.86
875.7,185.11
870.65,176.37
865.6,167.62
860.55,158.87
855.5,150.13
850.45,141.38
845.4,132.63
840.35,123.89
835.3,115.14
830.25,106.39
825.2,97.645
820.15,88.898
815.1,80.151
810.05,71.404
805,62.657
799.95,53.91
794.9,45.163
789.85,36.417
784.8,27.67
779.75,18.923
774.7,10.176
996.9,377.54
991.85,368.8
986.8,360.05
981.75,351.3
976.7,342.56
971.65,333.81
966.6,325.06
961.55,316.32
956.5,307.57
951.45,298.82
946.4,290.08
941.35,281.33
936.3,272.58
931.25,263.83
926.2,255.09
921.15,246.34
916.1,237.59
911.05,228.85
906,220.1
900.95,211.35
895.9,202.61
890.85,193.86
885.8,185.11
880.75,176.37
875.7,167.62
870.65,158.87
865.6,150.13
860.55,141.38
855.5,132.63
850.45,123.89
845.4,115.14
840.35,106.39
835.3,97.645
830.25,88.898
825.2,80.151
820.15,71.404
815.1,62.657
810.05,53.91
805,45.163
799.95,36.417
794.9,27.67
789.85,18.923
784.8,10.176
996.9,360.05
991.85,351.3
986.8,342.56
981.75,333.81
976.7,325.06
971.65,316.32
966.6,307.57
961.55,298.82
956.5,290.08
951.45,281.33
946.4,272.58
941.35,263.83
936.3,255.09
931.25,246.34
926.2,237.59
921.15,228.85
916.1,220.1
911.05,211.35
906,202.61
900.95,193.86
895.9,185.11
890.85,176.37
885.8,167.62
880.75,158.87
875.7,150.13
870.65,141.38
865.6,132.63
860.55,123.89
855.5,115.14
850.45,106.39
845.4,97.645
840.35,88.898
835.3,80.151
830.25,71.404
825.2,62.657
820.15,53.91
815.1,45.163
810.05,36.417
805,27.67
799.95,18.923
794.9,10.176
996.9,342.56
991.85,333.81
986.8,325.06
981.75,316.32
976.7,307.57
971.65,298.82
966.6,290.08
961.55,281.33
956.5,272.58
951.45,263.83
946.4,255.09
941.35,246.34
936.3,237.59
931.25,228.85
926.2,220.1
921.15,211.35
916.1,202.61
911.05,193.86
906,185.11
900.95,176.37
895.9,167.62
890.85,158.87
885.8,150.13
880.75,141.38
875.7,132.63
870.65,123.89
865.6,115.14
860.55,106.39
855.5,97.645
850.45,88.898
845.4,80.151
840.35,71.404
835.3,62.657
830.25,53.91
825.2,45.163
820.15,36.417
815.1,27.67
810.05,18.923
805,10.176
996.9,325.06
991.85,316.32
986.8,307.57
981.75,298.82
976.7,290.08
971.65,281.33
966.6,272.58
961.55,263.83
956.5,255.09
951.45,246.34
946.4,237.59
941.35,228.85
936.3,220.1
931.25,211.35
926.2,202.61
921.15,193.86
916.1,185.11
911.05,176.37
906,167.62
900.95,158.87
895.9,150.13
890.85,141.38
885.8,132.63
880.75,123.89
875.7,115.14
870.65,106.39
865.6,97.645
860.55,88.898
855.5,80.151
850.45,71.404
845.4,62.657
840.35,53.91
835.3,45.163
830.25,36.417
825.2,27.67
820.15,18.923
815.1,10.176
996.9,307.57
991.85,298.82
986.8,290.08
981.75,281.33
976.7,272.58
971.65,263.83
966.6,255.09
961.55,246.34
956.5,237.59
951.45,228.85
946.4,220.1
941.35,211.35
936.3,202.61
931.25,193.86
926.2,185.11
921.15,176.37
916.1,167.62
911.05,158.87
906,150.13
900.95,141.38
895.9,132.63
890.85,123.89
885.8,115.14
880.75,106.39
875.7,97.645
870.65,88.898
865.6,80.151
860.55,71.404
855.5,62.657
850.45,53.91
845.4,45.163
840.35,36.417
835.3,27.67
830.25,18.923
825.2,10.176
996.9,290.08
991.85,281.33
986.8,272.58
981.75,263.83
976.7,255.09
971.65,246.34
966.6,237.59
961.55,228.85
956.5,220.1
951.45,211.35
946.4,202.61
941.35,193.86
936.3,185.11
931.25,176.37
926.2,167.62
921.15,158.87
916.1,150.13
911.05,141.38
906,132.63
900.95,123.89
895.9,115.14
890.85,106.39
885.8,97.645
880.75,88.898
875.7,80.151
870.65,71.404
865.6,62.657
860.55,53.91
855.5,45.163
850.45,36.417
845.4,27.67
840.35,18.923
835.3,10.176
996.9,272.58
991.85,263.83
986.8,255.09
981.75,246.34
976.7,237.59
971.65,228.85
966.6,220.1
961.55,211.35
956.5,202.61
951.45,193.86
946.4,185.11
941.35,176.37
936.3,167.62
931.25,158.87
926.2,150.13
921.15,141.38
916.1,132.63
911.05,123.89
906,115.14
900.95,106.39
895.9,97.645
890.85,88.898
885.8,80.151
880.75,71.404
875.7,62.657
870.65,53.91
865.6,45.163
860.55,36.417
855.5,27.67
850.45,18.923
845.4,10.176
996.9,255.09
991.85,246.34
986.8,237.59
981.75,228.85
976.7,220.1
971.65,211.35
966.6,202.61
961.55,193.86
956.5,185.11
951.45,176.37
946.4,167.62
941.35,158.87
936.3,150.13
931.25,141.38
926.2,132.63
921.15,123.89
916.1,115.14
911.05,106.39
906,97.645
900.95,88.898
895.9,80.151
890.85,71.404
885.8,62.657
880.75,53.91
875.7,45.163
870.65,36.417
865.6,27.67
860.55,18.923
855.5,10.176
996.9,237.59
991.85,228.85
986.8,220.1
981.75,211.35
976.7,202.61
971.65,193.86
966.6,185.11
961.55,176.37
956.5,167.62
951.45,158.87
946.4,150.13
941.35,141.38
936.3,132.63
931.25,123.89
926.2,115.14
921.15,106.39
916.1,97.645
911.05,88.898
906,80.151
900.95,71.404
895.9,62.657
890.85,53.91
885.8,45.163
880.75,36.417
875.7,27.67
870.65,18.923
865.6,10.176
996.9,220.1
991.85,211.35
986.8,202.61
981.75,193.86
976.7,185.11
971.65,176.37
966.6,167.62
961.55,158.87
956.5,150.13
951.45,141.38
946.4,132.63
941.35,123.89
936.3,115.14
931.25,106.39
926.2,97.645
921.15,88.898
916.1,80.151
911.05,71.404
906,62.657
900.95,53.91
895.9,45.163
890.85,36.417
885.8,27.67
880.75,18.923
875.7,10.176
996.9,202.61
991.85,193.86
986.8,185.11
981.75,176.37
976.7,167.62
971.65,158.87
966.6,150.13
961.55,141.38
956.5,132.63
951.45,123.89
946.4,115.14
941.35,106.39
936.3,97.645
931.25,88.898
926.2,80.151
921.15,71.404
916.1,62.657
911.05,53.91
906,45.163
900.95,36.417
895.9,27.67
890.85,18.923
885.8,10.176
996.9,185.11
991.85,176.37
986.8,167.62
981.75,158.87
976.7,150.13
971.65,141.38
966.6,132.63
961.55,123.89
956.5,115.14
951.45,106.39
946.4,97.645
941.35,88.898
936.3,80.151
931.25,71.404
926.2,62.657
921.15,53.91
916.1,45.163
911.05,36.417
906,27.67
900.95,18.923
895.9,10.176
996.9,167.62
991.85,158.87
986.8,150.13
981.75,141.38
976.7,132.63
971.65,123.89
966.6,115.14
961.55,106.39
956.5,97.645
951.45,88.898
946.4,80.151
941.35,71.404
936.3,62.657
931.25,53.91
926.2,45.163
921.15,36.417
916.1,27.67
911.05,18.923
906,10.176
996.9,150.13
991.85,141.38
986.8,132.63
981.75,123.89
976.7,115.14
971.65,106.39
966.6,97.645
961.55,88.898
956.5,80.151
951.45,71.404
946.4,62.657
941.35,53.91
936.3,45.163
931.25,36.417
926.2,27.67
921.15,18.923
916.1,10.176
996.9,132.63
991.85,123.89
986.8,115.14
981.75,106.39
976.7,97.645
971.65,88.898
966.6,80.151
961.55,71.404
956.5,62.657
951.45,53.91
946.4,45.163
941.35,36.417
936.3,27.67
931.25,18.923
926.2,10.176
996.9,115.14
991.85,106.39
986.8,97.645
981.75,88.898
976.7,80.151
971.65,71.404
966.6,62.657
961.55,53.91
956.5,45.163
951.45,36.417
946.4,27.67
941.35,18.923
936.3,10.176
996.9,97.645
991.85,88.898
986.8,80.151
981.75,71.404
976.7,62.657
971.65,53.91
966.6,45.163
961.55,36.417
956.5,27.67
951.45,18.923
946.4,10.176
996.9,80.151
991.85,71.404
986.8,62.657
981.75,53.91
976.7,45.163
971.65,36.417
966.6,27.67
961.55,18.923
956.5,10.176
996.9,62.657
991.85,53.91
986.8,45.163
981.75,36.417
976.7,27.67
971.65,18.923
966.6,10.176
996.9,45.163
991.85,36.417
986.8,27.67
981.75,18.923
976.7,10.176
996.9,27.67
991.85,18.923
986.8,10.176
996.9,10.176
300,500
