1,30,12,17,18,599,2,7,10,19,20,16,15,14,13
2,20,21,5,6,3,1,7
3,22,4,2,5,21
4,5,23,22,3
5,4,23,24,2,6,3
6,5,2,24,25,7
7,25,26,8,10,2,1,6
8,26,27,9,10,7
9,28,10,27,8
10,28,9,11,29,8,7,1
11,10,29,49,70
12,32,31,30,1,13
13,14,33,1,12,32
14,33,13,1,15,34
15,35,34,1,16,14
16,17,36,1,15,35
17,1,18,16,36,37
18,38,19,17,1,37
19,38,18,39,20,1
20,2,21,39,19,40,1
21,20,2,3,22,41,40
22,23,42,3,4,21,41
23,24,43,42,22,4,5
24,43,23,5,6,44,25
25,7,26,45,44,24,6
26,8,27,25,7,46,45
27,26,8,9,28,47,46
28,9,10,29,48,47,27
29,48,49,10,11,28
30,227,259,197,169,1,12,599,50,31,292,93,71,117,142,327,363
31,32,12,52,51,50,30
32,31,12,52,53,13,33
33,14,13,34,54,53,32
34,33,54,55,35,15,14
35,55,34,15,36,16,56
36,56,57,37,16,17,35
37,38,58,57,36,18,17
38,18,19,37,58,39,59
39,59,60,40,19,20,38
40,60,39,61,21,41,20
41,62,42,21,22,40,61
42,23,22,43,63,62,41
43,24,23,63,42,64,44
44,65,64,25,45,43,24
45,65,66,46,26,25,44
46,47,67,66,45,26,27
47,46,67,68,48,28,27
48,29,49,69,68,28,47
49,48,29,70,69,11
50,30,31,51,72,71
51,31,52,50,72,73,74
52,31,51,32,53,75,74
53,52,32,33,54,75,76
54,33,34,76,77,55,53
55,78,56,34,35,54,77
56,78,55,36,57,79,35
57,56,36,37,80,79,58
58,81,80,37,38,59,57
59,82,60,39,81,58,38
60,82,59,83,39,40,61
61,60,40,41,62,83,84
62,42,63,41,61,84,85
63,43,42,64,62,85,86
64,65,44,63,43,87,86
65,64,44,45,66,88,87
66,65,45,46,67,89,88
67,46,47,90,89,68,66
68,69,48,91,90,67,47
69,49,70,68,48,91,92
70,168,258,49,69,1042,838,116,92,11
71,93,30,50,72,94
72,51,73,50,71,94,95
73,74,97,96,95,72,51
74,97,73,75,52,98,51
75,74,52,53,76,99,98
76,77,100,54,99,75,53
77,76,100,78,101,54,55
78,101,77,55,56,102,79
79,103,102,57,80,56,78
80,58,81,104,103,57,79
81,82,105,58,80,59,104
82,83,106,105,81,59,60
83,107,106,82,60,84,61
84,107,108,83,61,62,85
85,86,109,108,62,63,84
86,110,109,87,85,63,64
87,88,111,86,110,65,64
88,89,112,111,87,65,66
89,88,112,90,113,67,66
90,113,114,89,67,91,68
91,90,68,114,115,69,92
92,115,116,70,91,69
93,30,71,94,118,117
94,95,119,118,93,71,72
95,73,96,120,119,94,72
96,73,97,95,120,121,122
97,74,73,98,96,123,122
98,75,99,74,97,124,123
99,100,125,124,76,75,98
100,76,77,126,101,125,99
101,78,77,126,100,127,102
102,79,103,128,127,101,78
103,128,129,104,80,79,102
104,103,129,105,81,80,130
105,131,130,82,81,104,106
106,107,83,82,131,132,105
107,106,83,84,108,133,132
108,107,84,85,109,134,133
109,86,110,85,108,134,135
110,111,136,86,109,87,135
111,136,110,137,88,87,112
112,113,138,88,89,137,111
113,112,138,139,114,90,89
114,139,113,115,140,90,91
115,92,116,141,140,114,91
116,115,92,70,168,141
117,30,93,142,143,118
118,94,93,117,143,144,119
119,145,144,120,95,94,118
120,146,145,119,95,96,121
121,147,146,122,148,120,96
122,123,149,148,121,97,96
123,122,149,98,124,97,150
124,150,151,99,125,98,123
125,126,152,100,151,99,124
126,153,127,100,101,125,152
127,153,126,154,128,102,101
128,103,129,154,155,127,102
129,130,156,155,128,103,104
130,105,131,129,156,157,104
131,105,130,132,158,106,157
132,158,131,133,159,106,107
133,132,159,107,108,134,160
134,161,135,160,108,109,133
135,161,134,136,162,110,109
136,111,110,137,135,162,163
137,111,136,164,138,163,112
138,165,139,164,112,113,137
139,165,138,113,114,166,140
140,141,167,115,166,114,139
141,140,167,115,168,116
142,143,170,117,169,30
143,144,171,142,170,117,118
144,119,145,143,171,172,118
145,146,120,119,144,172,173
146,145,120,121,147,174,173
147,121,146,148,176,174,175
148,149,177,147,176,122,121
149,177,148,122,123,150,178
150,124,151,179,123,149,178
151,152,180,179,150,124,125
152,151,180,181,125,126,153
153,182,181,126,127,154,152
154,183,182,128,155,153,127
155,129,156,183,184,154,128
156,129,130,155,184,185,157
157,186,158,131,185,130,156
158,132,131,186,157,187,159
159,132,133,187,158,188,160
160,189,188,134,161,133,159
161,134,135,162,190,160,189
162,161,190,135,136,163,191
163,164,192,137,136,191,162
164,165,138,137,163,192,193
165,138,139,164,193,194,166
166,167,140,195,194,165,139
167,140,141,166,196,195,168
168,70,258,226,196,116,141,167
169,197,30,170,198,142
170,199,198,142,143,171,169
171,143,144,199,200,170,172
172,144,145,171,173,201,200
173,202,201,146,174,145,172
174,146,173,175,203,202,147
175,176,205,174,203,147,204
176,175,205,147,148,177,206
177,149,148,176,178,206,207
178,208,207,150,179,149,177
179,151,180,209,208,150,178
180,151,152,181,179,209,210
181,182,153,180,152,210,211
182,181,153,154,183,212,211
183,213,212,154,182,155,184
184,156,185,183,155,213,214
185,157,186,214,215,184,156
186,187,216,157,158,185,215
187,216,186,158,159,188,217
188,189,218,160,159,187,217
189,188,218,160,219,190,161
190,220,219,161,162,189,191
191,221,220,192,163,162,190
192,163,164,193,222,221,191
193,223,222,192,194,165,164
194,224,223,193,195,166,165
195,196,225,224,194,167,166
196,195,225,226,167,168
197,30,169,227,198,228
198,170,199,169,197,229,228
199,170,198,171,200,230,229
200,231,230,199,171,201,172
201,173,202,231,200,232,172
202,173,201,174,203,233,232
203,234,204,233,174,175,202
204,205,236,234,203,175,235
205,204,236,237,206,175,176
206,237,205,207,238,176,177
207,178,208,238,206,177,239
208,178,207,240,239,209,179
209,241,210,179,180,208,240
210,211,242,241,209,180,181
211,210,242,243,212,182,181
212,213,183,243,211,244,182
213,212,183,245,244,184,214
214,185,215,246,245,213,184
215,214,185,246,186,216,247
216,187,186,217,248,247,215
217,216,248,218,249,187,188
218,188,189,217,249,219,250
219,190,220,218,250,189,251
220,221,191,190,219,251,252
221,220,191,253,252,192,222
222,254,253,193,223,192,221
223,255,224,194,193,222,254
224,225,256,255,223,194,195
225,224,256,257,226,195,196
226,257,225,258,168,196
227,259,30,197,228,260
228,229,261,227,260,198,197
229,228,261,230,262,199,198
230,263,231,200,199,262,229
231,263,230,200,201,232,264
232,233,265,231,201,264,202
233,234,203,232,265,266,202
234,203,204,233,267,235,266
235,236,269,267,234,204,268
236,204,205,237,270,235,269
237,205,206,236,270,238,271
238,207,206,237,239,272,271
239,208,240,273,272,238,207
240,208,239,273,274,241,209
241,209,210,242,275,274,240
242,210,211,241,275,276,243
243,244,277,211,212,276,242
244,277,278,243,245,213,212
245,214,246,244,213,279,278
246,280,279,214,245,215,247
247,281,280,216,248,215,246
248,282,281,216,217,249,247
249,283,282,248,217,218,250
250,284,283,251,218,219,249
251,285,252,284,250,219,220
252,286,285,253,251,221,220
253,252,286,254,287,222,221
254,253,287,222,223,255,288
255,223,224,254,289,256,288
256,224,225,257,290,289,255
257,225,226,256,290,258,291
258,168,70,838,793,326,291,226,257
259,293,260,227,30,292
260,293,259,227,228,261,294
261,228,229,260,262,294,295
262,295,296,230,229,263,261
263,230,231,264,296,297,262
264,231,263,232,265,298,297
265,232,233,299,298,266,264
266,265,233,267,234,300,299
267,268,301,234,235,266,300
268,269,303,301,267,302,235
269,268,303,304,270,235,236
270,304,269,236,237,305,271
271,270,237,305,306,272,238
272,273,307,271,306,239,238
273,239,240,272,307,308,274
274,309,275,240,241,273,308
275,309,274,241,242,310,276
276,277,311,310,242,243,275
277,244,278,243,311,312,276
278,277,244,313,312,279,245
279,314,313,246,280,245,278
280,246,279,315,281,314,247
281,248,282,315,280,247,316
282,249,283,248,281,317,316
283,249,282,284,250,318,317
284,283,250,319,318,251,285
285,286,252,319,320,251,284
286,321,287,285,252,253,320
287,288,322,321,286,253,254
288,287,322,289,323,254,255
289,323,288,256,290,255,324
290,324,325,256,257,289,291
291,258,326,325,290,257
292,30,259,328,293,327
293,259,260,328,292,329,294
294,330,329,261,260,293,295
295,296,331,262,261,330,294
296,295,331,262,263,297,332
297,296,263,298,264,333,332
298,265,299,334,264,333,297
299,265,298,335,300,334,266
300,301,336,335,299,267,266
301,268,267,336,300,302,337
302,337,301,339,338,303,268
303,304,340,268,269,339,302
304,340,303,269,270,305,341
305,304,270,306,342,271,341
306,343,342,307,305,271,272
307,344,343,306,272,273,308
308,307,344,345,273,274,309
309,346,345,274,275,310,308
310,347,346,309,275,276,311
311,277,312,276,310,347,348
312,313,278,311,277,349,348
313,314,279,312,278,350,349
314,313,279,350,315,351,280
315,280,281,314,351,352,316
316,353,352,282,317,315,281
317,318,354,353,282,316,283
318,355,319,317,354,284,283
319,355,318,285,320,356,284
320,321,357,319,285,286,356
321,357,320,286,287,322,358
322,287,288,321,358,323,359
323,289,288,324,360,359,322
324,360,361,290,325,323,289
325,326,362,324,290,361,291
326,325,362,258,291,793,400
327,30,292,328,363,364
328,292,293,365,364,329,327
329,294,330,366,365,328,293
330,294,329,295,331,366,367
331,295,296,367,368,332,330
332,368,369,331,333,297,296
333,334,370,369,298,297,332
334,299,335,298,371,370,333
335,299,300,334,336,372,371
336,301,300,337,373,372,335
337,302,301,338,374,336,373
338,375,374,339,302,337,376
339,338,302,340,303,377,376
340,304,303,378,341,339,377
341,378,340,379,342,304,305
342,306,343,380,305,379,341
343,306,342,307,344,380,381
344,307,343,382,381,308,345
345,383,382,346,309,344,308
346,345,309,310,347,383,384
347,385,348,310,346,311,384
348,386,385,347,312,349,311
349,312,313,348,350,386,387
350,313,314,388,351,349,387
351,388,350,314,315,352,389
352,390,389,316,353,315,351
353,390,391,354,316,352,317
354,317,318,391,353,355,392
355,318,319,354,393,356,392
356,394,393,357,355,320,319
357,321,320,358,395,356,394
358,321,322,357,359,395,396
359,397,360,323,322,358,396
360,324,361,397,359,398,323
361,360,324,398,399,362,325
362,325,326,400,399,361
363,567,599,551,490,505,469,30,327,364,401,439,520,535
364,365,328,402,401,327,363
365,364,328,329,366,403,402
366,404,367,329,365,403,330
367,331,368,405,404,366,330
368,367,331,405,332,369,406
369,407,406,368,332,370,333
370,408,407,369,334,333,371
371,408,409,372,335,334,370
372,410,409,373,336,335,371
373,374,411,372,410,336,337
374,373,411,375,338,337,412
375,374,338,376,413,412,414
376,377,415,414,375,338,339
377,415,416,376,340,339,378
378,340,341,379,417,377,416
379,417,418,378,341,342,380
380,343,342,381,419,418,379
381,382,344,420,419,380,343
382,345,383,381,344,420,421
383,422,384,345,382,421,346
384,422,383,385,423,347,346
385,423,384,386,348,347,424
386,424,425,387,385,348,349
387,425,386,350,349,388,426
388,350,351,387,389,427,426
389,427,428,390,352,351,388
390,428,389,391,429,353,352
391,390,429,353,354,430,392
392,393,431,391,354,430,355
393,392,431,432,356,394,355
394,432,433,356,393,357,395
395,434,433,357,358,396,394
396,358,359,395,434,397,435
397,359,360,436,435,398,396
398,361,399,437,436,360,397
399,362,400,438,398,361,437
400,362,399,438,793,326
401,364,402,439,440,363
402,440,441,364,401,403,365
403,366,365,404,442,441,402
404,405,443,366,367,403,442
405,404,443,367,368,406,444
406,369,407,445,444,368,405
407,370,408,369,406,446,445
408,370,407,447,409,446,371
409,372,410,447,408,448,371
410,372,409,448,449,373,411
411,373,374,412,450,449,410
412,413,375,374,411,450,451
413,414,453,452,451,412,375
414,415,454,376,413,453,375
415,414,454,455,377,416,376
416,415,377,417,456,455,378
417,379,418,416,456,457,378
418,419,458,417,379,457,380
419,458,418,420,381,380,459
420,382,421,419,381,460,459
421,383,422,420,382,461,460
422,383,384,421,462,423,461
423,385,384,462,422,463,424
424,386,425,385,464,423,463
425,424,386,387,464,426,465
426,427,466,465,388,387,425
427,389,428,466,426,467,388
428,427,389,468,429,390,467
429,468,428,390,391,430,756
430,757,756,431,429,391,392
431,392,393,432,757,430
432,394,433,431,393,769,768,757
433,432,394,770,434,395,769
434,770,433,771,395,396,435
435,772,771,436,397,396,434
436,791,772,437,398,435,397
437,436,398,791,792,399,438
438,399,400,793,792,437
439,440,470,401,363,469
440,470,439,402,441,401,471
441,440,402,442,403,472,471
442,403,404,441,472,443,473
443,404,405,444,474,442,473
444,445,406,474,443,405,475
445,407,446,476,444,406,475
446,407,445,447,408,477,476
447,477,478,408,409,446,448
448,478,479,410,409,447,449
449,480,479,448,410,450,411
450,481,451,480,411,412,449
451,482,452,481,413,450,412
452,482,451,484,483,453,413
453,485,484,454,452,413,414
454,414,415,455,453,485,486
455,454,415,487,486,416,456
456,457,488,416,417,455,487
457,488,456,458,418,489,417
458,419,418,457,794,489,459
459,460,773,794,458,420,419
460,459,773,461,421,420
461,422,462,460,773,421,758
462,422,423,461,463,752,758
463,462,423,753,464,424,752
464,754,753,424,425,465,463
465,426,466,755,754,464,425
466,427,426,755,764,465,467
467,765,764,468,428,427,466
468,756,766,428,429,765,467
469,470,491,490,363,439
470,440,439,469,491,492,471
471,492,493,441,472,470,440
472,473,494,442,441,493,471
473,494,472,442,495,474,443
474,444,443,495,473,475,496
475,444,445,474,496,497,476
476,497,498,445,446,477,475
477,447,478,498,499,446,476
478,479,500,477,447,448,499
479,500,478,448,449,480,501
480,502,481,449,479,501,450
481,482,451,450,503,502,480
482,451,452,481,504,483,503
483,484,452,504,482,1009,976
484,945,485,453,483,452,976
485,945,484,453,454,486,916
486,487,888,455,916,485,454
487,488,863,486,888,455,456
488,863,487,457,456,489,839
489,816,839,458,794,488,457
490,363,505,469,491,506
491,492,507,506,469,470,490
492,491,507,471,493,470,508
493,492,471,494,509,508,472
494,473,472,509,493,510,495
495,496,511,473,474,510,494
496,495,511,512,497,474,475
497,513,498,476,512,496,475
498,513,497,477,499,514,476
499,500,515,514,498,477,478
500,499,515,479,478,501,516
501,517,516,500,480,502,479
502,480,481,518,503,517,501
503,504,482,481,518,519,502
504,482,483,503,1009,519,1008
505,363,490,506,521,520
506,491,507,521,522,490,505
507,491,492,506,508,523,522
508,524,523,493,509,507,492
509,494,493,508,524,510,525
510,525,526,509,494,495,511
511,495,496,510,526,527,512
512,513,528,496,497,527,511
513,528,512,529,514,497,498
514,515,499,530,529,513,498
515,499,500,514,530,516,531
516,531,532,501,517,500,515
517,502,518,533,532,501,516
518,534,533,503,519,502,517
519,1008,1043,518,503,504,534
520,505,363,521,535,536
521,537,522,506,505,520,536
522,537,521,506,523,538,507
523,508,524,539,538,522,507
524,508,523,539,509,525,540
525,510,526,509,541,540,524
526,525,510,541,511,527,542
527,542,543,526,511,512,528
528,529,544,543,513,512,527
529,528,544,514,530,545,513
530,545,546,514,515,529,531
531,532,547,546,516,515,530
532,531,547,548,533,516,517
533,518,534,549,532,548,517
534,518,533,550,549,1043,519
535,552,536,520,363,551
536,553,552,535,537,520,521
537,521,522,554,553,538,536
538,537,554,555,523,539,522
539,540,556,523,524,538,555
540,539,556,525,541,557,524
541,542,558,525,526,540,557
542,558,541,527,543,559,526
543,528,544,559,560,542,527
544,528,529,543,545,561,560
545,530,546,561,562,529,544
546,545,530,547,563,531,562
547,548,564,531,532,563,546
548,565,564,547,549,532,533
549,565,566,534,550,533,548
550,534,549,1043,566,1115,1079
551,567,363,568,552,535
552,536,553,569,535,568,551
553,537,554,536,552,569,570
554,537,553,570,571,538,555
555,572,571,538,554,556,539
556,539,540,557,573,572,555
557,540,541,573,574,558,556
558,542,541,575,574,559,557
559,575,576,543,560,542,558
560,559,543,576,544,561,577
561,578,577,545,562,544,560
562,563,579,561,545,578,546
563,564,547,546,580,579,562
564,548,565,547,563,581,580
565,549,566,548,564,582,581
566,565,549,1153,582,1115,550
567,363,599,551,583,568,584
568,569,585,551,552,567,584
569,552,553,585,568,586,570
570,554,553,571,569,587,586
571,555,572,588,587,554,570
572,555,571,589,573,556,588
573,589,572,557,574,556,590
574,575,558,573,557,591,590
575,559,576,574,558,592,591
576,593,592,575,559,560,577
577,561,578,560,576,593,594
578,595,579,561,577,562,594
579,595,578,580,596,563,562
580,596,579,597,564,581,563
581,598,597,582,565,564,580
582,566,1153,1192,565,598,581
583,600,599,567,584
584,601,600,568,585,567,583
585,569,568,584,601,602,586
586,587,603,602,585,569,570
587,603,586,571,588,604,570
588,571,587,589,605,604,572
589,572,573,605,588,606,590
590,591,574,573,607,606,589
591,590,574,592,575,607,608
592,593,576,591,575,609,608
593,592,576,610,609,577,594
594,610,593,577,578,611,595
595,578,579,596,612,594,611
596,580,579,597,612,613,595
597,598,581,614,580,596,613
598,1192,1226,597,581,614,582
599,363,567,675,690,583,600,645,660,1,30,615,630
600,584,601,583,599,616,615
601,584,600,616,617,585,602
602,618,603,586,617,585,601
603,587,586,618,602,619,604
604,620,619,605,603,587,588
605,589,588,606,620,604,621
606,622,607,589,605,590,621
607,622,606,590,608,623,591
608,623,607,624,609,592,591
609,610,593,608,592,625,624
610,609,593,594,611,625,626
611,594,610,626,627,595,612
612,596,613,595,628,627,611
613,612,596,597,614,628,629
614,1226,598,597,613,1250,629
615,630,599,631,616,600
616,600,601,617,631,615,632
617,616,601,602,618,633,632
618,602,603,619,617,634,633
619,635,634,604,620,618,603
620,621,636,604,619,635,605
621,620,636,622,606,605,637
622,606,607,621,637,623,638
623,624,639,608,607,638,622
624,625,640,623,639,608,609
625,640,624,609,610,641,626
626,610,611,627,642,625,641
627,643,642,626,611,628,612
628,629,644,643,627,612,613
629,628,644,614,1250,613,1268
630,615,599,645,646,631
631,615,616,646,630,632,647
632,631,647,648,617,633,616
633,618,634,617,632,649,648
634,619,635,649,650,618,633
635,619,634,620,636,651,650
636,652,637,620,621,635,651
637,652,636,638,653,621,622
638,653,637,654,623,622,639
639,623,624,640,655,654,638
640,656,655,625,624,641,639
641,657,656,640,625,626,642
642,643,658,627,626,657,641
643,642,658,628,644,627,659
644,1286,1285,628,629,643,659,1268
645,660,599,630,646,661
646,661,662,630,631,645,647
647,662,663,631,632,648,646
648,664,663,649,632,647,633
649,650,665,634,664,648,633
650,649,665,634,666,651,635
651,666,650,635,636,652,667
652,636,637,651,667,668,653
653,654,669,638,637,668,652
654,653,669,670,638,639,655
655,656,640,671,670,639,654
656,657,641,655,640,671,672
657,656,641,642,658,672,673
658,642,643,657,659,673,674
659,674,1285,658,643,644
660,645,599,675,676,661
661,646,662,660,676,645,677
662,647,663,661,646,677,678
663,664,648,662,647,678,679
664,663,648,649,679,680,665
665,649,650,664,680,666,681
666,650,651,681,682,665,667
667,683,668,682,666,651,652
668,683,667,669,653,684,652
669,685,684,653,654,670,668
670,669,654,686,685,671,655
671,656,655,687,672,670,686
672,687,671,657,656,673,688
673,674,689,688,658,657,672
674,659,1285,673,689,658,1303
675,690,599,660,676,691
676,675,660,661,677,692,691
677,693,678,692,676,661,662
678,693,677,662,663,694,679
679,664,680,678,663,694,695
680,696,681,679,664,665,695
681,696,680,666,682,665,697
682,681,666,667,683,698,697
683,699,684,667,668,682,698
684,669,685,699,700,683,668
685,669,684,686,670,700,701
686,685,670,687,702,671,701
687,671,672,702,686,703,688
688,689,673,703,687,672,704
689,673,674,688,1321,1303,704
690,675,599,691,705
691,676,675,690,692,705
692,693,706,677,676,691,705
693,706,692,677,678,694,707
694,693,678,707,695,708,679
695,709,696,708,694,679,680
696,680,681,709,695,697,710
697,711,698,682,681,696,710
698,711,697,682,683,699,712
699,684,700,683,713,698,712
700,699,684,713,714,701,685
701,714,700,715,702,685,686
702,687,686,715,701,703,716
703,687,688,704,717,702,716
704,1321,689,718,688,703,717
705,691,690,706,692,719,730,739
706,693,692,705,707,719
707,693,694,706,708,719
708,709,695,719,720,694,707
709,695,696,708,721,720,710
710,722,721,696,697,709,711
711,697,698,712,723,710,722
712,723,724,713,711,698,699
713,725,724,699,700,712,714
714,725,713,700,701,715,726
715,727,726,701,702,714,716
716,717,728,727,703,702,715
717,729,728,716,718,704,703
718,1339,1356,704,1321,729,717
719,708,720,730,705,706,707
720,721,709,730,719,708
721,720,709,730,722,710,731
722,731,732,721,710,711,723
723,712,724,733,732,711,722
724,723,712,713,725,734,733
725,713,724,714,735,726,734
726,727,715,736,735,725,714
727,726,715,728,737,716,736
728,738,729,717,716,737,727
729,738,728,717,1373,718,1356
730,731,739,720,721,719,705
731,722,732,730,739,721
732,731,722,733,740,739,723
733,740,732,723,741,734,724
734,735,742,741,725,724,733
735,734,742,736,726,725,743
736,735,726,743,744,727,737
737,728,727,738,744,736,745
738,728,729,1373,1391,737,745
739,732,740,746,750,730,731,705,1461
740,733,732,739,741,746
741,740,733,746,734,742
742,734,735,743,741,747,746
743,742,735,736,744,748,747
744,745,749,743,736,748,737
745,749,744,738,737,1391,1409
746,750,739,740,741,747,742
747,746,742,743,750,748
748,749,744,743,750,751,747
749,745,744,1427,751,748,1409
750,746,739,1445,1461,748,751,747
751,1427,749,750,748,1445
752,760,759,775,753,463,462,758
753,754,761,760,752,464,463
754,761,753,762,464,755,465
755,763,762,764,466,465,754
756,757,767,468,766,430,429
757,756,767,430,768,432,431
758,774,775,773,461,752,462
759,760,752,777,776,775
760,753,761,759,752,778,777
761,754,753,760,762,779,778
762,755,763,780,779,754,761
763,755,762,780,764,781
764,781,763,755,782,466,765,467
765,783,766,782,764,467,468
766,784,767,468,756,783,765
767,756,757,784,766,785,768
768,769,786,785,767,432,757
769,768,786,787,770,433,432
770,433,434,771,787,769,788
771,770,434,772,789,435,788
772,771,789,791,790,435,436
773,774,795,459,460,461,758,794
774,758,775,795,773,796
775,774,758,776,797,796,759,752
776,797,775,759,777,798,799
777,759,776,760,778,800,799
778,801,800,779,761,760,777
779,762,780,802,778,761,801
780,762,779,781,803,763,802
781,803,780,764,763,804,782
782,764,781,805,783,765,804
783,765,766,784,806,805,782
784,766,767,785,783,806,807
785,784,767,786,768,808,807
786,768,769,785,808,787,809
787,786,769,770,810,788,809
788,810,787,811,789,771,770
789,790,812,771,772,788,811
790,789,812,813,772,791
791,813,814,772,790,436,792,437
792,815,814,438,793,791,437
793,258,838,815,438,400,792,326
794,795,816,458,489,773,459
795,774,773,794,816,796,817
796,817,818,797,795,774,775
797,776,775,818,796,798,819
798,799,821,820,819,776,797
799,798,821,800,822,776,777
800,778,801,823,822,799,777
801,778,800,824,823,802,779
802,780,779,825,803,824,801
803,781,780,804,825,802,826
804,803,781,826,805,782,827
805,782,783,804,806,828,827
806,807,829,783,784,828,805
807,830,829,806,808,785,784
808,785,786,807,809,831,830
809,810,787,786,831,808,832
810,811,833,787,788,809,832
811,834,833,810,788,789,812
812,813,835,834,789,790,811
813,835,812,814,836,791,790
814,815,837,813,836,791,792
815,814,837,793,838,792
816,489,839,794,795,817,840
817,818,841,796,840,816,795
818,841,817,842,796,819,797
819,843,842,798,820,818,797
820,845,821,798,819,844,843
821,798,799,845,846,822,820
822,800,823,799,846,847,821
823,800,822,847,848,824,801
824,849,848,825,802,823,801
825,850,849,802,803,824,826
826,827,851,850,825,803,804
827,828,852,826,851,805,804
828,827,852,853,806,829,805
829,807,830,806,828,853,854
830,807,829,831,808,854,855
831,809,808,832,830,855,856
832,833,810,809,831,856,857
833,811,834,810,832,857,858
834,811,833,812,835,859,858
835,813,812,836,860,834,859
836,835,860,813,814,861,837
837,838,862,814,815,861,836
838,837,862,975,915,1042,258,793,815,70
839,489,816,840,864,863,488
840,865,864,839,817,816,841
841,818,817,866,842,865,840
842,819,843,866,841,867,818
843,819,842,867,868,844,820
844,868,869,870,845,843,820
845,870,871,821,846,820,844
846,822,847,845,821,872,871
847,846,822,823,848,873,872
848,824,849,874,873,847,823
849,875,874,825,850,824,848
850,825,849,851,876,875,826
851,877,876,850,826,827,852
852,827,828,853,877,878,851
853,852,828,878,879,829,854
854,880,879,829,830,853,855
855,830,831,854,880,856,881
856,882,881,857,832,855,831
857,882,856,832,833,858,883
858,883,884,859,834,857,833
859,885,884,858,860,834,835
860,835,836,885,886,859,861
861,862,887,886,837,836,860
862,837,838,861,887,915
863,488,487,890,864,839,889,888
864,840,865,839,891,890,863
865,840,864,866,841,892,891
866,841,842,867,893,865,892
867,894,893,842,843,866,868
868,894,895,844,869,867,843
869,895,896,868,844,870,897
870,845,871,898,897,844,869
871,870,845,872,899,846,898
872,899,900,871,846,847,873
873,848,874,847,872,901,900
874,875,849,848,902,873,901
875,874,849,903,902,876,850
876,877,851,904,903,875,850
877,876,851,852,878,904,905
878,906,879,877,852,853,905
879,907,880,906,878,853,854
880,907,879,881,908,854,855
881,908,880,856,882,909,855
882,856,881,857,909,910,883
883,911,910,858,884,882,857
884,885,912,883,858,859,911
885,912,884,859,886,913,860
886,913,885,887,861,914,860
887,861,862,886,914,915
888,486,487,863,889,916,917
889,890,863,918,917,888
890,891,919,864,863,889,918
891,919,890,892,920,864,865
892,920,921,893,891,866,865
893,867,894,922,921,866,892
894,867,893,895,923,868,922
895,869,896,894,923,868,924
896,926,897,895,869,925,924
897,926,896,927,898,870,869
898,899,928,927,897,870,871
899,872,900,871,928,898,929
900,899,872,901,930,873,929
901,900,930,902,931,874,873
902,875,903,901,931,932,874
903,933,932,875,902,876,904
904,934,933,876,903,877,905
905,935,934,906,878,904,877
906,878,879,935,905,936,907
907,879,880,937,908,906,936
908,881,880,937,938,909,907
909,908,938,881,882,939,910
910,911,883,939,909,882,940
911,910,883,912,941,884,940
912,885,884,911,941,913,942
913,886,885,912,914,942,943
914,913,886,887,943,944,915
915,975,838,944,914,862,887
916,486,888,485,945,917,946
917,946,947,889,918,888,916
918,890,919,889,917,947,948
919,891,890,920,949,918,948
920,950,949,892,921,891,919
921,951,950,922,920,892,893
922,951,921,923,952,894,893
923,953,952,894,895,924,922
924,925,954,953,923,895,896
925,924,954,956,955,926,896
926,896,897,957,956,927,925
927,928,958,897,898,926,957
928,927,958,899,898,929,959
929,960,959,930,928,900,899
930,900,901,960,929,961,931
931,932,962,961,930,901,902
932,962,963,903,933,931,902
933,904,934,903,932,963,964
934,904,933,935,965,905,964
935,934,965,905,966,906,936
936,937,967,966,935,906,907
937,936,967,908,938,907,968
938,937,908,909,939,969,968
939,940,970,969,938,909,910
940,970,939,941,971,910,911
941,942,972,971,940,911,912
942,941,972,912,973,943,913
943,944,974,973,942,913,914
944,974,943,975,915,914
945,484,485,977,946,916,976
946,977,945,917,947,916,978
947,946,917,918,979,978,948
948,980,979,949,919,918,947
949,920,950,980,948,919,981
950,981,982,920,949,921,951
951,983,982,921,950,922,952
952,984,953,923,983,922,951
953,984,952,923,985,954,924
954,924,925,985,986,955,953
955,986,954,956,925,988,987
956,926,957,955,925,989,988
957,926,956,989,990,927,958
958,927,928,959,991,957,990
959,958,991,929,960,928,992
960,929,959,993,992,930,961
961,994,993,960,962,930,931
962,963,995,932,931,961,994
963,964,996,995,962,932,933
964,963,996,965,997,934,933
965,966,998,997,964,934,935
966,965,998,967,999,936,935
967,966,999,936,937,968,1000
968,969,1001,967,1000,937,938
969,968,1001,1002,970,939,938
970,940,939,1003,1002,969,971
971,972,1004,941,940,1003,970
972,1004,971,941,942,973,1005
973,1005,972,942,1006,974,943
974,975,1007,944,943,1006,973
975,974,1007,915,838,1042,944
976,1009,483,484,1010,945,977
977,945,946,976,978,1010,1011
978,1012,1011,977,946,947,979
979,980,948,947,978,1012,1013
980,979,948,949,981,1014,1013
981,950,982,980,949,1014,1015
982,983,951,981,950,1016,1015
983,982,951,1017,984,1016,952
984,952,953,985,1017,1018,983
985,954,986,1019,984,953,1018
986,985,954,1020,1019,955,987
987,986,1020,988,1022,1021,955
988,989,1023,1022,987,955,956
989,1024,1023,988,956,957,990
990,1025,1024,957,989,958,991
991,958,959,1026,992,990,1025
992,1027,993,1026,960,991,959
993,1027,992,961,994,960,1028
994,995,1029,961,993,1028,962
995,1030,1029,963,962,994,996
996,963,964,997,1031,1030,995
997,1031,996,965,964,998,1032
998,965,966,1032,1033,999,997
999,966,967,1000,1034,1033,998
1000,1001,1035,1034,999,967,968
1001,1000,1035,968,969,1002,1036
1002,1001,969,1003,1037,970,1036
1003,1002,1037,1038,1004,970,971
1004,972,971,1039,1005,1038,1003
1005,1040,1006,1039,973,972,1004
1006,1040,1005,1041,1007,974,973
1007,974,975,1042,1041,1006
1008,1043,519,504,1009,1044
1009,483,504,976,1008,1010,1045,1044
1010,1046,1011,1045,1009,976,977
1011,1046,1010,978,1012,977,1047
1012,978,1011,1048,1047,979,1013
1013,1049,1048,1014,1012,979,980
1014,1015,1050,1049,1013,980,981
1015,1016,982,1014,1050,981,1051
1016,1015,982,983,1017,1052,1051
1017,1053,1052,1018,984,983,1016
1018,1053,1017,985,1019,984,1054
1019,1055,1054,986,1020,985,1018
1020,986,1019,987,1056,1055,1021
1021,1058,1057,1056,1022,1020,987
1022,1058,1059,1023,1021,988,987
1023,989,1024,988,1060,1059,1022
1024,989,1023,1061,1025,990,1060
1025,1061,1024,990,1062,991,1026
1026,992,1027,991,1025,1062,1063
1027,992,993,1026,1063,1064,1028
1028,1029,1065,1064,1027,994,993
1029,995,1030,1028,1065,994,1066
1030,995,1029,1066,1067,996,1031
1031,997,996,1067,1068,1030,1032
1032,998,1033,997,1068,1069,1031
1033,1069,1070,1032,998,999,1034
1034,1035,1071,1070,1000,999,1033
1035,1000,1001,1072,1071,1034,1036
1036,1073,1072,1037,1002,1035,1001
1037,1002,1003,1038,1074,1036,1073
1038,1074,1075,1003,1037,1039,1004
1039,1076,1040,1005,1075,1004,1038
1040,1076,1039,1005,1006,1041,1077
1041,1078,1042,1077,1007,1006,1040
1042,1152,1078,975,838,1225,1041,70,1007
1043,1008,519,534,550,1079,1044
1044,1080,1079,1045,1009,1008,1043
1045,1010,1009,1044,1080,1081,1046
1046,1047,1082,1010,1011,1045,1081
1047,1048,1083,1046,1082,1012,1011
1048,1049,1013,1047,1083,1012,1084
1049,1048,1013,1050,1085,1014,1084
1050,1014,1015,1085,1049,1051,1086
1051,1087,1086,1050,1015,1052,1016
1052,1088,1087,1053,1017,1016,1051
1053,1054,1089,1052,1017,1018,1088
1054,1019,1055,1089,1053,1090,1018
1055,1019,1054,1091,1090,1020,1056
1056,1057,1092,1021,1020,1055,1091
1057,1092,1093,1094,1058,1021,1056
1058,1022,1059,1094,1057,1095,1021
1059,1058,1022,1096,1095,1060,1023
1060,1023,1024,1096,1059,1097,1061
1061,1024,1025,1098,1062,1097,1060
1062,1099,1063,1098,1061,1025,1026
1063,1100,1099,1062,1064,1027,1026
1064,1065,1101,1100,1063,1027,1028
1065,1066,1102,1028,1029,1064,1101
1066,1103,1102,1065,1067,1030,1029
1067,1066,1103,1031,1068,1104,1030
1068,1067,1031,1105,1104,1032,1069
1069,1033,1070,1068,1032,1106,1105
1070,1069,1033,1034,1071,1107,1106
1071,1035,1072,1034,1070,1108,1107
1072,1109,1108,1035,1071,1073,1036
1073,1110,1109,1072,1036,1037,1074
1074,1038,1075,1037,1111,1110,1073
1075,1074,1038,1111,1112,1076,1039
1076,1075,1112,1039,1040,1077,1113
1077,1114,1078,1041,1113,1040,1076
1078,1152,1042,1114,1077,1041
1079,1116,1115,1080,1044,1043,550
1080,1081,1117,1079,1044,1116,1045
1081,1117,1080,1045,1118,1082,1046
1082,1046,1047,1119,1083,1118,1081
1083,1047,1048,1120,1084,1119,1082
1084,1120,1121,1083,1048,1085,1049
1085,1050,1049,1122,1121,1084,1086
1086,1087,1123,1122,1051,1085,1050
1087,1088,1052,1086,1123,1051,1124
1088,1087,1052,1124,1089,1125,1053
1089,1054,1053,1090,1125,1088,1126
1090,1091,1055,1054,1089,1126,1127
1091,1092,1128,1090,1055,1056,1127
1092,1093,1129,1057,1128,1091,1056
1093,1092,1129,1057,1130,1131,1094
1094,1057,1058,1095,1132,1131,1093
1095,1058,1094,1096,1133,1059,1132
1096,1133,1095,1059,1134,1060,1097
1097,1098,1135,1134,1096,1060,1061
1098,1097,1135,1136,1099,1062,1061
1099,1063,1100,1062,1136,1098,1137
1100,1063,1099,1137,1138,1101,1064
1101,1139,1138,1100,1064,1065,1102
1102,1066,1103,1065,1139,1140,1101
1103,1066,1102,1067,1104,1141,1140
1104,1105,1068,1067,1103,1142,1141
1105,1104,1068,1142,1143,1069,1106
1106,1107,1144,1070,1069,1105,1143
1107,1108,1145,1144,1106,1070,1071
1108,1109,1072,1145,1107,1146,1071
1109,1108,1072,1110,1073,1146,1147
1110,1109,1073,1147,1148,1074,1111
1111,1075,1112,1149,1148,1074,1110
1112,1111,1075,1076,1150,1149,1113
1113,1112,1150,1114,1151,1077,1076
1114,1113,1151,1077,1078,1152
1115,1116,1079,1153,566,1154,550
1116,1115,1079,1154,1117,1155,1080
1117,1155,1156,1081,1080,1116,1118
1118,1156,1157,1081,1082,1117,1119
1119,1157,1158,1082,1083,1120,1118
1120,1084,1121,1083,1119,1158,1159
1121,1120,1084,1160,1122,1085,1159
1122,1160,1121,1086,1123,1085,1161
1123,1086,1087,1122,1124,1162,1161
1124,1163,1162,1088,1087,1123,1125
1125,1089,1088,1124,1163,1126,1164
1126,1090,1089,1125,1164,1127,1165
1127,1091,1128,1090,1126,1165,1166
1128,1092,1129,1091,1167,1127,1166
1129,1092,1093,1130,1128,1168,1167
1130,1129,1093,1168,1169,1170,1131
1131,1132,1171,1094,1170,1130,1093
1132,1131,1171,1094,1095,1133,1172
1133,1096,1095,1132,1134,1173,1172
1134,1097,1135,1174,1173,1133,1096
1135,1136,1175,1097,1098,1134,1174
1136,1175,1135,1098,1099,1176,1137
1137,1176,1177,1100,1138,1136,1099
1138,1177,1178,1139,1101,1137,1100
1139,1102,1140,1138,1101,1179,1178
1140,1141,1180,1179,1139,1102,1103
1141,1140,1180,1181,1142,1104,1103
1142,1141,1181,1182,1105,1143,1104
1143,1183,1182,1142,1105,1106,1144
1144,1183,1184,1107,1106,1143,1145
1145,1108,1107,1146,1184,1185,1144
1146,1145,1108,1109,1147,1186,1185
1147,1110,1148,1187,1186,1146,1109
1148,1111,1149,1188,1187,1147,1110
1149,1111,1148,1112,1150,1188,1189
1150,1190,1189,1112,1149,1113,1151
1151,1113,1114,1191,1190,1150,1152
1152,1078,1042,1225,1191,1151,1114
1153,566,582,1192,1115,1193,1154
1154,1115,1116,1193,1153,1194,1195,1155
1155,1117,1156,1196,1195,1116,1154
1156,1155,1117,1118,1157,1196,1197
1157,1156,1118,1119,1158,1198,1197
1158,1199,1198,1157,1119,1120,1159
1159,1160,1121,1200,1120,1158,1199
1160,1200,1201,1121,1122,1161,1159
1161,1162,1202,1201,1160,1122,1123
1162,1124,1163,1202,1161,1123,1203
1163,1124,1162,1164,1204,1125,1203
1164,1205,1204,1163,1125,1126,1165
1165,1206,1166,1205,1126,1127,1164
1166,1207,1167,1206,1165,1128,1127
1167,1168,1208,1129,1128,1207,1166
1168,1167,1208,1129,1130,1209,1169
1169,1209,1168,1170,1130
1170,1209,1171,1169,1130,1131
1171,1209,1210,1170,1131,1132,1172
1172,1171,1210,1132,1173,1133
1173,1174,1134,1210,1172,1133
1174,1175,1210,1173,1134,1135
1175,1136,1135,1174,1210,1176
1176,1137,1177,1210,1136,1175
1177,1176,1137,1211,1210,1138,1178
1178,1179,1212,1177,1138,1211,1139
1179,1212,1178,1140,1180,1213,1139
1180,1140,1141,1179,1181,1214,1213
1181,1215,1182,1180,1141,1142,1214
1182,1215,1181,1143,1183,1216,1142
1183,1143,1182,1144,1184,1217,1216
1184,1183,1144,1218,1185,1145,1217
1185,1218,1184,1145,1186,1146,1219
1186,1147,1187,1146,1185,1220,1219
1187,1188,1221,1148,1147,1186,1220
1188,1222,1221,1189,1187,1148,1149
1189,1190,1223,1150,1188,1222,1149
1190,1224,1191,1223,1189,1150,1151
1191,1224,1190,1151,1225,1152
1192,1226,598,1153,582,1193,1227
1193,1227,1192,1153,1194,1228,1154
1194,1229,1228,1195,1193,1154
1195,1194,1229,1196,1230,1154,1155
1196,1195,1230,1155,1156,1197,1231
1197,1231,1232,1198,1157,1156,1196
1198,1199,1158,1197,1232,1157,1233
1199,1198,1158,1159,1200,1234,1233
1200,1160,1201,1159,1235,1234,1199
1201,1200,1160,1202,1236,1161,1235
1202,1236,1201,1162,1161,1203,1237
1203,1204,1238,1162,1202,1237,1163
1204,1205,1164,1238,1203,1163,1239
1205,1240,1239,1204,1164,1206,1165
1206,1165,1166,1205,1240,1241,1207
1207,1242,1241,1166,1167,1206,1208
1208,1167,1168,1209,1207,1243,1242
1209,1171,1210,1170,1168,1208,1169,1243
1210,1267,1244,1243,1177,1211,1209,1171,1212,1176,1174,1175,1172,1173
1211,1177,1210,1178,1212
1212,1179,1178,1213,1244,1210,1211
1213,1212,1179,1214,1244,1180
1214,1180,1181,1215,1244,1213
1215,1181,1182,1216,1214,1244
1216,1182,1215,1244,1217,1183
1217,1244,1216,1183,1184,1218
1218,1184,1185,1219,1244,1217
1219,1220,1244,1185,1218,1186
1220,1221,1245,1187,1244,1219,1186
1221,1245,1220,1222,1246,1188,1187
1222,1247,1246,1221,1188,1189,1223
1223,1224,1190,1189,1248,1247,1222
1224,1190,1191,1223,1225,1249,1248
1225,1249,1224,1042,1152,1191
1226,1192,598,614,1250,1251,1227
1227,1193,1192,1252,1228,1226,1251
1228,1252,1253,1229,1194,1227,1193
1229,1228,1194,1195,1254,1253,1230
1230,1231,1255,1195,1196,1229,1254
1231,1230,1255,1197,1232,1256,1196
1232,1231,1197,1256,1198,1257,1233
1233,1234,1258,1257,1198,1199,1232
1234,1258,1233,1235,1259,1200,1199
1235,1259,1234,1200,1201,1260,1236
1236,1202,1201,1237,1235,1260,1261
1237,1238,1203,1236,1202,1262,1261
1238,1204,1203,1263,1239,1237,1262
1239,1240,1205,1263,1238,1264,1204
1240,1239,1205,1206,1265,1264,1241
1241,1242,1207,1266,1206,1240,1265
1242,1241,1207,1266,1243,1267,1208
1243,1210,1267,1242,1209,1208
1244,1267,1210,1215,1216,1214,1220,1219,1217,1245,1218,1213,1212
1245,1221,1220,1246,1249,1244
1246,1222,1247,1221,1249,1245
1247,1222,1246,1248,1223,1249
1248,1247,1223,1249,1224
1249,1225,1224,1248,1247,1246,1245
1250,614,629,1226,1268,1251,1269
1251,1270,1269,1226,1250,1227,1252
1252,1228,1253,1271,1270,1227,1251
1253,1272,1271,1252,1228,1229,1254
1254,1255,1273,1229,1253,1272,1230
1255,1230,1231,1254,1273,1274,1256
1256,1232,1231,1275,1257,1255,1274
1257,1275,1256,1233,1258,1276,1232
1258,1234,1233,1257,1259,1276,1277
1259,1260,1278,1235,1234,1258,1277
1260,1278,1259,1235,1279,1236,1261
1261,1280,1279,1260,1236,1262,1237
1262,1237,1238,1261,1280,1263,1281
1263,1238,1239,1264,1262,1281,1282
1264,1263,1239,1265,1240,1282,1283
1265,1266,1284,1264,1240,1241,1283
1266,1265,1284,1267,1242,1241
1267,1210,1244,1243,1266,1284,1338,1372,1242,1302,1390,1444,1526,1320,1426
1268,1269,1287,1286,629,1250,644
1269,1251,1270,1287,1268,1288,1250
1270,1289,1271,1251,1269,1252,1288
1271,1272,1253,1289,1270,1252,1290
1272,1291,1290,1271,1253,1254,1273
1273,1254,1255,1274,1292,1291,1272
1274,1273,1255,1256,1275,1292,1293
1275,1256,1257,1276,1274,1293,1294
1276,1275,1257,1258,1294,1295,1277
1277,1296,1278,1259,1258,1295,1276
1278,1297,1296,1260,1259,1277,1279
1279,1260,1278,1261,1280,1297,1298
1280,1281,1299,1261,1279,1298,1262
1281,1280,1299,1262,1263,1282,1300
1282,1283,1301,1264,1263,1281,1300
1283,1301,1282,1264,1284,1302,1265
1284,1265,1266,1267,1302,1283
1285,644,1286,674,659,1303,1304
1286,644,1285,1304,1305,1268,1287
1287,1269,1268,1286,1288,1305,1306
1288,1307,1289,1287,1269,1270,1306
1289,1270,1271,1307,1288,1290,1308
1290,1291,1272,1308,1289,1271,1309
1291,1290,1272,1273,1292,1309,1310
1292,1273,1291,1310,1311,1293,1274
1293,1311,1292,1274,1275,1294,1312
1294,1295,1313,1275,1276,1293,1312
1295,1313,1294,1296,1314,1276,1277
1296,1297,1315,1278,1277,1295,1314
1297,1296,1315,1278,1316,1298,1279
1298,1316,1297,1317,1280,1279,1299
1299,1280,1281,1318,1317,1300,1298
1300,1318,1299,1319,1282,1281,1301
1301,1283,1282,1300,1320,1319,1302
1302,1284,1267,1283,1320,1301
1303,1304,1322,1321,689,674,1285
1304,1286,1305,1322,1303,1285,1323
1305,1304,1286,1324,1306,1323,1287
1306,1324,1305,1307,1325,1287,1288
1307,1288,1289,1308,1326,1306,1325
1308,1327,1309,1290,1289,1326,1307
1309,1291,1310,1327,1328,1308,1290
1310,1309,1291,1292,1311,1329,1328
1311,1330,1312,1292,1310,1329,1293
1312,1330,1311,1331,1293,1313,1294
1313,1295,1294,1314,1332,1331,1312
1314,1313,1332,1333,1295,1296,1315
1315,1296,1297,1316,1314,1334,1333
1316,1315,1297,1317,1335,1298,1334
1317,1335,1316,1299,1318,1298,1336
1318,1299,1317,1300,1319,1337,1336
1319,1300,1318,1320,1338,1301,1337
1320,1319,1338,1301,1302,1267
1321,689,1303,704,1322,718,1339
1322,1304,1303,1340,1339,1321,1323
1323,1340,1341,1304,1305,1324,1322
1324,1341,1342,1305,1306,1325,1323
1325,1326,1343,1306,1307,1342,1324
1326,1344,1343,1325,1327,1308,1307
1327,1345,1328,1309,1308,1344,1326
1328,1345,1327,1346,1329,1309,1310
1329,1328,1346,1311,1310,1330,1347
1330,1311,1312,1331,1347,1348,1329
1331,1330,1312,1348,1349,1332,1313
1332,1333,1350,1313,1314,1349,1331
1333,1334,1351,1350,1332,1314,1315
1334,1333,1351,1335,1352,1316,1315
1335,1317,1316,1352,1334,1353,1336
1336,1337,1354,1318,1335,1317,1353
1337,1354,1336,1355,1319,1338,1318
1338,1267,1372,1319,1320,1355,1337
1339,1356,718,1322,1340,1321,1357
1340,1323,1341,1322,1339,1358,1357
1341,1324,1342,1340,1323,1358,1359
1342,1341,1324,1343,1360,1325,1359
1343,1342,1360,1326,1344,1325,1361
1344,1362,1361,1326,1343,1345,1327
1345,1327,1328,1346,1363,1362,1344
1346,1345,1328,1329,1363,1347,1364
1347,1365,1364,1346,1330,1348,1329
1348,1347,1330,1331,1365,1366,1349
1349,1350,1367,1332,1348,1331,1366
1350,1333,1332,1351,1367,1368,1349
1351,1333,1334,1350,1368,1352,1369
1352,1335,1334,1353,1370,1369,1351
1353,1370,1352,1335,1336,1354,1371
1354,1337,1336,1355,1372,1371,1353
1355,1337,1354,1372,1338
1356,1339,718,1374,1357,1373,729
1357,1374,1375,1356,1376,1358,1340,1339
1358,1340,1341,1376,1377,1357,1359
1359,1377,1378,1360,1341,1342,1358
1360,1378,1379,1342,1343,1361,1359
1361,1362,1344,1380,1379,1360,1343
1362,1361,1344,1380,1345,1381,1363
1363,1364,1382,1381,1345,1346,1362
1364,1347,1365,1382,1363,1383,1346
1365,1347,1364,1348,1366,1384,1383
1366,1385,1384,1348,1365,1349,1367
1367,1386,1385,1350,1368,1349,1366
1368,1386,1387,1367,1350,1351,1369
1369,1370,1352,1388,1387,1351,1368
1370,1353,1352,1389,1371,1388,1369
1371,1372,1390,1389,1370,1354,1353
1372,1371,1390,1338,1267,1354,1355
1373,1391,738,729,1374,1356,1392
1374,1357,1375,1356,1373,1392,1393
1375,1374,1357,1394,1376,1393
1376,1395,1394,1375,1357,1358,1377
1377,1359,1378,1396,1395,1376,1358
1378,1360,1379,1377,1359,1397,1396
1379,1378,1360,1361,1398,1380,1397
1380,1362,1361,1398,1379,1399,1381
1381,1399,1380,1382,1363,1400,1362
1382,1364,1363,1383,1381,1401,1400
1383,1382,1364,1402,1401,1365,1384
1384,1385,1366,1403,1402,1365,1383
1385,1384,1366,1367,1386,1403,1404
1386,1368,1387,1367,1385,1404,1405
1387,1386,1368,1388,1369,1406,1405
1388,1370,1389,1387,1369,1406,1407
1389,1370,1371,1388,1390,1408,1407
1390,1371,1372,1267,1389,1408,1426
1391,1373,738,1392,1410,745,1409
1392,1411,1410,1374,1393,1391,1373
1393,1392,1374,1375,1411,1394,1412
1394,1376,1395,1375,1393,1413,1412
1395,1376,1394,1414,1396,1413,1377
1396,1414,1395,1397,1378,1415,1377
1397,1396,1378,1416,1415,1398,1379
1398,1399,1417,1379,1380,1397,1416
1399,1418,1417,1398,1380,1381,1400
1400,1382,1401,1381,1399,1419,1418
1401,1382,1400,1402,1383,1420,1419
1402,1401,1383,1384,1403,1420,1421
1403,1385,1384,1404,1422,1402,1421
1404,1385,1386,1423,1422,1405,1403
1405,1406,1387,1424,1423,1386,1404
1406,1405,1387,1388,1407,1425,1424
1407,1408,1426,1389,1388,1406,1425
1408,1426,1407,1389,1390
1409,1428,1427,745,1391,749,1410
1410,1411,1392,1391,1409,1428,1429
1411,1410,1392,1393,1429,1412,1430
1412,1431,1430,1413,1394,1411,1393
1413,1394,1395,1412,1431,1432,1414
1414,1395,1396,1433,1432,1413,1415
1415,1416,1397,1434,1433,1414,1396
1416,1434,1435,1415,1397,1398,1417
1417,1418,1399,1398,1435,1416,1436
1418,1417,1399,1419,1437,1436,1400
1419,1437,1418,1401,1420,1400,1438
1420,1402,1401,1421,1419,1438,1439
1421,1422,1440,1403,1402,1420,1439
1422,1421,1440,1404,1423,1441,1403
1423,1442,1441,1405,1424,1404,1422
1424,1425,1443,1405,1423,1406,1442
1425,1426,1444,1443,1424,1407,1406
1426,1408,1407,1444,1425,1390,1267
1427,751,749,1428,1409,1445
1428,1427,1409,1445,1410,1446,1429
1429,1447,1430,1410,1428,1411,1446
1430,1447,1429,1412,1431,1411,1448
1431,1412,1430,1413,1432,1449,1448
1432,1414,1433,1431,1413,1449,1450
1433,1414,1432,1451,1450,1434,1415
1434,1435,1452,1416,1451,1433,1415
1435,1452,1434,1416,1417,1436,1453
1436,1453,1454,1435,1417,1418,1437
1437,1419,1418,1438,1455,1436,1454
1438,1437,1455,1419,1420,1439,1456
1439,1457,1456,1440,1420,1421,1438
1440,1458,1441,1421,1422,1457,1439
1441,1459,1442,1423,1458,1440,1422
1442,1459,1441,1423,1443,1460,1424
1443,1425,1424,1442,1460,1444
1444,1426,1425,1499,1488,1267,1526,1443,1460,1522,1475,1516
1445,1446,1461,750,1428,1427,751
1446,1445,1461,1428,1462,1429,1447
1447,1429,1430,1448,1463,1446,1462
1448,1463,1447,1431,1449,1430,1464
1449,1431,1448,1432,1464,1465,1450
1450,1466,1465,1451,1449,1433,1432
1451,1466,1450,1467,1452,1434,1433
1452,1435,1434,1467,1451,1453,1468
1453,1436,1454,1468,1452,1435,1469
1454,1453,1436,1437,1455,1470,1469
1455,1456,1471,1437,1438,1470,1454
1456,1439,1457,1471,1455,1472,1438
1457,1439,1456,1473,1458,1440,1472
1458,1440,1441,1474,1459,1473,1457
1459,1441,1442,1475,1460,1474,1458
1460,1475,1459,1442,1443,1444
1461,1445,1446,750,1462,739,1476,1509
1462,1463,1476,1461,1446,1447
1463,1462,1476,1464,1477,1448,1447
1464,1463,1477,1449,1448,1478,1465
1465,1466,1450,1478,1464,1449,1479
1466,1465,1450,1451,1467,1480,1479
1467,1466,1451,1452,1480,1481,1468
1468,1482,1481,1453,1452,1467,1469
1469,1470,1483,1453,1454,1468,1482
1470,1483,1484,1455,1471,1469,1454
1471,1485,1472,1456,1455,1470,1484
1472,1485,1471,1473,1486,1457,1456
1473,1486,1487,1474,1458,1457,1472
1474,1487,1488,1475,1459,1473,1458
1475,1459,1460,1488,1444,1474
1476,1462,1463,1509,1461,1477,1489
1477,1463,1464,1476,1489,1478
1478,1490,1489,1479,1464,1465,1477
1479,1480,1491,1478,1490,1465,1466
1480,1491,1479,1492,1467,1466,1481
1481,1468,1482,1493,1480,1467,1492
1482,1468,1481,1493,1494,1483,1469
1483,1470,1484,1494,1482,1469,1495
1484,1483,1470,1496,1485,1471,1495
1485,1496,1484,1471,1472,1497,1486
1486,1498,1487,1473,1497,1485,1472
1487,1474,1488,1498,1486,1473,1499
1488,1487,1474,1499,1444,1475
1489,1478,1490,1500,1509,1477,1476
1490,1478,1489,1500,1491,1479
1491,1480,1479,1500,1490,1492,1501
1492,1480,1491,1481,1493,1502,1501
1493,1502,1503,1482,1481,1494,1492
1494,1482,1483,1495,1504,1503,1493
1495,1505,1496,1504,1494,1484,1483
1496,1484,1485,1505,1495,1497,1506
1497,1498,1486,1485,1507,1496,1506
1498,1486,1487,1497,1499,1508,1507
1499,1488,1444,1498,1487,1508,1516
1500,1489,1509,1501,1490,1491
1501,1509,1500,1510,1491,1492,1502
1502,1493,1503,1510,1511,1492,1501
1503,1502,1493,1494,1512,1511,1504
1504,1495,1494,1505,1513,1503,1512
1505,1514,1506,1495,1496,1513,1504
1506,1514,1505,1496,1497,1507,1515
1507,1508,1498,1497,1506,1516,1515
1508,1507,1498,1499,1516
1509,1489,1500,1501,1510,1476,1461,1517
1510,1511,1517,1509,1501,1502
1511,1517,1510,1502,1512,1503,1518
1512,1511,1503,1518,1519,1513,1504
1513,1520,1519,1505,1504,1512,1514
1514,1505,1506,1520,1521,1515,1513
1515,1521,1514,1506,1507,1522,1516
1516,1444,1499,1507,1508,1515,1522
1517,1511,1510,1509,1523,1527,1518
1518,1512,1519,1511,1517,1523
1519,1520,1513,1524,1518,1512,1523
1520,1519,1513,1524,1514,1521,1525
1521,1520,1514,1515,1522,1526,1525
1522,1444,1526,1521,1515,1516
1523,1527,1517,1518,1519,1524
1524,1519,1520,1523,1527,1525
1525,1521,1526,1520,1527,1524
1526,1444,1267,1522,1521,1525,1527
1527,1523,1517,1525,1526,1524
