1,11,12,8,9,2,3,14,4,13,6,10
2,14,15,1,3
3,15,16,2,1,4
4,16,17,5,3,1
5,17,18,38,4
6,1,8,7,22,23,26,24,25,21,20,19
7,8,27,6,26
8,27,28,7,1,9,6
9,29,10,8,1,28
10,11,30,29,9,1
11,1,12,10,30,31
12,11,1,32,13,31
13,32,12,33,1,14
14,2,15,1,33,34,13
15,14,2,3,16,34,35
16,4,17,15,3,36,35
17,18,37,16,4,5,36
18,37,17,5,38
19,60,39,83,6,20,40,41,108,134,356,569
20,6,21,41,42,19
21,6,22,43,20,42
22,44,43,6,23,21
23,22,6,24,45,44
24,46,45,25,6,23
25,46,47,24,26,6
26,27,48,6,7,47,25
27,8,28,48,49,26,7
28,50,49,27,8,29,9
29,9,10,30,28,50,51
30,10,11,51,52,31,29
31,30,11,53,32,12,52
32,12,13,33,54,53,31
33,55,54,32,13,34,14
34,55,33,15,35,14,56
35,36,57,34,15,16,56
36,35,57,58,37,17,16
37,18,17,58,36,59,38
38,107,82,18,5,59,37
39,60,19,62,61,40
40,62,63,41,19,39
41,63,40,42,64,20,19
42,65,64,43,21,41,20
43,65,42,22,44,21,66
44,22,43,67,45,66,23
45,46,68,24,67,44,23
46,45,68,24,25,47,69
47,69,70,26,48,46,25
48,27,49,26,71,70,47
49,50,28,48,27,71,72
50,49,28,51,73,29,72
51,30,52,73,50,74,29
52,51,30,74,75,53,31
53,76,54,75,32,31,52
54,55,33,32,77,76,53
55,54,33,34,56,77,78
56,79,78,57,55,34,35
57,35,36,80,58,79,56
58,80,57,36,81,37,59
59,82,81,38,58,37
60,19,39,83,61,84
61,39,62,60,84,85,86
62,39,61,40,63,87,86
63,64,88,62,40,41,87
64,42,65,63,88,89,41
65,42,64,43,89,90,66
66,91,67,44,43,90,65
67,91,66,92,44,45,68
68,45,46,69,93,67,92
69,94,93,47,70,68,46
70,48,71,95,94,69,47
71,49,48,72,70,96,95
72,71,49,50,73,97,96
73,98,97,51,50,74,72
74,52,75,51,73,99,98
75,100,76,74,52,53,99
76,77,101,100,75,54,53
77,76,101,102,78,55,54
78,79,103,102,77,56,55
79,78,103,56,104,57,80
80,57,58,79,104,105,81
81,82,59,106,105,80,58
82,81,59,38,107,106
83,19,60,84,109,108
84,110,109,60,61,85,83
85,112,86,111,110,84,61
86,112,85,62,87,61,113
87,88,114,63,62,86,113
88,115,89,63,64,114,87
89,115,88,65,90,64,116
90,116,117,89,65,66,91
91,66,67,92,90,118,117
92,118,119,93,91,67,68
93,69,94,92,119,120,68
94,69,93,121,95,120,70
95,96,122,121,94,70,71
96,95,122,123,97,72,71
97,73,98,124,96,123,72
98,73,97,124,74,99,125
99,75,74,98,125,126,100
100,126,127,75,76,101,99
101,102,128,76,77,100,127
102,128,101,129,77,78,103
103,104,130,78,79,129,102
104,130,131,103,79,80,105
105,132,131,106,81,104,80
106,133,132,105,107,81,82
107,1016,874,133,106,251,161,38,82
108,19,83,109,135,134
109,84,110,136,83,135,108
110,84,109,136,111,137,85
111,110,137,85,112,139,138
112,85,86,111,113,140,139
113,114,141,86,112,87,140
114,113,141,115,88,142,87
115,88,89,143,142,114,116
116,90,117,144,115,89,143
117,118,145,116,90,144,91
118,117,145,92,119,146,91
119,118,92,147,120,146,93
120,147,148,94,121,119,93
121,94,95,120,148,149,122
122,95,96,123,149,150,121
123,122,96,97,124,150,151
124,97,98,151,152,123,125
125,98,99,126,153,152,124
126,100,127,154,125,99,153
127,126,100,128,155,154,101
128,102,101,129,156,127,155
129,102,128,156,157,130,103
130,104,131,158,103,157,129
131,132,159,105,158,130,104
132,131,159,105,106,133,160
133,161,160,106,132,107
134,220,190,162,135,19,108,356,252,285,320
135,163,162,136,109,134,108
136,110,109,137,163,164,135
137,110,111,165,164,136,138
138,139,111,137,167,166,165
139,140,168,138,111,112,167
140,139,168,112,113,141,169
141,169,170,113,114,142,140
142,143,115,141,114,171,170
143,142,115,144,116,171,172
144,173,145,117,116,143,172
145,117,118,174,146,173,144
146,174,145,118,119,175,147
147,175,176,148,120,119,146
148,149,177,176,147,120,121
149,177,148,122,150,178,121
150,178,179,149,122,123,151
151,152,180,179,124,123,150
152,153,181,180,151,124,125
153,181,152,126,154,125,182
154,126,127,155,153,183,182
155,127,128,184,183,156,154
156,185,184,128,129,157,155
157,186,158,130,156,129,185
158,186,157,159,187,131,130
159,131,132,187,158,160,188
160,188,189,133,161,132,159
161,133,160,189,219,251,107
162,163,191,135,134,190
163,162,191,135,136,164,192
164,137,165,193,192,163,136
165,137,164,193,166,194,138
166,196,167,195,194,165,138
167,196,166,168,139,197,138
168,198,197,139,140,169,167
169,170,199,141,198,168,140
170,199,169,141,142,171,200
171,201,200,142,170,143,172
172,173,202,201,144,143,171
173,203,174,172,202,144,145
174,203,173,204,175,145,146
175,147,176,204,174,205,146
176,175,147,148,177,205,206
177,178,207,149,148,176,206
178,177,207,150,179,208,149
179,151,180,209,208,178,150
180,152,151,179,209,210,181
181,153,152,182,211,210,180
182,181,211,183,212,154,153
183,213,212,155,184,182,154
184,156,185,155,183,214,213
185,156,184,186,215,214,157
186,216,215,157,158,185,187
187,159,158,217,216,188,186
188,189,218,160,159,187,217
189,188,218,160,161,219
190,220,134,221,191,162
191,162,163,222,221,192,190
192,193,164,223,191,163,222
193,165,164,224,223,192,194
194,224,225,166,165,193,195
195,166,196,227,226,225,194
196,166,167,195,197,228,227
197,168,198,167,196,229,228
198,168,197,169,199,230,229
199,170,169,230,231,198,200
200,171,201,199,231,170,232
201,171,200,232,233,202,172
202,172,173,234,203,201,233
203,173,174,234,202,204,235
204,174,175,205,236,203,235
205,237,206,236,176,204,175
206,237,205,176,177,207,238
207,177,178,239,238,208,206
208,209,240,179,178,207,239
209,210,241,179,180,208,240
210,241,209,180,242,211,181
211,181,182,212,243,242,210
212,183,213,211,243,244,182
213,183,212,244,245,214,184
214,246,215,185,184,245,213
215,216,186,246,214,185,247
216,215,186,217,187,248,247
217,249,248,216,187,218,188
218,188,189,219,250,249,217
219,189,161,218,250,251
220,252,253,134,190,221
221,222,191,190,220,253,254
222,221,191,254,255,192,223
223,193,224,256,192,222,255
224,193,223,194,225,257,256
225,224,194,195,226,258,257
226,259,258,260,227,195,225
227,228,261,260,226,196,195
228,261,262,227,197,229,196
229,198,230,197,228,263,262
230,199,231,198,229,264,263
231,230,199,200,232,265,264
232,201,233,266,231,265,200
233,232,201,266,202,234,267
234,267,268,202,203,235,233
235,268,269,236,203,204,234
236,237,205,269,270,235,204
237,205,206,236,238,271,270
238,207,239,271,237,206,272
239,207,238,240,273,208,272
240,239,273,241,274,208,209
241,210,209,240,274,275,242
242,243,276,275,211,241,210
243,244,277,242,276,211,212
244,277,243,278,245,212,213
245,278,244,246,279,213,214
246,280,279,214,215,245,247
247,246,215,248,216,280,281
248,217,249,247,216,281,282
249,217,248,250,283,282,218
250,283,284,218,219,251,249
251,432,319,874,250,284,161,219,107
252,220,253,286,134,285
253,287,254,252,220,286,221
254,287,253,222,255,288,221
255,256,289,254,222,288,223
256,289,255,290,224,257,223
257,258,291,290,224,256,225
258,226,259,291,257,292,225
259,226,258,260,292,294,293
260,295,294,226,259,261,227
261,262,296,228,227,295,260
262,261,296,228,229,263,297
263,230,264,229,262,298,297
264,230,263,298,299,231,265
265,300,299,231,232,266,264
266,301,267,232,233,265,300
267,234,268,301,266,233,302
268,267,234,269,303,235,302
269,270,304,268,303,235,236
270,304,269,236,305,237,271
271,238,237,270,272,306,305
272,273,307,238,239,306,271
273,239,240,308,274,307,272
274,240,241,308,309,273,275
275,310,309,242,276,241,274
276,311,310,242,243,275,277
277,278,312,244,243,311,276
278,312,277,244,245,279,313
279,280,246,245,314,313,278
280,279,246,315,314,247,281
281,247,248,282,316,280,315
282,283,317,316,281,248,249
283,250,284,317,282,318,249
284,283,250,251,319,318
285,321,286,252,134,320
286,321,285,287,322,253,252
287,253,254,323,288,322,286
288,323,287,289,324,255,254
289,256,255,290,324,288,325
290,256,289,291,326,257,325
291,290,326,258,257,327,292
292,293,328,327,291,258,259
293,328,292,330,329,294,259
294,295,260,331,330,293,259
295,294,260,296,332,261,331
296,332,333,261,262,295,297
297,298,334,333,263,262,296
298,334,297,335,264,263,299
299,265,300,336,335,298,264
300,265,299,336,301,337,266
301,338,337,266,267,300,302
302,268,303,339,338,267,301
303,268,269,302,340,339,304
304,270,269,305,341,340,303
305,304,270,306,342,271,341
306,307,343,342,272,305,271
307,308,344,306,343,273,272
308,307,344,345,274,309,273
309,310,346,275,345,308,274
310,311,347,309,346,276,275
311,347,310,276,312,348,277
312,278,277,313,349,348,311
313,349,312,314,279,278,350
314,351,315,313,279,280,350
315,351,314,316,352,280,281
316,315,352,282,317,353,281
317,318,354,283,282,316,353
318,317,354,355,283,319,284
319,355,393,251,432,284,318
320,357,356,134,285,321
321,285,286,322,320,357,358
322,287,286,321,323,359,358
323,287,288,360,359,324,322
324,289,288,361,360,325,323
325,362,361,324,326,290,289
326,290,291,327,363,362,325
327,292,328,291,364,326,363
328,293,292,327,329,365,364
329,367,330,366,365,293,328
330,367,329,293,368,331,294
331,369,332,368,295,330,294
332,296,333,369,331,295,370
333,371,334,332,296,297,370
334,371,333,298,297,335,372
335,336,373,334,298,299,372
336,335,373,337,374,300,299
337,338,375,374,336,301,300
338,337,375,301,339,302,376
339,340,303,302,338,376,377
340,339,303,378,341,304,377
341,342,379,378,340,304,305
342,341,379,380,343,306,305
343,306,307,380,342,344,381
344,307,308,382,381,345,343
345,383,382,344,309,346,308
346,309,310,383,384,345,347
347,311,310,385,384,348,346
348,349,386,385,347,312,311
349,350,387,313,312,386,348
350,349,387,314,351,388,313
351,314,315,389,388,350,352
352,315,316,390,389,353,351
353,391,390,354,317,352,316
354,317,318,392,391,353,355
355,319,393,392,354,318
356,320,357,554,569,467,496,394,433,19,134,520,539
357,320,356,394,395,321,358
358,396,395,359,322,321,357
359,323,360,322,397,396,358
360,324,361,323,359,397,398
361,399,362,324,360,325,398
362,399,361,363,400,325,326
363,400,362,401,364,326,327
364,365,402,328,401,327,363
365,329,366,403,402,364,328
366,329,365,403,404,405,367
367,329,330,366,405,368,406
368,331,369,330,367,407,406
369,331,332,368,407,408,370
370,369,332,409,408,333,371
371,333,334,410,409,372,370
372,371,334,411,373,410,335
373,335,336,412,411,372,374
374,337,336,413,375,373,412
375,337,338,413,374,376,414
376,339,338,375,377,415,414
377,378,416,340,339,376,415
378,340,341,377,416,417,379
379,341,342,380,418,417,378
380,342,343,418,379,419,381
381,419,420,344,382,380,343
382,345,383,421,344,381,420
383,345,382,421,346,384,422
384,385,347,422,423,383,346
385,384,347,348,423,386,424
386,349,348,424,385,425,387
387,349,350,425,426,388,386
388,351,389,427,350,387,426
389,351,388,428,427,390,352
390,353,391,389,352,428,429
391,353,390,392,354,430,429
392,431,430,391,354,355,393
393,355,319,432,431,392
394,433,434,356,357,395
395,358,396,435,394,357,434
396,358,395,435,436,397,359
397,436,396,360,359,437,398
398,360,361,397,437,399,438
399,361,362,400,439,398,438
400,363,362,399,440,401,439
401,402,441,440,400,363,364
402,403,442,365,401,441,364
403,404,443,442,402,365,366
404,443,403,366,405,444,445
405,446,406,445,366,404,367
406,446,405,447,407,368,367
407,448,447,406,408,369,368
408,449,409,448,407,369,370
409,410,371,449,408,370,450
410,409,371,411,372,450,451
411,373,412,372,410,452,451
412,373,411,453,413,452,374
413,414,454,453,412,374,375
414,454,413,455,415,376,375
415,456,416,414,455,377,376
416,417,457,456,415,377,378
417,416,457,378,379,418,458
418,380,379,417,419,458,459
419,381,420,459,460,380,418
420,419,381,421,461,382,460
421,383,382,462,461,422,420
422,384,423,463,462,421,383
423,464,424,422,384,385,463
424,464,423,386,385,465,425
425,426,466,387,465,424,386
426,425,466,387,427,768,388
427,428,389,388,769,768,426
428,427,389,770,769,390,429
429,430,771,770,428,390,391
430,431,392,771,429,787,786,391
431,430,392,787,788,432,393
432,874,828,788,431,251,319,393
433,394,434,356,468,467
434,433,394,435,469,395,468
435,469,434,395,396,436,470
436,396,435,397,470,437,471
437,436,397,438,472,471,398
438,439,473,437,472,398,399
439,438,473,399,400,440,474
440,400,401,441,439,475,474
441,401,402,442,476,475,440
442,403,402,476,477,441,443
443,404,403,477,442,444,478
444,478,479,445,480,443,404
445,444,480,405,446,481,404
446,405,406,481,482,447,445
447,407,448,482,446,406,483
448,407,447,484,449,408,483
449,484,448,408,409,450,485
450,410,451,449,409,486,485
451,487,452,486,411,450,410
452,487,451,488,453,411,412
453,454,489,413,412,488,452
454,414,413,489,490,453,455
455,414,454,415,456,490,491
456,492,457,415,416,455,491
457,492,456,416,417,493,458
458,493,494,417,418,457,459
459,419,460,495,494,458,418
460,459,419,495,461,755,420
461,756,755,421,462,420,460
462,463,757,421,461,422,756
463,462,757,758,464,422,423
464,766,765,423,424,758,463,465
465,767,766,466,425,464,424
466,425,426,767,768,465
467,356,496,433,468,497
468,469,498,433,467,434,497
469,468,498,435,434,499,470
470,436,435,469,471,499,500
471,472,501,500,470,436,437
472,501,471,473,502,437,438
473,438,439,502,472,474,503
474,473,439,475,504,440,503
475,504,505,476,441,440,474
476,505,506,442,477,441,475
477,476,442,443,507,478,506
478,444,479,508,507,477,443
479,478,444,480,510,509,508
480,511,481,444,445,479,510
481,512,511,446,482,480,445
482,481,446,447,513,483,512
483,514,513,484,448,447,482
484,448,449,483,514,485,515
485,516,515,449,484,450,486
486,487,451,450,485,516,517
487,451,452,486,488,517,518
488,519,518,489,452,453,487
489,454,490,453,519,829,488
490,489,454,808,491,455,829
491,808,490,789,492,456,455
492,790,772,456,457,789,491,493
493,458,494,492,457,772,759
494,754,759,495,493,458,459
495,755,754,494,459,460
496,356,467,520,497,521
497,467,468,498,496,522,521
498,468,469,523,522,497,499
499,524,523,500,498,469,470
500,499,524,501,471,470,525
501,472,471,500,525,502,526
502,473,472,501,526,503,527
503,504,528,474,502,473,527
504,528,529,505,475,474,503
505,476,506,529,530,504,475
506,505,476,477,530,507,531
507,531,532,508,478,477,506
508,532,507,533,509,479,478
509,534,533,510,479,535,508
510,535,536,479,480,509,511
511,512,481,480,537,510,536
512,511,481,537,513,538,482
513,514,483,538,482,512
514,513,483,484,515,538,985,955
515,516,485,926,484,955,514
516,900,927,517,515,485,926,486
517,516,900,875,486,518,487
518,488,519,851,875,517,487
519,488,518,851,489,829
520,356,496,540,521,539
521,541,522,497,540,496,520
522,541,521,498,523,542,497
523,524,499,543,498,522,542
524,523,499,543,500,525,544
525,545,544,501,500,524,526
526,501,502,525,545,527,546
527,546,547,528,503,502,526
528,504,529,548,547,503,527
529,530,549,505,528,504,548
530,529,549,505,550,506,531
531,532,551,550,507,506,530
532,552,533,551,531,507,508
533,534,509,552,532,553,508
534,533,509,1120,535,553
535,510,536,1120,534,1084,1121,509
536,535,510,1084,1050,537,511
537,511,512,538,1017,1050,536
538,985,1017,514,513,512,537
539,555,554,540,356,520
540,541,556,555,539,521,520
541,540,556,521,522,542,557
542,523,543,541,557,522,558
543,523,524,542,544,559,558
544,525,545,559,543,524,560
545,525,544,561,560,526,546
546,527,547,562,526,545,561
547,548,528,563,562,546,527
548,564,549,547,528,529,563
549,529,530,564,548,550,565
550,531,551,566,530,549,565
551,567,552,532,531,550,566
552,567,551,532,533,553,568
553,1157,584,568,552,533,1120,534
554,570,569,356,539,555
555,539,554,540,571,556,570
556,540,541,557,572,571,555
557,541,542,556,558,573,572
558,574,573,559,543,542,557
559,575,574,560,544,543,558
560,561,576,545,559,575,544
561,576,560,545,562,577,546
562,547,563,578,561,577,546
563,579,578,564,547,548,562
564,548,549,565,580,579,563
565,564,580,550,566,581,549
566,550,551,582,567,565,581
567,551,552,568,583,582,566
568,583,584,553,552,567
569,615,630,645,570,554,356,600,660,675,19,585
570,586,585,569,554,555,571
571,572,556,555,570,586,587
572,588,587,571,556,557,573
573,558,574,589,557,572,588
574,575,590,559,589,558,573
575,574,590,559,560,576,591
576,592,577,561,560,575,591
577,592,576,561,562,578,593
578,579,563,562,577,593,594
579,595,594,578,563,564,580
580,564,565,581,579,595,596
581,582,597,596,565,580,566
582,581,597,598,583,567,566
583,599,598,568,584,582,567
584,583,568,1157,1186,599,553,1210
585,570,586,569,601,600
586,570,585,571,601,602,587
587,572,588,603,602,586,571
588,572,587,589,604,603,573
589,588,604,574,590,605,573
590,574,575,589,591,605,606
591,576,592,575,590,607,606
592,576,577,607,608,591,593
593,608,592,577,578,609,594
594,579,595,609,593,578,610
595,579,594,580,610,611,596
596,581,597,580,595,612,611
597,581,582,598,596,612,613
598,583,599,614,597,582,613
599,583,598,1228,614,584,1210
600,615,569,601,616,585
601,600,616,586,585,602,617
602,618,617,587,603,586,601
603,618,619,588,604,587,602
604,588,589,620,619,605,603
605,621,606,590,604,620,589
606,621,605,591,607,590,622
607,592,608,623,622,591,606
608,607,592,593,623,624,609
609,610,625,593,594,624,608
610,611,626,609,625,595,594
611,612,627,626,610,595,596
612,627,611,596,597,613,628
613,598,614,597,628,612,629
614,1228,599,598,1246,613,629
615,630,569,600,616,631
616,600,601,632,631,615,617
617,602,618,633,616,632,601
618,602,617,603,619,633,634
619,618,603,604,620,635,634
620,621,636,604,619,605,635
621,620,636,605,606,637,622
622,623,607,606,637,638,621
623,622,607,639,638,624,608
624,625,640,639,623,608,609
625,640,624,626,641,609,610
626,641,625,611,610,627,642
627,612,611,628,643,626,642
628,643,627,613,612,644,629
629,1264,644,614,1246,613,628
630,615,569,645,631,646
631,616,632,615,647,646,630
632,616,631,633,648,617,647
633,617,618,634,632,648,649
634,635,650,633,618,619,649
635,650,634,636,651,620,619
636,620,621,635,651,637,652
637,636,652,621,622,638,653
638,639,623,653,654,637,622
639,655,654,638,623,624,640
640,625,624,655,656,639,641
641,626,625,640,642,656,657
642,626,641,657,658,627,643
643,628,627,658,659,642,644
644,629,1264,659,643,628
645,630,569,660,646,661
646,631,647,662,630,645,661
647,631,646,662,663,632,648
648,632,633,649,647,664,663
649,650,665,648,633,664,634
650,635,634,665,649,666,651
651,667,652,666,650,635,636
652,667,651,668,636,637,653
653,652,668,638,654,669,637
654,639,655,653,638,669,670
655,640,656,639,654,670,671
656,655,640,672,657,641,671
657,673,672,656,641,642,658
658,659,674,643,642,657,673
659,674,658,643,644,1264,1283
660,569,645,675,661,676
661,677,676,645,646,662,660
662,646,647,663,678,677,661
663,662,647,678,648,664,679
664,649,665,648,680,679,663
665,650,649,664,680,681,666
666,650,651,682,667,681,665
667,651,652,668,683,682,666
668,684,669,667,683,652,653
669,684,668,685,670,653,654
670,685,669,671,686,654,655
671,687,672,686,670,655,656
672,687,671,657,673,656,688
673,657,672,689,674,688,658
674,690,689,673,1283,1301,659,658
675,569,660,676,691
676,677,661,660,675,691,692
677,676,661,662,692,693,678
678,662,663,694,693,679,677
679,680,664,694,678,695,663
680,696,695,679,664,665,681
681,697,696,682,680,665,666
682,697,681,698,683,666,667
683,667,668,698,699,682,684
684,668,669,685,699,683,700
685,686,701,684,669,670,700
686,685,701,702,687,671,670
687,702,686,671,672,688,703
688,687,703,673,672,689,704
689,690,674,704,705,673,688
690,689,674,705,1319,1301
691,676,675,692,706
692,693,707,676,691,706,677
693,694,678,707,692,677,708
694,693,678,679,709,695,708
695,696,680,709,694,710,679
696,681,697,695,680,710,711
697,681,696,682,698,711,712
698,683,699,682,697,712,713
699,698,683,684,713,700,714
700,715,701,685,684,714,699
701,685,686,715,700,702,716
702,686,687,701,717,716,703
703,687,688,718,704,702,717
704,718,703,689,705,688,719
705,704,689,690,1319,719,1337
706,707,692,691,720
707,693,692,706,720,708
708,721,709,720,707,693,694
709,721,708,694,695,710,722
710,709,695,722,696,711,723
711,724,723,697,712,710,696
712,725,724,711,697,698,713
713,725,726,712,698,714,699
714,727,726,713,715,700,699
715,728,727,700,701,714,716
716,717,702,701,715,728,729
717,716,702,730,729,718,703
718,703,704,731,719,730,717
719,1337,1355,731,718,705,704
720,721,732,707,708,706,741
721,708,709,732,720,722
722,732,721,709,710,723
723,724,711,733,732,710,722
724,725,734,723,711,712,733
725,734,735,724,712,713,726
726,727,714,735,736,725,713
727,728,715,726,714,736,737
728,727,715,738,729,737,716
729,738,728,730,739,717,716
730,731,740,739,729,717,718
731,730,740,1374,1355,718,719,1373
732,721,720,722,733,723,741
733,732,723,724,734,741
734,725,735,724,742,733,741
735,734,725,743,736,726,742
736,743,735,726,727,744,737
737,745,738,744,736,728,727
738,745,737,728,729,746,739
739,730,740,747,746,729,738
740,730,731,739,1373,1391,747
741,720,732,733,734,742,748,1427,1489
742,743,735,734,748,741
743,735,736,742,748,744
744,749,748,745,743,736,737
745,737,738,749,744,750,746
746,747,739,751,750,745,738
747,746,739,1391,751,740
748,749,744,752,1427,742,743,741
749,748,744,745,750,752
750,746,751,745,749,752
751,1409,1391,753,752,746,750,747
752,751,753,748,1427,750,749
753,751,752,1427,1409
754,755,495,759,760,494,761
755,754,495,756,762,761,461,460
756,763,762,755,461,757,462
757,462,463,764,763,758,756
758,765,464,463,757,764
759,754,760,494,773,772,493
760,759,754,773,774,775,761
761,776,775,762,760,754,755
762,756,763,755,776,777,761
763,756,762,757,764,778,777
764,757,763,778,779,765,758
765,464,766,780,779,764,758
766,464,765,767,781,780,465
767,781,766,782,465,768,466
768,782,767,769,427,426,783,466
769,428,770,784,783,768,427
770,785,784,428,769,429,771
771,430,429,785,786,770
772,773,791,790,492,759,493
773,792,791,772,759,760,774
774,793,792,773,760,775,794
775,776,795,760,774,761,794
776,795,775,796,762,777,761
777,776,762,796,797,778,763
778,779,798,764,763,797,777
779,798,778,780,765,764,799
780,765,766,779,800,799,781
781,782,801,767,766,800,780
782,801,781,783,802,767,768
783,802,782,769,784,803,768
784,770,785,769,783,803,804
785,770,784,804,805,786,771
786,805,806,787,785,430,771
787,788,807,431,806,786,430
788,787,807,431,432,828
789,491,492,790,809,808
790,492,772,809,810,791,789
791,792,773,772,790,810,811
792,791,773,793,774,811,812
793,792,774,814,813,794,812
794,815,814,795,793,774,775
795,776,775,796,794,815,816
796,795,776,777,797,817,816
797,777,796,778,817,798,818
798,779,778,799,797,819,818
799,780,800,779,798,820,819
800,781,801,780,799,821,820
801,782,781,800,802,822,821
802,783,782,822,801,823,803
803,824,823,783,784,804,802
804,824,825,805,803,784,785
805,806,826,786,825,804,785
806,826,805,786,787,807,827
807,787,788,828,827,806
808,490,491,829,830,809,789
809,830,831,790,810,789,808
810,832,831,809,790,791,811
811,791,810,812,833,832,792
812,833,834,811,813,792,793
813,836,835,793,814,834,812
814,815,794,793,813,837,836
815,814,794,795,838,816,837
816,838,815,817,839,795,796
817,839,816,818,840,796,797
818,840,817,841,819,798,797
819,799,820,798,841,842,818
820,800,821,799,819,843,842
821,822,844,801,800,820,843
822,821,844,845,823,802,801
823,822,845,824,846,803,802
824,847,846,823,804,825,803
825,848,826,824,804,847,805
826,806,805,848,825,827,849
827,828,850,849,807,826,806
828,850,874,432,827,788,807
829,519,489,851,852,830,808,490
830,809,831,853,852,829,808
831,854,853,830,809,832,810
832,855,854,831,810,833,811
833,812,834,855,856,832,811
834,857,835,833,812,813,856
835,857,858,834,859,836,813
836,835,813,859,837,860,814
837,838,861,815,860,836,814
838,861,862,815,816,837,839
839,840,863,817,816,838,862
840,839,863,864,818,817,841
841,865,842,819,818,840,864
842,865,841,820,843,819,866
843,821,844,820,842,867,866
844,821,822,845,843,867,868
845,822,844,869,846,868,823
846,824,847,869,870,845,823
847,824,846,871,870,848,825
848,849,872,825,826,871,847
849,872,848,873,827,850,826
850,874,873,828,827,849
851,875,876,518,519,852,829
852,876,877,853,830,851,829
853,878,877,831,854,852,830
854,831,853,879,878,832,855
855,833,856,879,880,832,854
856,881,880,855,833,857,834
857,835,858,834,882,881,856
858,857,835,859,883,882,884
859,858,835,836,860,885,884
860,861,886,837,836,859,885
861,886,860,862,887,838,837
862,861,887,838,888,863,839
863,839,840,864,888,862,889
864,863,840,865,890,841,889
865,841,842,890,864,866,891
866,843,867,891,865,842,892
867,892,893,843,844,866,868
868,845,869,894,867,844,893
869,846,870,845,868,894,895
870,871,847,869,846,895,896
871,870,847,872,897,896,848
872,873,898,849,848,897,871
873,899,898,872,874,850,849
874,954,899,1016,873,850,828,432,107,251
875,901,900,876,851,517,518
876,852,877,902,901,875,851
877,876,852,853,878,903,902
878,853,877,904,903,879,854
879,904,878,905,855,880,854
880,881,856,906,905,879,855
881,880,856,906,882,907,857
882,908,907,883,858,881,857
883,884,910,909,908,882,858
884,910,883,885,911,859,858
885,911,884,912,886,860,859
886,861,860,913,887,912,885
887,861,862,913,886,888,914
888,887,862,863,915,914,889
889,890,916,864,863,888,915
890,865,864,889,916,891,917
891,918,892,890,917,866,865
892,867,893,918,891,919,866
893,920,894,892,867,919,868
894,920,893,869,868,895,921
895,869,870,894,922,921,896
896,870,895,922,923,897,871
897,872,871,924,923,896,898
898,873,899,872,925,924,897
899,873,898,954,925,874
900,875,901,516,927,517,928
901,875,900,902,929,928,876
902,930,929,903,901,876,877
903,930,902,878,904,931,877
904,905,932,878,903,931,879
905,880,906,933,932,904,879
906,880,881,905,907,934,933
907,882,908,935,906,934,881
908,882,907,936,935,883,909
909,910,938,883,908,937,936
910,884,883,909,938,939,911
911,939,910,885,884,940,912
912,940,911,941,913,886,885
913,886,887,914,942,941,912
914,943,915,913,942,887,888
915,943,914,944,888,889,916
916,945,944,917,889,890,915
917,916,945,890,891,918,946
918,947,946,891,892,919,917
919,948,947,918,892,893,920
920,893,894,948,949,919,921
921,950,949,895,922,894,920
922,895,921,951,950,896,923
923,952,951,897,924,922,896
924,953,952,897,923,925,898
925,899,954,953,924,898
926,956,955,515,516,927
927,928,957,516,900,926,956
928,927,957,901,929,958,900
929,930,902,901,928,958,959
930,929,902,903,931,960,959
931,961,932,930,960,904,903
932,933,962,961,931,905,904
933,963,934,962,932,905,906
934,963,933,964,906,907,935
935,965,964,936,908,907,934
936,937,966,935,908,965,909
937,966,936,968,938,909,967
938,968,937,909,910,969,939
939,910,911,940,970,969,938
940,939,911,970,971,941,912
941,972,971,940,942,913,912
942,973,972,941,943,913,914
943,914,915,974,973,942,944
944,916,945,975,974,943,915
945,916,944,946,976,917,975
946,947,918,945,976,977,917
947,946,918,948,978,977,919
948,920,949,947,978,919,979
949,921,950,980,979,948,920
950,921,949,951,981,980,922
951,923,952,982,981,950,922
952,923,951,924,953,983,982
953,924,952,984,983,954,925
954,899,925,874,953,1016,984
955,956,926,515,986,985,514
956,955,926,957,987,927,986
957,927,928,988,958,987,956
958,929,928,959,988,957,989
959,960,990,930,989,958,929
960,961,991,930,931,990,959
961,962,932,931,992,991,960
962,933,932,961,993,963,992
963,964,994,933,934,993,962
964,963,994,934,995,965,935
965,964,935,966,996,936,995
966,937,936,996,965,997,967
967,968,999,998,997,966,937
968,937,938,967,999,969,1000
969,1001,970,938,939,968,1000
970,1001,969,939,940,1002,971
971,972,1003,1002,970,940,941
972,1003,971,973,1004,941,942
973,1005,974,1004,972,943,942
974,975,1006,1005,973,943,944
975,1007,1006,974,944,945,976
976,945,946,977,975,1008,1007
977,978,1009,946,947,976,1008
978,977,1009,979,1010,947,948
979,1011,1010,949,980,978,948
980,1012,981,949,979,950,1011
981,1012,980,951,982,1013,950
982,1014,1013,983,951,981,952
983,984,1015,953,982,1014,952
984,1015,983,1016,953,954
985,1018,1017,986,538,514,955
986,1018,985,987,1019,955,956
987,1019,986,957,956,988,1020
988,989,1021,957,958,987,1020
989,988,1021,959,990,958,1022
990,991,1023,960,959,989,1022
991,1023,990,1024,961,960,992
992,1025,1024,961,962,993,991
993,1026,1025,994,962,963,992
994,963,964,995,1027,1026,993
995,1027,994,964,1028,996,965
996,966,965,1029,997,1028,995
997,1030,1029,998,967,996,966
998,1031,1030,997,1032,999,967
999,967,968,998,1032,1033,1000
1000,1034,1033,1001,969,968,999
1001,1002,1035,1034,1000,969,970
1002,1035,1001,1036,971,1003,970
1003,1037,1036,972,971,1002,1004
1004,1038,1037,973,972,1005,1003
1005,973,974,1039,1006,1038,1004
1006,1007,975,974,1040,1039,1005
1007,1006,975,1040,1041,1008,976
1008,1009,1042,1041,1007,976,977
1009,977,978,1010,1043,1042,1008
1010,1011,979,1044,1043,1009,978
1011,1045,1012,1010,979,1044,980
1012,980,981,1045,1011,1013,1046
1013,982,1014,1046,1047,981,1012
1014,1048,1047,982,1013,983,1015
1015,984,983,1016,1049,1048,1014
1016,1015,984,1119,1049,874,954,107
1017,985,1018,538,537,1050,1051
1018,985,1017,1052,1019,986,1051
1019,1052,1018,987,986,1053,1020
1020,1019,987,988,1021,1054,1053
1021,988,989,1020,1054,1055,1022
1022,1023,990,1056,1021,989,1055
1023,991,990,1057,1024,1022,1056
1024,1057,1023,1025,1058,991,992
1025,1026,993,1059,1024,1058,992
1026,1060,1059,1025,993,1027,994
1027,995,994,1028,1061,1060,1026
1028,1027,995,1029,996,1062,1061
1029,997,1030,1063,996,1028,1062
1030,997,1029,998,1031,1064,1063
1031,1065,1066,998,1030,1064,1032
1032,1067,1033,1066,998,1031,999
1033,1067,1032,1000,1034,1068,999
1034,1035,1069,1000,1033,1068,1001
1035,1002,1001,1034,1069,1036,1070
1036,1070,1071,1037,1003,1002,1035
1037,1071,1036,1003,1004,1038,1072
1038,1073,1039,1004,1037,1072,1005
1039,1074,1040,1073,1038,1006,1005
1040,1007,1041,1074,1039,1075,1006
1041,1040,1007,1042,1076,1008,1075
1042,1041,1076,1077,1043,1009,1008
1043,1077,1078,1010,1044,1009,1042
1044,1045,1079,1010,1011,1043,1078
1045,1080,1046,1011,1012,1079,1044
1046,1080,1045,1047,1081,1013,1012
1047,1048,1014,1046,1081,1082,1013
1048,1047,1014,1049,1083,1082,1015
1049,1016,1119,1083,1048,1015
1050,1085,1084,537,1017,1051,536
1051,1018,1052,1086,1085,1050,1017
1052,1018,1019,1051,1053,1087,1086
1053,1087,1052,1019,1020,1054,1088
1054,1021,1020,1055,1053,1088,1089
1055,1056,1090,1021,1054,1089,1022
1056,1090,1055,1022,1023,1091,1057
1057,1023,1024,1091,1056,1058,1092
1058,1059,1093,1024,1025,1092,1057
1059,1026,1060,1094,1058,1093,1025
1060,1026,1059,1094,1027,1061,1095
1061,1096,1095,1027,1060,1062,1028
1062,1063,1097,1029,1028,1096,1061
1063,1098,1097,1062,1030,1029,1064
1064,1030,1031,1063,1098,1065,1099
1065,1031,1066,1101,1099,1100,1064
1066,1067,1032,1065,1031,1101,1102
1067,1032,1033,1066,1102,1103,1068
1068,1104,1103,1034,1069,1033,1067
1069,1034,1035,1068,1105,1070,1104
1070,1036,1071,1106,1105,1069,1035
1071,1070,1036,1037,1106,1072,1107
1072,1108,1107,1038,1073,1037,1071
1073,1108,1109,1038,1039,1072,1074
1074,1039,1040,1075,1110,1109,1073
1075,1111,1076,1110,1040,1041,1074
1076,1111,1075,1041,1042,1077,1112
1077,1113,1112,1043,1078,1076,1042
1078,1077,1043,1079,1114,1044,1113
1079,1045,1044,1114,1078,1080,1115
1080,1045,1046,1116,1115,1081,1079
1081,1046,1047,1116,1117,1082,1080
1082,1048,1047,1117,1118,1083,1081
1083,1049,1048,1119,1118,1082
1084,1085,1050,1122,536,1121,535
1085,1084,1050,1122,1051,1086,1123
1086,1051,1085,1123,1124,1052,1087
1087,1088,1125,1053,1052,1086,1124
1088,1089,1126,1125,1087,1053,1054
1089,1088,1126,1127,1054,1090,1055
1090,1056,1055,1127,1089,1128,1091
1091,1092,1129,1056,1057,1128,1090
1092,1091,1129,1130,1058,1093,1057
1093,1094,1131,1130,1058,1059,1092
1094,1131,1093,1060,1059,1095,1132
1095,1061,1096,1094,1132,1133,1060
1096,1061,1095,1133,1134,1097,1062
1097,1098,1063,1135,1062,1134,1096
1098,1097,1063,1136,1135,1099,1064
1099,1100,1137,1065,1098,1136,1064
1100,1101,1138,1099,1137,1065
1101,1102,1139,1138,1100,1065,1066
1102,1101,1139,1140,1067,1103,1066
1103,1104,1141,1068,1102,1067,1140
1104,1142,1141,1103,1068,1069,1105
1105,1106,1143,1142,1069,1070,1104
1106,1144,1143,1070,1071,1107,1105
1107,1072,1108,1144,1106,1145,1071
1108,1073,1109,1072,1107,1146,1145
1109,1108,1073,1110,1074,1146,1147
1110,1111,1075,1109,1074,1148,1147
1111,1075,1076,1110,1112,1148,1149
1112,1077,1113,1076,1150,1149,1111
1113,1114,1151,1077,1112,1078,1150
1114,1113,1151,1079,1078,1115,1152
1115,1153,1152,1080,1116,1079,1114
1116,1080,1115,1154,1153,1117,1081
1117,1155,1154,1116,1081,1082,1118
1118,1117,1082,1156,1155,1119,1083
1119,1016,1049,1209,1156,1118,1083
1120,534,535,1157,1158,1121,553
1121,1159,1158,1084,535,1120,1122
1122,1084,1085,1159,1121,1123,1160
1123,1124,1161,1086,1122,1085,1160
1124,1161,1123,1086,1162,1087,1125
1125,1088,1087,1124,1162,1163,1126
1126,1088,1089,1127,1163,1164,1125
1127,1126,1089,1165,1128,1090,1164
1128,1165,1127,1090,1091,1166,1129
1129,1130,1167,1091,1092,1128,1166
1130,1167,1129,1093,1131,1092,1168
1131,1094,1093,1130,1132,1169,1168
1132,1133,1170,1094,1095,1169,1131
1133,1170,1132,1095,1096,1134,1171
1134,1171,1172,1097,1135,1096,1133
1135,1098,1136,1097,1173,1134,1172
1136,1098,1135,1137,1174,1099,1173
1137,1099,1100,1174,1138,1136
1138,1245,1282,1175,1204,1139,1101,1100,1174,1137,1203,1227
1139,1101,1102,1140,1175,1138
1140,1139,1102,1103,1141,1175
1141,1104,1142,1103,1140,1175
1142,1104,1141,1143,1175,1105
1143,1106,1144,1175,1105,1142
1144,1106,1143,1175,1145,1107
1145,1146,1175,1144,1107,1108
1146,1145,1175,1108,1109,1147,1176
1147,1177,1176,1110,1148,1146,1109
1148,1110,1111,1178,1177,1149,1147
1149,1150,1179,1112,1178,1148,1111
1150,1180,1179,1149,1112,1151,1113
1151,1152,1181,1113,1114,1180,1150
1152,1151,1181,1182,1115,1153,1114
1153,1183,1182,1115,1152,1154,1116
1154,1184,1155,1117,1183,1153,1116
1155,1156,1185,1184,1154,1117,1118
1156,1185,1155,1118,1209,1119
1157,1186,1187,584,553,1120,1158
1158,1157,1120,1121,1159,1187,1188
1159,1160,1189,1121,1158,1122,1188
1160,1190,1161,1159,1189,1123,1122
1161,1190,1160,1124,1123,1162,1191
1162,1161,1124,1125,1163,1191,1192
1163,1126,1164,1125,1162,1192,1193
1164,1163,1126,1165,1194,1193,1127
1165,1127,1128,1164,1194,1195,1166
1166,1196,1195,1165,1128,1129,1167
1167,1130,1129,1166,1196,1168,1197
1168,1198,1197,1167,1130,1131,1169
1169,1170,1199,1132,1131,1168,1198
1170,1133,1132,1200,1171,1169,1199
1171,1134,1172,1200,1170,1201,1133
1172,1171,1134,1201,1202,1173,1135
1173,1203,1202,1174,1136,1135,1172
1174,1137,1138,1203,1136,1173
1175,1145,1146,1204,1138,1143,1144,1176,1139,1142,1141,1140
1176,1147,1177,1146,1204,1175
1177,1147,1176,1178,1148,1204
1178,1149,1179,1177,1148,1204
1179,1180,1204,1150,1149,1178
1180,1179,1204,1181,1151,1150
1181,1151,1152,1205,1182,1180,1204
1182,1206,1205,1181,1183,1152,1153
1183,1206,1182,1153,1207,1184,1154
1184,1154,1155,1207,1208,1185,1183
1185,1156,1155,1208,1209,1184
1186,1157,1187,584,1211,1210
1187,1186,1157,1158,1211,1188,1212
1188,1187,1158,1213,1189,1212,1159
1189,1159,1160,1214,1190,1213,1188
1190,1160,1161,1191,1215,1214,1189
1191,1192,1216,1190,1215,1162,1161
1192,1191,1216,1217,1193,1163,1162
1193,1217,1192,1163,1164,1194,1218
1194,1164,1165,1195,1219,1193,1218
1195,1196,1166,1165,1194,1220,1219
1196,1195,1166,1221,1197,1220,1167
1197,1168,1198,1222,1221,1196,1167
1198,1168,1197,1222,1223,1199,1169
1199,1169,1170,1223,1198,1224,1200
1200,1170,1171,1201,1224,1225,1199
1201,1171,1200,1172,1202,1226,1225
1202,1226,1227,1203,1173,1172,1201
1203,1227,1202,1173,1174,1138
1204,1179,1180,1181,1205,1488,1282,1175,1138,1178,1177,1176
1205,1206,1182,1181,1204,1207
1206,1205,1182,1183,1207
1207,1208,1209,1184,1183,1206,1205
1208,1185,1209,1207,1184
1209,1208,1185,1207,1156,1119
1210,1229,1228,1211,599,1186,584
1211,1229,1210,1230,1186,1187,1212
1212,1230,1211,1187,1231,1213,1188
1213,1231,1232,1214,1189,1188,1212
1214,1189,1190,1233,1232,1215,1213
1215,1190,1191,1234,1233,1216,1214
1216,1191,1192,1215,1235,1234,1217
1217,1192,1193,1218,1236,1235,1216
1218,1217,1236,1193,1194,1237,1219
1219,1194,1195,1220,1237,1238,1218
1220,1196,1195,1219,1238,1221,1239
1221,1240,1222,1196,1197,1239,1220
1222,1240,1221,1197,1198,1241,1223
1223,1198,1199,1224,1222,1241,1242
1224,1243,1225,1223,1199,1200,1242
1225,1243,1224,1200,1244,1226,1201
1226,1202,1227,1245,1201,1244,1225
1227,1226,1202,1203,1245,1138
1228,614,599,1246,1229,1210,1247
1229,1228,1210,1211,1230,1247,1248
1230,1229,1211,1248,1212,1231,1249
1231,1250,1249,1213,1232,1230,1212
1232,1233,1214,1231,1213,1250,1251
1233,1234,1215,1232,1214,1252,1251
1234,1233,1215,1235,1216,1253,1252
1235,1234,1216,1217,1236,1254,1253
1236,1217,1218,1235,1254,1255,1237
1237,1219,1238,1218,1255,1236,1256
1238,1239,1257,1237,1219,1220,1256
1239,1257,1238,1258,1221,1240,1220
1240,1221,1222,1239,1241,1259,1258
1241,1260,1242,1240,1222,1259,1223
1242,1260,1241,1223,1224,1243,1261
1243,1224,1225,1261,1262,1242,1244
1244,1263,1245,1225,1226,1262,1243
1245,1138,1282,1226,1227,1263,1244
1246,614,1228,1247,1265,1266,629,1264
1247,1248,1267,1246,1228,1229,1266
1248,1267,1247,1249,1268,1229,1230
1249,1231,1250,1268,1248,1269,1230
1250,1231,1249,1270,1251,1232,1269
1251,1270,1250,1232,1252,1233,1271
1252,1251,1233,1272,1253,1271,1234
1253,1272,1273,1254,1235,1234,1252
1254,1253,1273,1235,1236,1274,1255
1255,1256,1275,1274,1254,1236,1237
1256,1255,1275,1276,1257,1237,1238
1257,1239,1238,1276,1256,1258,1277
1258,1278,1259,1257,1239,1277,1240
1259,1260,1279,1278,1258,1240,1241
1260,1241,1242,1280,1261,1259,1279
1261,1280,1260,1262,1281,1243,1242
1262,1261,1281,1243,1244,1263,1282
1263,1244,1245,1262,1282
1264,629,644,659,1283,1246,1284,1265
1265,1246,1266,1284,1285,1264
1266,1265,1246,1285,1286,1267,1247
1267,1248,1247,1286,1287,1266,1268
1268,1249,1248,1288,1287,1267,1269
1269,1289,1288,1268,1270,1249,1250
1270,1290,1271,1250,1251,1289,1269
1271,1290,1270,1252,1251,1272,1291
1272,1253,1273,1292,1291,1252,1271
1273,1272,1253,1254,1292,1293,1274
1274,1293,1273,1254,1255,1275,1294
1275,1295,1276,1255,1256,1274,1294
1276,1295,1275,1256,1257,1277,1296
1277,1297,1278,1258,1296,1276,1257
1278,1297,1277,1258,1259,1279,1298
1279,1259,1260,1280,1299,1278,1298
1280,1260,1261,1279,1299,1281,1300
1281,1261,1262,1280,1282,1300
1282,1245,1138,1300,1318,1488,1204,1372,1354,1336,1263,1262,1281
1283,1301,674,1284,1302,659,1264
1284,1302,1283,1264,1285,1303,1265
1285,1304,1303,1266,1286,1284,1265
1286,1285,1266,1287,1305,1267,1304
1287,1305,1286,1267,1268,1288,1306
1288,1289,1307,1268,1287,1269,1306
1289,1288,1307,1269,1270,1290,1308
1290,1270,1271,1289,1309,1308,1291
1291,1292,1272,1271,1309,1310,1290
1292,1272,1273,1291,1310,1311,1293
1293,1312,1311,1273,1274,1292,1294
1294,1312,1313,1295,1274,1293,1275
1295,1275,1276,1296,1314,1313,1294
1296,1315,1314,1297,1295,1277,1276
1297,1296,1315,1298,1316,1277,1278
1298,1297,1316,1317,1299,1278,1279
1299,1317,1298,1279,1280,1300,1318
1300,1282,1318,1299,1280,1281
1301,1283,674,1319,1320,690,1302
1302,1321,1320,1303,1284,1283,1301
1303,1285,1304,1302,1321,1322,1284
1304,1285,1303,1322,1323,1305,1286
1305,1287,1286,1306,1324,1323,1304
1306,1305,1324,1325,1287,1288,1307
1307,1326,1325,1288,1289,1306,1308
1308,1327,1309,1326,1290,1289,1307
1309,1327,1308,1290,1291,1310,1328
1310,1311,1329,1309,1291,1292,1328
1311,1312,1330,1293,1310,1329,1292
1312,1330,1311,1293,1294,1313,1331
1313,1312,1294,1332,1331,1295,1314
1314,1315,1296,1295,1313,1332,1333
1315,1314,1296,1297,1333,1334,1316
1316,1297,1298,1317,1335,1315,1334
1317,1298,1299,1316,1318,1336,1335
1318,1300,1282,1299,1336,1317
1319,1301,1320,705,690,1338,1337
1320,1321,1339,1302,1319,1301,1338
1321,1339,1320,1302,1303,1322,1340
1322,1304,1323,1341,1340,1321,1303
1323,1341,1342,1324,1322,1304,1305
1324,1343,1342,1305,1306,1323,1325
1325,1307,1326,1344,1343,1324,1306
1326,1345,1344,1307,1325,1308,1327
1327,1346,1328,1308,1309,1345,1326
1328,1346,1327,1329,1347,1309,1310
1329,1310,1311,1328,1347,1330,1348
1330,1312,1311,1349,1331,1348,1329
1331,1349,1330,1332,1313,1350,1312
1332,1333,1351,1331,1313,1314,1350
1333,1351,1352,1315,1334,1332,1314
1334,1335,1353,1333,1315,1352,1316
1335,1353,1334,1316,1317,1354,1336
1336,1282,1354,1318,1317,1335
1337,1355,719,1356,705,1319,1338
1338,1320,1339,1319,1337,1357,1356
1339,1321,1320,1340,1358,1357,1338
1340,1341,1359,1358,1322,1339,1321
1341,1342,1360,1359,1340,1323,1322
1342,1360,1341,1324,1343,1323,1361
1343,1324,1342,1344,1362,1325,1361
1344,1326,1345,1363,1362,1343,1325
1345,1326,1344,1327,1346,1364,1363
1346,1327,1328,1345,1364,1347,1365
1347,1328,1329,1346,1365,1366,1348
1348,1349,1330,1329,1366,1347,1367
1349,1330,1331,1350,1368,1348,1367
1350,1351,1369,1349,1368,1331,1332
1351,1333,1352,1332,1350,1369,1370
1352,1351,1333,1370,1371,1353,1334
1353,1335,1334,1372,1371,1352,1354
1354,1282,1372,1336,1335,1353
1355,1337,719,1374,731,1375,1356
1356,1376,1375,1355,1337,1357,1338
1357,1356,1376,1377,1358,1339,1338
1358,1340,1359,1339,1377,1357,1378
1359,1341,1360,1340,1358,1379,1378
1360,1342,1341,1359,1379,1380,1361
1361,1360,1380,1362,1381,1342,1343
1362,1381,1361,1363,1382,1344,1343
1363,1383,1382,1362,1364,1345,1344
1364,1363,1345,1346,1384,1383,1365
1365,1346,1347,1366,1385,1384,1364
1366,1386,1385,1347,1365,1348,1367
1367,1387,1386,1349,1368,1348,1366
1368,1349,1350,1388,1387,1367,1369
1369,1389,1370,1350,1351,1368,1388
1370,1389,1369,1352,1371,1390,1351
1371,1372,1353,1390,1370,1352
1372,1460,1488,1282,1354,1371,1353,1390,1426,1408,1444
1373,1374,1392,740,1391,731
1374,731,1355,1373,1392,1375,1393
1375,1356,1376,1394,1374,1355,1393
1376,1356,1375,1394,1395,1357,1377
1377,1376,1357,1395,1396,1378,1358
1378,1396,1397,1379,1377,1359,1358
1379,1380,1398,1360,1397,1378,1359
1380,1398,1379,1360,1361,1381,1399
1381,1362,1361,1380,1399,1400,1382
1382,1383,1363,1362,1401,1400,1381
1383,1382,1363,1364,1384,1401,1402
1384,1364,1383,1403,1385,1402,1365
1385,1366,1386,1403,1404,1384,1365
1386,1366,1385,1367,1387,1404,1405
1387,1367,1386,1388,1368,1406,1405
1388,1387,1368,1389,1369,1406,1407
1389,1407,1408,1369,1370,1390,1388
1390,1371,1372,1370,1389,1408
1391,1409,751,747,740,1373,1392,1410
1392,1373,1374,1411,1393,1391,1410
1393,1411,1392,1412,1374,1375,1394
1394,1375,1376,1395,1413,1412,1393
1395,1394,1376,1377,1396,1414,1413
1396,1414,1395,1415,1378,1397,1377
1397,1396,1378,1416,1398,1379,1415
1398,1380,1379,1416,1417,1397,1399
1399,1400,1418,1380,1381,1398,1417
1400,1399,1418,1381,1382,1401,1419
1401,1419,1420,1382,1400,1383,1402
1402,1403,1421,1384,1383,1401,1420
1403,1402,1421,1385,1404,1384,1422
1404,1386,1405,1422,1423,1403,1385
1405,1424,1406,1404,1386,1387,1423
1406,1424,1405,1387,1388,1407,1425
1407,1389,1408,1388,1406,1426,1425
1408,1407,1389,1390,1426,1372
1409,751,1391,1410,1428,753,1427
1410,1409,1428,1392,1411,1391,1429
1411,1430,1429,1392,1393,1412,1410
1412,1413,1431,1411,1393,1394,1430
1413,1431,1412,1394,1395,1414,1432
1414,1396,1395,1413,1415,1432,1433
1415,1416,1434,1396,1414,1433,1397
1416,1398,1417,1415,1434,1435,1397
1417,1416,1398,1436,1435,1418,1399
1418,1399,1400,1419,1437,1436,1417
1419,1401,1420,1437,1418,1438,1400
1420,1419,1401,1438,1439,1402,1421
1421,1402,1403,1422,1440,1420,1439
1422,1404,1423,1440,1441,1421,1403
1423,1422,1404,1442,1441,1424,1405
1424,1443,1442,1405,1406,1425,1423
1425,1443,1444,1426,1407,1406,1424
1426,1408,1372,1407,1444,1425
1427,1461,1489,748,752,753,1428,1445,1409,741
1428,1409,1410,1427,1445,1429
1429,1430,1411,1446,1445,1428,1410
1430,1429,1411,1446,1412,1447,1431
1431,1413,1412,1432,1448,1430,1447
1432,1449,1448,1431,1413,1433,1414
1433,1450,1449,1432,1414,1415,1434
1434,1415,1416,1451,1450,1435,1433
1435,1417,1436,1416,1452,1451,1434
1436,1417,1435,1452,1453,1418,1437
1437,1419,1418,1453,1454,1438,1436
1438,1419,1420,1439,1454,1437,1455
1439,1455,1456,1438,1420,1421,1440
1440,1441,1457,1456,1422,1421,1439
1441,1458,1442,1440,1457,1423,1422
1442,1458,1441,1424,1443,1459,1423
1443,1424,1442,1444,1460,1425,1459
1444,1460,1443,1425,1426,1372
1445,1427,1428,1429,1461,1446
1446,1429,1430,1461,1445,1447,1462
1447,1463,1448,1446,1430,1431,1462
1448,1463,1447,1449,1432,1431,1464
1449,1433,1450,1448,1432,1465,1464
1450,1465,1466,1433,1449,1434,1451
1451,1434,1450,1466,1435,1452,1467
1452,1436,1453,1435,1468,1451,1467
1453,1452,1436,1454,1469,1437,1468
1454,1453,1469,1437,1438,1470,1455
1455,1439,1456,1438,1470,1454,1471
1456,1472,1471,1455,1439,1457,1440
1457,1458,1473,1456,1472,1440,1441
1458,1441,1442,1459,1474,1473,1457
1459,1475,1460,1443,1474,1458,1442
1460,1372,1488,1444,1443,1475,1459
1461,1427,1489,1445,1446,1462,1476
1462,1476,1463,1461,1446,1447
1463,1476,1462,1447,1448,1464,1477
1464,1463,1448,1465,1449,1477,1478
1465,1450,1466,1464,1449,1479,1478
1466,1467,1480,1465,1450,1479,1451
1467,1466,1480,1451,1452,1468,1481
1468,1452,1453,1482,1481,1467,1469
1469,1453,1454,1470,1483,1482,1468
1470,1454,1455,1471,1484,1469,1483
1471,1456,1472,1485,1455,1470,1484
1472,1486,1485,1473,1456,1471,1457
1473,1472,1486,1474,1487,1458,1457
1474,1488,1487,1473,1475,1459,1458
1475,1460,1488,1459,1474
1476,1489,1477,1462,1463,1461
1477,1489,1476,1478,1490,1463,1464
1478,1490,1477,1491,1464,1479,1465
1479,1466,1465,1480,1492,1491,1478
1480,1466,1467,1492,1479,1481,1493
1481,1480,1493,1482,1468,1467,1494
1482,1483,1469,1495,1481,1468,1494
1483,1470,1484,1469,1482,1496,1495
1484,1497,1496,1485,1470,1471,1483
1485,1472,1486,1497,1484,1498,1471
1486,1472,1485,1473,1499,1498,1487
1487,1488,1474,1499,1486,1473
1488,1460,1372,1282,1204,1487,1474,1508,1515,1475,1499,1525
1489,1427,1461,1476,1477,741,1500,1490,1516
1490,1491,1500,1478,1477,1489
1491,1490,1500,1501,1478,1492,1479
1492,1502,1501,1491,1480,1479,1493
1493,1503,1502,1494,1480,1481,1492
1494,1503,1493,1504,1495,1481,1482
1495,1504,1494,1483,1496,1482,1505
1496,1497,1484,1505,1506,1483,1495
1497,1496,1484,1485,1506,1498,1507
1498,1486,1499,1508,1485,1497,1507
1499,1486,1498,1487,1508,1488
1500,1490,1491,1501,1509,1489,1516
1501,1500,1491,1509,1502,1492
1502,1503,1493,1501,1492,1510,1509
1503,1502,1493,1494,1504,1510,1511
1504,1503,1494,1495,1511,1512,1505
1505,1496,1506,1495,1504,1513,1512
1506,1507,1514,1505,1496,1497,1513
1507,1514,1506,1515,1498,1497,1508
1508,1488,1515,1498,1499,1507
1509,1500,1501,1516,1510,1502
1510,1509,1502,1503,1516,1511,1517
1511,1518,1517,1504,1503,1510,1512
1512,1513,1519,1518,1511,1504,1505
1513,1512,1519,1506,1505,1514,1520
1514,1507,1506,1515,1521,1520,1513
1515,1508,1488,1514,1507,1525,1521
1516,1500,1509,1510,1522,1526,1489,1517
1517,1518,1511,1510,1516,1522
1518,1517,1511,1512,1519,1523,1522
1519,1512,1513,1518,1523,1520,1524
1520,1521,1514,1513,1519,1525,1524
1521,1520,1514,1515,1525
1522,1526,1516,1523,1517,1518
1523,1526,1522,1518,1519,1524
1524,1519,1520,1523,1525,1526
1525,1515,1488,1521,1520,1524,1526
1526,1522,1516,1523,1524,1525
