1,6,18,2,8,27,7
2,8,9,1,27,10,3
3,11,10,12,4,2,27
4,5,27,12,3,13,14
5,27,6,4,14,15,16
6,1,18,5,27,17,16
7,26,18,45,8,44,1
8,2,9,28,1,45,7
9,8,2,28,10,29,33,32
10,3,11,2,9,29
11,3,10,12,29,35,19,36
12,3,11,4,20,19,13
13,38,21,12,20,4,14
14,15,22,5,13,4,21
15,22,14,16,23,5,40
16,24,23,15,17,6,5
17,24,16,6,42,18,25
18,6,1,7,26,25,17
19,20,37,12,36,11,55
20,37,19,57,12,13,58,38
21,38,13,39,59,22,14
22,15,14,63,62,21,39,40
23,41,24,16,15,64,40
24,67,68,41,23,42,16,17
25,18,26,17,69,42,70,43
26,72,43,7,18,25,44,73
27,5,6,4,2,1,3
28,32,31,9,8,30,45
29,35,34,10,11,33,9
30,31,47,28,46,75,45
31,28,32,48,47,30
32,28,31,33,49,48,9
33,49,32,29,9,34,50
34,35,29,33,52,51,50
35,34,29,53,36,11,52
36,53,35,19,11,55,54
37,20,19,55,56,57
38,13,21,59,58,20
39,21,59,61,62,60,22
40,64,63,15,23,22
41,23,24,64,65,66,67
42,68,24,17,69,25
43,26,72,71,70,25
44,74,73,26,7,45
45,7,8,28,30,75,74,44
46,47,77,111,76,75,30
47,31,48,46,77,78,30
48,31,32,47,78,79,49
49,33,32,50,79,48,80
50,81,51,34,33,49,80
51,81,50,82,83,34,52
52,83,84,34,35,53,51
53,35,36,52,54,85,84
54,53,36,85,55,86
55,37,56,87,19,36,86,54
56,55,37,88,87,89,57
57,37,20,90,89,56,58
58,90,91,57,20,38,59
59,21,39,91,92,38,60,58
60,39,61,92,59,93
61,39,62,60,95,94,93
62,96,95,22,63,61,39
63,40,64,97,22,62,96
64,40,63,97,41,65,98,23
65,64,41,99,98,66
66,101,100,99,65,67,41
67,24,68,101,66,102,41
68,67,24,102,103,42,69
69,68,42,103,104,25,70
70,104,105,69,71,43,25
71,105,70,43,106,107,72
72,26,43,73,108,107,71
73,44,74,72,108,109,26
74,44,73,75,110,109,45
75,74,110,111,46,30,45
76,113,112,111,46,153,77
77,114,113,78,46,47,76
78,77,114,79,115,47,48
79,115,78,48,116,49,80
80,50,81,49,116,79,117
81,50,51,80,117,118,82
82,119,120,51,83,118,81
83,52,84,121,82,51,120
84,83,52,121,85,53,122
85,53,54,84,122,123,86
86,55,87,85,54,124,123
87,88,56,55,86,125,124
88,87,56,126,127,125,89
89,90,57,88,56,127,128
90,91,129,89,57,58,128
91,129,90,59,92,58,130
92,91,59,60,93,131,130
93,131,132,92,60,61,94
94,134,95,61,93,132,133
95,62,96,135,134,61,94
96,62,95,97,63,135,136
97,63,64,98,137,96,136
98,137,138,97,64,99,65
99,100,139,138,98,65,66
100,139,140,141,99,101,66
101,141,100,66,142,67,102
102,68,103,142,143,101,67
103,144,104,102,68,143,69
104,144,103,145,105,70,69
105,145,104,70,71,146,106
106,148,107,146,105,147,71
107,108,149,148,106,72,71
108,149,107,72,73,150,109
109,108,150,151,110,74,73
110,74,75,152,111,151,109
111,46,76,152,110,153,75
112,155,154,76,113,201,153
113,156,155,114,77,76,112
114,115,157,113,77,78,156
115,157,114,79,78,158,116
116,117,159,115,79,158,80
117,159,116,81,80,118,160
118,161,160,119,117,81,82
119,82,120,118,161,162,163
120,119,82,164,163,121,83
121,83,84,165,164,122,120
122,123,166,165,121,85,84
123,167,124,122,166,85,86
124,125,168,167,123,86,87
125,168,124,126,169,87,88
126,171,127,88,125,169,170
127,171,126,88,89,128,172
128,173,172,127,89,90,129
129,91,90,130,174,173,128
130,131,175,174,129,91,92
131,93,132,130,175,176,92
132,131,93,94,176,133,177
133,178,177,94,134,179,132
134,179,180,95,135,94,133
135,136,181,180,95,134,96
136,181,135,137,182,97,96
137,98,138,136,182,97,183
138,137,98,99,139,183,184
139,100,140,185,184,99,138
140,139,100,187,186,141,185
141,188,187,100,140,101,142
142,188,141,189,101,143,102
143,144,190,189,142,102,103
144,103,104,143,190,145,191
145,104,105,144,192,191,146
146,193,192,145,147,105,106
147,194,193,146,195,148,106
148,106,107,195,147,196,149
149,150,197,108,107,196,148
150,197,149,108,198,151,109
151,199,152,198,150,110,109
152,200,199,151,153,110,111
153,200,152,201,112,76,111
154,255,201,155,112,203,202
155,156,113,154,112,204,203
156,155,113,114,204,205,157
157,115,114,206,158,205,156
158,206,157,207,115,159,116
159,117,116,207,158,208,160
160,118,161,209,208,159,117
161,118,160,209,119,210,162
162,211,210,119,161,212,163
163,213,212,120,164,162,119
164,121,165,120,163,213,214
165,121,164,122,214,215,166
166,216,215,122,123,165,167
167,168,124,123,217,216,166
168,125,124,167,218,217,169
169,125,126,218,168,170,219
170,171,221,219,220,169,126
171,126,127,170,221,222,172
172,128,173,222,223,171,127
173,224,223,128,172,129,174
174,225,175,224,130,129,173
175,225,174,226,130,131,176
176,177,227,226,175,131,132
177,178,133,227,176,228,132
178,177,133,179,230,228,229
179,180,231,134,178,133,230
180,179,231,135,181,134,232
181,136,135,233,232,180,182
182,234,233,136,137,181,183
183,184,235,234,138,137,182
184,185,139,235,183,236,138
185,237,186,184,139,140,236
186,239,238,187,140,237,185
187,141,188,186,140,239,240
188,141,187,241,240,189,142
189,190,143,241,188,142,242
190,143,144,189,191,243,242
191,192,244,243,145,190,144
192,191,244,193,146,145,245
193,192,146,147,194,246,245
194,248,195,147,193,246,247
195,248,194,147,148,196,249
196,250,249,197,195,148,149
197,150,149,250,196,198,251
198,251,197,252,151,199,150
199,152,200,253,252,151,198
200,152,199,253,153,254,201
201,154,255,254,153,200,112
202,311,256,154,203,257,255
203,258,204,154,202,155,257
204,258,203,155,259,205,156
205,206,157,260,259,204,156
206,157,158,207,261,205,260
207,206,158,261,262,159,208
208,209,160,207,159,262,263
209,210,264,208,160,161,263
210,264,209,162,211,161,265
211,162,210,265,212,267,266
212,213,163,211,162,267,268
213,212,163,164,214,269,268
214,165,164,215,213,269,270
215,216,166,214,165,270,271
216,215,166,272,217,271,167
217,272,216,273,218,168,167
218,273,274,217,168,219,169
219,274,218,170,220,169
220,275,384,219,170,274,221
221,170,171,222,275,220
222,172,223,171,221,276,275
223,173,224,222,172,276,277
224,173,223,277,278,225,174
225,174,175,226,279,278,224
226,225,279,280,227,175,176
227,177,176,280,226,228,281
228,177,178,229,282,227,281
229,230,284,283,228,282,178
230,284,285,231,229,178,179
231,179,180,232,286,230,285
232,233,181,231,286,180,287
233,182,234,232,181,288,287
234,182,233,235,289,288,183
235,289,234,184,183,290,236
236,290,235,291,184,185,237
237,185,186,238,292,291,236
238,239,186,237,292,293,294
239,238,186,240,295,187,294
240,241,296,188,295,239,187
241,296,240,188,189,297,242
242,297,241,190,189,298,243
243,244,191,299,298,190,242
244,191,192,243,299,300,245
245,192,244,301,300,246,193
246,301,245,193,194,302,247
247,303,302,246,194,248
248,303,304,194,195,247,249
249,250,196,304,248,195,305
250,249,196,197,251,306,305
251,252,307,198,197,250,306
252,307,251,253,199,198,308
253,252,199,309,254,200,308
254,255,201,309,253,310,200
255,154,201,254,310,311,202
256,257,355,311,202
257,397,355,256,258,260,202,203
258,260,257,203,204,259
259,205,260,258,204
260,381,397,265,258,257,205,259,206,261,262,264
261,206,207,262,260
262,261,207,263,264,208,260
263,262,264,208,209
264,210,209,262,263,260,265
265,381,260,266,264,210,211
266,265,381,312,267,211,356
267,312,266,211,212,313,268
268,269,314,313,267,213,212
269,268,314,315,213,214,270
270,316,315,269,214,271,215
271,317,316,270,272,216,215
272,216,217,273,271,317,318
273,318,274,272,217,218
274,318,273,218,383,219,398,220,384
275,384,220,221,222,276,319
276,222,223,275,319,277
277,319,320,224,278,223,276
278,320,321,277,224,225,279
279,225,226,321,278,280,322
280,226,227,323,322,279,281
281,324,282,280,227,228,323
282,228,229,283,325,324,281
283,229,284,327,326,282,325
284,230,285,328,229,283,327
285,284,230,328,231,286,329
286,231,232,329,330,285,287
287,331,288,330,233,232,286
288,331,287,289,234,233,332
289,333,290,235,234,332,288
290,334,291,333,289,235,236
291,334,290,292,335,237,236
292,336,293,291,335,238,237
293,336,292,238,338,294,337
294,339,338,295,293,238,239
295,240,239,339,340,296,294
296,340,341,241,240,295,297
297,342,341,296,241,242,298
298,343,299,243,242,297,342
299,343,298,243,244,300,344
300,344,299,244,245,301,345
301,345,346,245,300,246,302
302,303,347,247,346,301,246
303,248,304,302,347,247
304,303,248,305,348,249,347
305,304,348,249,250,306,349
306,350,349,307,250,251,305
307,351,350,306,252,251,308
308,352,351,307,309,253,252
309,310,353,253,254,352,308
310,354,353,309,311,254,255
311,354,355,256,202,310,255
312,266,267,356,313
313,314,357,267,268,312,356
314,268,269,358,315,313,357
315,316,270,358,314,269,359
316,315,270,317,271,359,360
317,316,271,318,360,272
318,273,274,360,383,317,272
319,361,384,277,320,276,275
320,319,277,278,321,361
321,320,278,361,279,322,362
322,323,280,279,321,362,363
323,322,280,324,281,364,363
324,325,365,282,281,323,364
325,366,326,282,283,324,365
326,366,325,328,367,283,327,387
327,284,328,283,326
328,284,285,329,367,327,326
329,286,330,328,367,331,285
330,329,286,287,331
331,287,288,330,332,367,329
332,333,367,289,288,331
333,290,334,289,367,332
334,290,291,333,367,335
335,291,292,367,336,334
336,292,293,367,335,337
337,388,367,368,338,293,336
338,368,337,369,339,294,293
339,338,294,340,370,295,369
340,296,341,371,370,339,295
341,340,296,342,297,371,372
342,341,297,372,373,298,343
343,298,299,374,373,342,344
344,300,299,343,374,345
345,346,374,301,344,300
346,374,345,408,301,347,302
347,375,394,348,302,303,346,304
348,375,347,304,305,349
349,350,375,306,348,305
350,375,349,306,351,307,376
351,377,376,350,307,308,352
352,308,351,353,378,309,377
353,354,310,309,379,352,378
354,353,310,379,311,355,380
355,257,397,380,256,354,311
356,312,266,313,357,381
357,313,314,356,381,382,358
358,314,315,383,382,357,359
359,383,358,315,316,360
360,318,383,317,359,316
361,319,384,321,320,362
362,363,384,322,321,361
363,362,384,323,364,385,322
364,324,365,323,363,386,385
365,366,387,386,324,325,364
366,325,326,365,387
367,388,337,335,336,333,334,401,332,331,328,329,326,387
368,337,338,369,389,388
369,390,389,368,338,370,339
370,371,391,340,339,390,369
371,370,391,340,341,392,372
372,393,392,342,341,373,371
373,393,374,372,342,343
374,346,345,393,373,408,404,343,344
375,350,349,347,394,348,376
376,351,377,375,350,394
377,351,376,394,378,395,352
378,379,396,395,377,352,353
379,397,396,353,354,378,380
380,397,355,379,354
381,260,397,265,266,356,357,382,398
382,383,358,398,357,381
383,360,318,382,358,398,274,359
384,319,361,275,220,274,362,363,385,399
385,363,384,399,364,386
386,365,387,364,385,400,399
387,365,366,326,367,386,400
388,367,337,389,401,368
389,402,401,390,388,369,368
390,402,389,403,369,370,391
391,370,371,392,404,403,390
392,393,372,391,404,371
393,373,374,392,372,404
394,347,375,377,376,405,395
395,378,377,405,396,394
396,379,397,406,378,405,395
397,260,381,379,396,406,257,355,380
398,382,383,381,274
399,385,384,386,400
400,386,387,399
401,389,402,407,388,367
402,389,401,403,407,390
403,402,407,408,404,390,391
404,391,392,408,374,403,393
405,395,396,394,406
406,397,396,405
407,402,403,401,408
408,374,346,403,407,404
1,6,18,2,8,27,7
2,8,9,1,27,10,3
3,11,10,12,4,2,27
4,5,27,12,3,13,14
5,27,6,4,14,15,16
6,1,18,5,27,17,16
7,26,18,45,8,44,1
8,2,9,28,1,45,7
9,8,2,28,10,29,33,32
10,3,11,2,9,29
11,3,10,12,29,35,19,36
12,3,11,4,20,19,13
13,38,21,12,20,4,14
14,15,22,5,13,4,21
15,22,14,16,23,5,40
16,24,23,15,17,6,5
17,24,16,6,42,18,25
18,6,1,7,26,25,17
19,20,37,12,36,11,55
20,37,19,57,12,13,58,38
21,38,13,39,59,22,14
22,15,14,63,62,21,39,40
23,41,24,16,15,64,40
24,67,68,41,23,42,16,17
25,18,26,17,69,42,70,43
26,72,43,7,18,25,44,73
27,5,6,4,2,1,3
28,32,31,9,8,30,45
29,35,34,10,11,33,9
30,31,47,28,46,75,45
31,28,32,48,47,30
32,28,31,33,49,48,9
33,49,32,29,9,34,50
34,35,29,33,52,51,50
35,34,29,53,36,11,52
36,53,35,19,11,55,54
37,20,19,55,56,57
38,13,21,59,58,20
39,21,59,61,62,60,22
40,64,63,15,23,22
41,23,24,64,65,66,67
42,68,24,17,69,25
43,26,72,71,70,25
44,74,73,26,7,45
45,7,8,28,30,75,74,44
46,47,77,111,76,75,30
47,31,48,46,77,78,30
48,31,32,47,78,79,49
49,33,32,50,79,48,80
50,81,51,34,33,49,80
51,81,50,82,83,34,52
52,83,84,34,35,53,51
53,35,36,52,54,85,84
54,53,36,85,55,86
55,37,56,87,19,36,86,54
56,55,37,88,87,89,57
57,37,20,90,89,56,58
58,90,91,57,20,38,59
59,21,39,91,92,38,60,58
60,39,61,92,59,93
61,39,62,60,95,94,93
62,96,95,22,63,61,39
63,40,64,97,22,62,96
64,40,63,97,41,65,98,23
65,64,41,99,98,66
66,101,100,99,65,67,41
67,24,68,101,66,102,41
68,67,24,102,103,42,69
69,68,42,103,104,25,70
70,104,105,69,71,43,25
71,105,70,43,106,107,72
72,26,43,73,108,107,71
73,44,74,72,108,109,26
74,44,73,75,110,109,45
75,74,110,111,46,30,45
76,113,112,111,46,153,77
77,114,113,78,46,47,76
78,77,114,79,115,47,48
79,115,78,48,116,49,80
80,50,81,49,116,79,117
81,50,51,80,117,118,82
82,119,120,51,83,118,81
83,52,84,121,82,51,120
84,83,52,121,85,53,122
85,53,54,84,122,123,86
86,55,87,85,54,124,123
87,88,56,55,86,125,124
88,87,56,126,127,125,89
89,90,57,88,56,127,128
90,91,129,89,57,58,128
91,129,90,59,92,58,130
92,91,59,60,93,131,130
93,131,132,92,60,61,94
94,134,95,61,93,132,133
95,62,96,135,134,61,94
96,62,95,97,63,135,136
97,63,64,98,137,96,136
98,137,138,97,64,99,65
99,100,139,138,98,65,66
100,139,140,141,99,101,66
101,141,100,66,142,67,102
102,68,103,142,143,101,67
103,144,104,102,68,143,69
104,144,103,145,105,70,69
105,145,104,70,71,146,106
106,148,107,146,105,147,71
107,108,149,148,106,72,71
108,149,107,72,73,150,109
109,108,150,151,110,74,73
110,74,75,152,111,151,109
111,46,76,152,110,153,75
112,155,154,76,113,201,153
113,156,155,114,77,76,112
114,115,157,113,77,78,156
115,157,114,79,78,158,116
116,117,159,115,79,158,80
117,159,116,81,80,118,160
118,161,160,119,117,81,82
119,82,120,118,161,162,163
120,119,82,164,163,121,83
121,83,84,165,164,122,120
122,123,166,165,121,85,84
123,167,124,122,166,85,86
124,125,168,167,123,86,87
125,168,124,126,169,87,88
126,171,127,88,125,169,170
127,171,126,88,89,128,172
128,173,172,127,89,90,129
129,91,90,130,174,173,128
130,131,175,174,129,91,92
131,93,132,130,175,176,92
132,131,93,94,176,133,177
133,178,177,94,134,179,132
134,179,180,95,135,94,133
135,136,181,180,95,134,96
136,181,135,137,182,97,96
137,98,138,136,182,97,183
138,137,98,99,139,183,184
139,100,140,185,184,99,138
140,139,100,187,186,141,185
141,188,187,100,140,101,142
142,188,141,189,101,143,102
143,144,190,189,142,102,103
144,103,104,143,190,145,191
145,104,105,144,192,191,146
146,193,192,145,147,105,106
147,194,193,146,195,148,106
148,106,107,195,147,196,149
149,150,197,108,107,196,148
150,197,149,108,198,151,109
151,199,152,198,150,110,109
152,200,199,151,153,110,111
153,200,152,201,112,76,111
154,255,201,155,112,203,202
155,156,113,154,112,204,203
156,155,113,114,204,205,157
157,115,114,206,158,205,156
158,206,157,207,115,159,116
159,117,116,207,158,208,160
160,118,161,209,208,159,117
161,118,160,209,119,210,162
162,211,210,119,161,212,163
163,213,212,120,164,162,119
164,121,165,120,163,213,214
165,121,164,122,214,215,166
166,216,215,122,123,165,167
167,168,124,123,217,216,166
168,125,124,167,218,217,169
169,125,126,218,168,170,219
170,171,221,219,220,169,126
171,126,127,170,221,222,172
172,128,173,222,223,171,127
173,224,223,128,172,129,174
174,225,175,224,130,129,173
175,225,174,226,130,131,176
176,177,227,226,175,131,132
177,178,133,227,176,228,132
178,177,133,179,230,228,229
179,180,231,134,178,133,230
180,179,231,135,181,134,232
181,136,135,233,232,180,182
182,234,233,136,137,181,183
183,184,235,234,138,137,182
184,185,139,235,183,236,138
185,237,186,184,139,140,236
186,239,238,187,140,237,185
187,141,188,186,140,239,240
188,141,187,241,240,189,142
189,190,143,241,188,142,242
190,143,144,189,191,243,242
191,192,244,243,145,190,144
192,191,244,193,146,145,245
193,192,146,147,194,246,245
194,248,195,147,193,246,247
195,248,194,147,148,196,249
196,250,249,197,195,148,149
197,150,149,250,196,198,251
198,251,197,252,151,199,150
199,152,200,253,252,151,198
200,152,199,253,153,254,201
201,154,255,254,153,200,112
202,311,256,154,203,257,255
203,258,204,154,202,155,257
204,258,203,155,259,205,156
205,206,157,260,259,204,156
206,157,158,207,261,205,260
207,206,158,261,262,159,208
208,209,160,207,159,262,263
209,210,264,208,160,161,263
210,264,209,162,211,161,265
211,162,210,265,212,267,266
212,213,163,211,162,267,268
213,212,163,164,214,269,268
214,165,164,215,213,269,270
215,216,166,214,165,270,271
216,215,166,272,217,271,167
217,272,216,273,218,168,167
218,273,274,217,168,219,169
219,274,218,170,220,169
220,275,384,219,170,274,221
221,170,171,222,275,220
222,172,223,171,221,276,275
223,173,224,222,172,276,277
224,173,223,277,278,225,174
225,174,175,226,279,278,224
226,225,279,280,227,175,176
227,177,176,280,226,228,281
228,177,178,229,282,227,281
229,230,284,283,228,282,178
230,284,285,231,229,178,179
231,179,180,232,286,230,285
232,233,181,231,286,180,287
233,182,234,232,181,288,287
234,182,233,235,289,288,183
235,289,234,184,183,290,236
236,290,235,291,184,185,237
237,185,186,238,292,291,236
238,239,186,237,292,293,294
239,238,186,240,295,187,294
240,241,296,188,295,239,187
241,296,240,188,189,297,242
242,297,241,190,189,298,243
243,244,191,299,298,190,242
244,191,192,243,299,300,245
245,192,244,301,300,246,193
246,301,245,193,194,302,247
247,303,302,246,194,248
248,303,304,194,195,247,249
249,250,196,304,248,195,305
250,249,196,197,251,306,305
251,252,307,198,197,250,306
252,307,251,253,199,198,308
253,252,199,309,254,200,308
254,255,201,309,253,310,200
255,154,201,254,310,311,202
256,257,355,311,202
257,397,355,256,258,260,202,203
258,260,257,203,204,259
259,205,260,258,204
260,381,397,265,258,257,205,259,206,261,262,264
261,206,207,262,260
262,261,207,263,264,208,260
263,262,264,208,209
264,210,209,262,263,260,265
265,381,260,266,264,210,211
266,265,381,312,267,211,356
267,312,266,211,212,313,268
268,269,314,313,267,213,212
269,268,314,315,213,214,270
270,316,315,269,214,271,215
271,317,316,270,272,216,215
272,216,217,273,271,317,318
273,318,274,272,217,218
274,318,273,218,383,219,398,220,384
275,384,220,221,222,276,319
276,222,223,275,319,277
277,319,320,224,278,223,276
278,320,321,277,224,225,279
279,225,226,321,278,280,322
280,226,227,323,322,279,281
281,324,282,280,227,228,323
282,228,229,283,325,324,281
283,229,284,327,326,282,325
284,230,285,328,229,283,327
285,284,230,328,231,286,329
286,231,232,329,330,285,287
287,331,288,330,233,232,286
288,331,287,289,234,233,332
289,333,290,235,234,332,288
290,334,291,333,289,235,236
291,334,290,292,335,237,236
292,336,293,291,335,238,237
293,336,292,238,338,294,337
294,339,338,295,293,238,239
295,240,239,339,340,296,294
296,340,341,241,240,295,297
297,342,341,296,241,242,298
298,343,299,243,242,297,342
299,343,298,243,244,300,344
300,344,299,244,245,301,345
301,345,346,245,300,246,302
302,303,347,247,346,301,246
303,248,304,302,347,247
304,303,248,305,348,249,347
305,304,348,249,250,306,349
306,350,349,307,250,251,305
307,351,350,306,252,251,308
308,352,351,307,309,253,252
309,310,353,253,254,352,308
310,354,353,309,311,254,255
311,354,355,256,202,310,255
312,266,267,356,313
313,314,357,267,268,312,356
314,268,269,358,315,313,357
315,316,270,358,314,269,359
316,315,270,317,271,359,360
317,316,271,318,360,272
318,273,274,360,383,317,272
319,361,384,277,320,276,275
320,319,277,278,321,361
321,320,278,361,279,322,362
322,323,280,279,321,362,363
323,322,280,324,281,364,363
324,325,365,282,281,323,364
325,366,326,282,283,324,365
326,366,325,328,367,283,327,387
327,284,328,283,326
328,284,285,329,367,327,326
329,286,330,328,367,331,285
330,329,286,287,331
331,287,288,330,332,367,329
332,333,367,289,288,331
333,290,334,289,367,332
334,290,291,333,367,335
335,291,292,367,336,334
336,292,293,367,335,337
337,388,367,368,338,293,336
338,368,337,369,339,294,293
339,338,294,340,370,295,369
340,296,341,371,370,339,295
341,340,296,342,297,371,372
342,341,297,372,373,298,343
343,298,299,374,373,342,344
344,300,299,343,374,345
345,346,374,301,344,300
346,374,345,408,301,347,302
347,375,394,348,302,303,346,304
348,375,347,304,305,349
349,350,375,306,348,305
350,375,349,306,351,307,376
351,377,376,350,307,308,352
352,308,351,353,378,309,377
353,354,310,309,379,352,378
354,353,310,379,311,355,380
355,257,397,380,256,354,311
356,312,266,313,357,381
357,313,314,356,381,382,358
358,314,315,383,382,357,359
359,383,358,315,316,360
360,318,383,317,359,316
361,319,384,321,320,362
362,363,384,322,321,361
363,362,384,323,364,385,322
364,324,365,323,363,386,385
365,366,387,386,324,325,364
366,325,326,365,387
367,388,337,335,336,333,334,401,332,331,328,329,326,387
368,337,338,369,389,388
369,390,389,368,338,370,339
370,371,391,340,339,390,369
371,370,391,340,341,392,372
372,393,392,342,341,373,371
373,393,374,372,342,343
374,346,345,393,373,408,404,343,344
375,350,349,347,394,348,376
376,351,377,375,350,394
377,351,376,394,378,395,352
378,379,396,395,377,352,353
379,397,396,353,354,378,380
380,397,355,379,354
381,260,397,265,266,356,357,382,398
382,383,358,398,357,381
383,360,318,382,358,398,274,359
384,319,361,275,220,274,362,363,385,399
385,363,384,399,364,386
386,365,387,364,385,400,399
387,365,366,326,367,386,400
388,367,337,389,401,368
389,402,401,390,388,369,368
390,402,389,403,369,370,391
391,370,371,392,404,403,390
392,393,372,391,404,371
393,373,374,392,372,404
394,347,375,377,376,405,395
395,378,377,405,396,394
396,379,397,406,378,405,395
397,260,381,379,396,406,257,355,380
398,382,383,381,274
399,385,384,386,400
400,386,387,399
401,389,402,407,388,367
402,389,401,403,407,390
403,402,407,408,404,390,391
404,391,392,408,374,403,393
405,395,396,394,406
406,397,396,405
407,402,403,401,408
408,374,346,403,407,404
1,6,18,2,8,27,7
2,8,9,1,27,10,3
3,11,10,12,4,2,27
4,5,27,12,3,13,14
5,27,6,4,14,15,16
6,1,18,5,27,17,16
7,26,18,45,8,44,1
8,2,9,28,1,45,7
9,8,2,28,10,29,33,32
10,3,11,2,9,29
11,3,10,12,29,35,19,36
12,3,11,4,20,19,13
13,38,21,12,20,4,14
14,15,22,5,13,4,21
15,22,14,16,23,5,40
16,24,23,15,17,6,5
17,24,16,6,42,18,25
18,6,1,7,26,25,17
19,20,37,12,36,11,55
20,37,19,57,12,13,58,38
21,38,13,39,59,22,14
22,15,14,63,62,21,39,40
23,41,24,16,15,64,40
24,67,68,41,23,42,16,17
25,18,26,17,69,42,70,43
26,72,43,7,18,25,44,73
27,5,6,4,2,1,3
28,32,31,9,8,30,45
29,35,34,10,11,33,9
30,31,47,28,46,75,45
31,28,32,48,47,30
32,28,31,33,49,48,9
33,49,32,29,9,34,50
34,35,29,33,52,51,50
35,34,29,53,36,11,52
36,53,35,19,11,55,54
37,20,19,55,56,57
38,13,21,59,58,20
39,21,59,61,62,60,22
40,64,63,15,23,22
41,23,24,64,65,66,67
42,68,24,17,69,25
43,26,72,71,70,25
44,74,73,26,7,45
45,7,8,28,30,75,74,44
46,47,77,111,76,75,30
47,31,48,46,77,78,30
48,31,32,47,78,79,49
49,33,32,50,79,48,80
50,81,51,34,33,49,80
51,81,50,82,83,34,52
52,83,84,34,35,53,51
53,35,36,52,54,85,84
54,53,36,85,55,86
55,37,56,87,19,36,86,54
56,55,37,88,87,89,57
57,37,20,90,89,56,58
58,90,91,57,20,38,59
59,21,39,91,92,38,60,58
60,39,61,92,59,93
61,39,62,60,95,94,93
62,96,95,22,63,61,39
63,40,64,97,22,62,96
64,40,63,97,41,65,98,23
65,64,41,99,98,66
66,101,100,99,65,67,41
67,24,68,101,66,102,41
68,67,24,102,103,42,69
69,68,42,103,104,25,70
70,104,105,69,71,43,25
71,105,70,43,106,107,72
72,26,43,73,108,107,71
73,44,74,72,108,109,26
74,44,73,75,110,109,45
75,74,110,111,46,30,45
76,113,112,111,46,153,77
77,114,113,78,46,47,76
78,77,114,79,115,47,48
79,115,78,48,116,49,80
80,50,81,49,116,79,117
81,50,51,80,117,118,82
82,119,120,51,83,118,81
83,52,84,121,82,51,120
84,83,52,121,85,53,122
85,53,54,84,122,123,86
86,55,87,85,54,124,123
87,88,56,55,86,125,124
88,87,56,126,127,125,89
89,90,57,88,56,127,128
90,91,129,89,57,58,128
91,129,90,59,92,58,130
92,91,59,60,93,131,130
93,131,132,92,60,61,94
94,134,95,61,93,132,133
95,62,96,135,134,61,94
96,62,95,97,63,135,136
97,63,64,98,137,96,136
98,137,138,97,64,99,65
99,100,139,138,98,65,66
100,139,140,141,99,101,66
101,141,100,66,142,67,102
102,68,103,142,143,101,67
103,144,104,102,68,143,69
104,144,103,145,105,70,69
105,145,104,70,71,146,106
106,148,107,146,105,147,71
107,108,149,148,106,72,71
108,149,107,72,73,150,109
109,108,150,151,110,74,73
110,74,75,152,111,151,109
111,46,76,152,110,153,75
112,155,154,76,113,201,153
113,156,155,114,77,76,112
114,115,157,113,77,78,156
115,157,114,79,78,158,116
116,117,159,115,79,158,80
117,159,116,81,80,118,160
118,161,160,119,117,81,82
119,82,120,118,161,162,163
120,119,82,164,163,121,83
121,83,84,165,164,122,120
122,123,166,165,121,85,84
123,167,124,122,166,85,86
124,125,168,167,123,86,87
125,168,124,126,169,87,88
126,171,127,88,125,169,170
127,171,126,88,89,128,172
128,173,172,127,89,90,129
129,91,90,130,174,173,128
130,131,175,174,129,91,92
131,93,132,130,175,176,92
132,131,93,94,176,133,177
133,178,177,94,134,179,132
134,179,180,95,135,94,133
135,136,181,180,95,134,96
136,181,135,137,182,97,96
137,98,138,136,182,97,183
138,137,98,99,139,183,184
139,100,140,185,184,99,138
140,139,100,187,186,141,185
141,188,187,100,140,101,142
142,188,141,189,101,143,102
143,144,190,189,142,102,103
144,103,104,143,190,145,191
145,104,105,144,192,191,146
146,193,192,145,147,105,106
147,194,193,146,195,148,106
148,106,107,195,147,196,149
149,150,197,108,107,196,148
150,197,149,108,198,151,109
151,199,152,198,150,110,109
152,200,199,151,153,110,111
153,200,152,201,112,76,111
154,255,201,155,112,203,202
155,156,113,154,112,204,203
156,155,113,114,204,205,157
157,115,114,206,158,205,156
158,206,157,207,115,159,116
159,117,116,207,158,208,160
160,118,161,209,208,159,117
161,118,160,209,119,210,162
162,211,210,119,161,212,163
163,213,212,120,164,162,119
164,121,165,120,163,213,214
165,121,164,122,214,215,166
166,216,215,122,123,165,167
167,168,124,123,217,216,166
168,125,124,167,218,217,169
169,125,126,218,168,170,219
170,171,221,219,220,169,126
171,126,127,170,221,222,172
172,128,173,222,223,171,127
173,224,223,128,172,129,174
174,225,175,224,130,129,173
175,225,174,226,130,131,176
176,177,227,226,175,131,132
177,178,133,227,176,228,132
178,177,133,179,230,228,229
179,180,231,134,178,133,230
180,179,231,135,181,134,232
181,136,135,233,232,180,182
182,234,233,136,137,181,183
183,184,235,234,138,137,182
184,185,139,235,183,236,138
185,237,186,184,139,140,236
186,239,238,187,140,237,185
187,141,188,186,140,239,240
188,141,187,241,240,189,142
189,190,143,241,188,142,242
190,143,144,189,191,243,242
191,192,244,243,145,190,144
192,191,244,193,146,145,245
193,192,146,147,194,246,245
194,248,195,147,193,246,247
195,248,194,147,148,196,249
196,250,249,197,195,148,149
197,150,149,250,196,198,251
198,251,197,252,151,199,150
199,152,200,253,252,151,198
200,152,199,253,153,254,201
201,154,255,254,153,200,112
202,311,256,154,203,257,255
203,258,204,154,202,155,257
204,258,203,155,259,205,156
205,206,157,260,259,204,156
206,157,158,207,261,205,260
207,206,158,261,262,159,208
208,209,160,207,159,262,263
209,210,264,208,160,161,263
210,264,209,162,211,161,265
211,162,210,265,212,267,266
212,213,163,211,162,267,268
213,212,163,164,214,269,268
214,165,164,215,213,269,270
215,216,166,214,165,270,271
216,215,166,272,217,271,167
217,272,216,273,218,168,167
218,273,274,217,168,219,169
219,274,218,170,220,169
220,275,384,219,170,274,221
221,170,171,222,275,220
222,172,223,171,221,276,275
223,173,224,222,172,276,277
224,173,223,277,278,225,174
225,174,175,226,279,278,224
226,225,279,280,227,175,176
227,177,176,280,226,228,281
228,177,178,229,282,227,281
229,230,284,283,228,282,178
230,284,285,231,229,178,179
231,179,180,232,286,230,285
232,233,181,231,286,180,287
233,182,234,232,181,288,287
234,182,233,235,289,288,183
235,289,234,184,183,290,236
236,290,235,291,184,185,237
237,185,186,238,292,291,236
238,239,186,237,292,293,294
239,238,186,240,295,187,294
240,241,296,188,295,239,187
241,296,240,188,189,297,242
242,297,241,190,189,298,243
243,244,191,299,298,190,242
244,191,192,243,299,300,245
245,192,244,301,300,246,193
246,301,245,193,194,302,247
247,303,302,246,194,248
248,303,304,194,195,247,249
249,250,196,304,248,195,305
250,249,196,197,251,306,305
251,252,307,198,197,250,306
252,307,251,253,199,198,308
253,252,199,309,254,200,308
254,255,201,309,253,310,200
255,154,201,254,310,311,202
256,257,355,311,202
257,397,355,256,258,260,202,203
258,260,257,203,204,259
259,205,260,258,204
260,381,397,265,258,257,205,259,206,261,262,264
261,206,207,262,260
262,261,207,263,264,208,260
263,262,264,208,209
264,210,209,262,263,260,265
265,381,260,266,264,210,211
266,265,381,312,267,211,356
267,312,266,211,212,313,268
268,269,314,313,267,213,212
269,268,314,315,213,214,270
270,316,315,269,214,271,215
271,317,316,270,272,216,215
272,216,217,273,271,317,318
273,318,274,272,217,218
274,318,273,218,383,219,398,220,384
275,384,220,221,222,276,319
276,222,223,275,319,277
277,319,320,224,278,223,276
278,320,321,277,224,225,279
279,225,226,321,278,280,322
280,226,227,323,322,279,281
281,324,282,280,227,228,323
282,228,229,283,325,324,281
283,229,284,327,326,282,325
284,230,285,328,229,283,327
285,284,230,328,231,286,329
286,231,232,329,330,285,287
287,331,288,330,233,232,286
288,331,287,289,234,233,332
289,333,290,235,234,332,288
290,334,291,333,289,235,236
291,334,290,292,335,237,236
292,336,293,291,335,238,237
293,336,292,238,338,294,337
294,339,338,295,293,238,239
295,240,239,339,340,296,294
296,340,341,241,240,295,297
297,342,341,296,241,242,298
298,343,299,243,242,297,342
299,343,298,243,244,300,344
300,344,299,244,245,301,345
301,345,346,245,300,246,302
302,303,347,247,346,301,246
303,248,304,302,347,247
304,303,248,305,348,249,347
305,304,348,249,250,306,349
306,350,349,307,250,251,305
307,351,350,306,252,251,308
308,352,351,307,309,253,252
309,310,353,253,254,352,308
310,354,353,309,311,254,255
311,354,355,256,202,310,255
312,266,267,356,313
313,314,357,267,268,312,356
314,268,269,358,315,313,357
315,316,270,358,314,269,359
316,315,270,317,271,359,360
317,316,271,318,360,272
318,273,274,360,383,317,272
319,361,384,277,320,276,275
320,319,277,278,321,361
321,320,278,361,279,322,362
322,323,280,279,321,362,363
323,322,280,324,281,364,363
324,325,365,282,281,323,364
325,366,326,282,283,324,365
326,366,325,328,367,283,327,387
327,284,328,283,326
328,284,285,329,367,327,326
329,286,330,328,367,331,285
330,329,286,287,331
331,287,288,330,332,367,329
332,333,367,289,288,331
333,290,334,289,367,332
334,290,291,333,367,335
335,291,292,367,336,334
336,292,293,367,335,337
337,388,367,368,338,293,336
338,368,337,369,339,294,293
339,338,294,340,370,295,369
340,296,341,371,370,339,295
341,340,296,342,297,371,372
342,341,297,372,373,298,343
343,298,299,374,373,342,344
344,300,299,343,374,345
345,346,374,301,344,300
346,374,345,408,301,347,302
347,375,394,348,302,303,346,304
348,375,347,304,305,349
349,350,375,306,348,305
350,375,349,306,351,307,376
351,377,376,350,307,308,352
352,308,351,353,378,309,377
353,354,310,309,379,352,378
354,353,310,379,311,355,380
355,257,397,380,256,354,311
356,312,266,313,357,381
357,313,314,356,381,382,358
358,314,315,383,382,357,359
359,383,358,315,316,360
360,318,383,317,359,316
361,319,384,321,320,362
362,363,384,322,321,361
363,362,384,323,364,385,322
364,324,365,323,363,386,385
365,366,387,386,324,325,364
366,325,326,365,387
367,388,337,335,336,333,334,401,332,331,328,329,326,387
368,337,338,369,389,388
369,390,389,368,338,370,339
370,371,391,340,339,390,369
371,370,391,340,341,392,372
372,393,392,342,341,373,371
373,393,374,372,342,343
374,346,345,393,373,408,404,343,344
375,350,349,347,394,348,376
376,351,377,375,350,394
377,351,376,394,378,395,352
378,379,396,395,377,352,353
379,397,396,353,354,378,380
380,397,355,379,354
381,260,397,265,266,356,357,382,398
382,383,358,398,357,381
383,360,318,382,358,398,274,359
384,319,361,275,220,274,362,363,385,399
385,363,384,399,364,386
386,365,387,364,385,400,399
387,365,366,326,367,386,400
388,367,337,389,401,368
389,402,401,390,388,369,368
390,402,389,403,369,370,391
391,370,371,392,404,403,390
392,393,372,391,404,371
393,373,374,392,372,404
394,347,375,377,376,405,395
395,378,377,405,396,394
396,379,397,406,378,405,395
397,260,381,379,396,406,257,355,380
398,382,383,381,274
399,385,384,386,400
400,386,387,399
401,389,402,407,388,367
402,389,401,403,407,390
403,402,407,408,404,390,391
404,391,392,408,374,403,393
405,395,396,394,406
406,397,396,405
407,402,403,401,408
408,374,346,403,407,404
