400,300
846.980344935418,547.526265556737,0,0,0,0,1799
837.408538644684,548.067641971553,0,0,0,0,1800
827.460524447542,547.355448794485,0,0,0,0,1801
816.13391850565,547.89330072287,0,0,0,0,1802
806.022062131961,548.155924009684,0,0,0,0,1803
857.350828832106,547.995329602526,0,0,0,0,1905
852.303554892555,538.967632838482,0,0,0,0,1906
842.681838600613,538.362121421539,0,0,0,0,1907
832.888476102828,538.868808258784,0,0,0,0,1908
822.084681460743,539.100680744211,0,0,0,0,1909
811.755254866026,538.794297320678,0,0,0,0,1910
801.383031676858,539.306975534622,0,0,0,0,1911
867.631222860637,548.009033707032,0,0,0,0,2014
862.214282408367,539.265656036645,0,0,0,0,2015
857.375485714884,530.148097495717,0,0,0,0,2016
847.6567140625,529.728649559953,0,0,0,0,2017
837.510555773428,529.580287057279,0,0,0,0,2018
827.089721163741,530.200605232604,0,0,0,0,2019
816.968840784351,530.17461646773,0,0,0,0,2020
806.097409220559,530.404146145616,0,0,0,0,2021
877.924377524807,547.959980875394,0,0,0,0,2126
872.429175632148,539.252746130106,0,0,0,0,2127
867.038496666875,530.724420363451,0,0,0,0,2128
861.75566593681,521.006750212445,0,0,0,0,2129
851.570152350469,520.925688011897,0,0,0,0,2130
842.020791187972,520.51874542643,0,0,0,0,2131
832.039269568869,520.813693758351,0,0,0,0,2132
821.999686614688,521.446711966322,0,0,0,0,2133
811.7178637152,521.75859016523,0,0,0,0,2134
801.358454522995,521.506781428699,0,0,0,0,2135
888.117720928234,547.467391061768,0,0,0,0,2241
882.583546252463,539.028134844391,0,0,0,0,2242
877.218326172241,530.228840429986,0,0,0,0,2243
871.853605777372,521.774588769547,0,0,0,0,2244
867.406947074082,512.711521461855,0,0,0,0,2245
856.981798677872,512.252821297317,0,0,0,0,2246
847.087987367767,511.612801651539,0,0,0,0,2247
837.042435486519,511.465833427519,0,0,0,0,2248
826.712369052161,512.207662794583,0,0,0,0,2249
816.503829840529,512.765447393387,0,0,0,0,2250
806.591104634065,512.926269264269,0,0,0,0,2251
897.798098335732,547.153691478754,0,0,0,0,2359
892.624752758839,537.947898437373,0,0,0,0,2360
887.435092805282,529.383407763498,0,0,0,0,2361
882.492409310325,520.923519420704,0,0,0,0,2362
877.853009247295,512.221475761933,0,0,0,0,2363
872.180254881329,503.872023150551,0,0,0,0,2364
862.301754503962,503.618511501253,0,0,0,0,2365
852.296279638633,503.025087272452,0,0,0,0,2366
842.013476607259,503.233703732839,0,0,0,0,2367
831.840550223549,502.789196712665,0,0,0,0,2368
821.187029787798,503.551070005631,0,0,0,0,2369
811.193761796134,503.803414901754,0,0,0,0,2370
801.290569313264,503.491544549749,0,0,0,0,2371
908.241620970288,547.098109268095,0,0,0,0,2480
903.011453109934,538.683110681905,0,0,0,0,2481
898.033416715698,529.623800358092,0,0,0,0,2482
893.234678805335,520.804396622104,0,0,0,0,2483
888.659255387763,510.875945921056,0,0,0,0,2484
882.152656798342,502.521562793605,0,0,0,0,2485
877.176426676891,494.122931054477,0,0,0,0,2486
867.537326344354,494.859388347869,0,0,0,0,2487
857.54937199428,494.495610962738,0,0,0,0,2488
846.798732117337,494.212640302405,0,0,0,0,2489
836.937641537254,494.216374785877,0,0,0,0,2490
826.59642866175,494.134335216954,0,0,0,0,2491
816.532026958583,494.544716016822,0,0,0,0,2492
806.335339292475,494.501726675859,0,0,0,0,2493
918.34169975664,547.296847826871,0,0,0,0,2604
913.482293514965,538.41371626905,0,0,0,0,2605
908.1234687648,529.918354234104,0,0,0,0,2606
903.303820702303,521.017152157878,0,0,0,0,2607
898.6809213793,512.140595266227,0,0,0,0,2608
893.750911318036,502.771858202402,0,0,0,0,2609
887.910720788218,494.314677742034,0,0,0,0,2610
882.457340357279,485.74665190071,0,0,0,0,2611
872.183964189505,485.565375539857,0,0,0,0,2612
862.260417887266,485.379415639261,0,0,0,0,2613
852.289404638442,485.745821749503,0,0,0,0,2614
842.174208383317,484.683419138581,0,0,0,0,2615
831.970930943417,485.757860785658,0,0,0,0,2616
821.265500625493,485.663922758339,0,0,0,0,2617
811.310344444223,485.97695279809,0,0,0,0,2618
801.42903122512,485.539041345215,0,0,0,0,2619
928.428988293141,547.232968672995,0,0,0,0,2731
923.571753970457,538.476173214389,0,0,0,0,2732
918.796069173097,529.869240387747,0,0,0,0,2733
913.399581896294,521.677771125349,0,0,0,0,2734
908.745584222649,512.996164974637,0,0,0,0,2735
903.398315431238,503.82110139809,0,0,0,0,2736
898.333845400766,494.11816967755,0,0,0,0,2737
893.529327480023,485.626429306341,0,0,0,0,2738
887.839843863433,477.231114174849,0,0,0,0,2739
877.603172460461,476.490478699656,0,0,0,0,2740
867.576076878133,476.698881649335,0,0,0,0,2741
856.852168813638,476.067096071486,0,0,0,0,2742
846.783067257586,475.864922494239,0,0,0,0,2743
836.756710382112,475.760463703312,0,0,0,0,2744
826.671460846247,477.199188995278,0,0,0,0,2745
815.744884891094,477.182948219244,0,0,0,0,2746
806.358247098556,476.878008477519,0,0,0,0,2747
938.92422027177,547.386744206325,0,0,0,0,2861
933.825568741374,538.646764564907,0,0,0,0,2862
928.61285619331,529.833557386686,0,0,0,0,2863
923.57141205624,521.071861853221,0,0,0,0,2864
919.098802087345,512.361406806692,0,0,0,0,2865
913.636580491058,503.999516588772,0,0,0,0,2866
908.416610169485,495.021060535204,0,0,0,0,2867
903.423562847728,485.844596352319,0,0,0,0,2868
898.14678430227,476.845492757526,0,0,0,0,2869
892.991172357894,468.367620315482,0,0,0,0,2870
883.251247624466,467.525057775622,0,0,0,0,2871
873.282440745147,467.346075267503,0,0,0,0,2872
862.664957758239,467.839264556449,0,0,0,0,2873
851.956856665548,467.139194269986,0,0,0,0,2874
841.877944107009,466.985147194387,0,0,0,0,2875
831.202680422849,467.87171909178,0,0,0,0,2876
821.468226874017,468.690868121992,0,0,0,0,2877
811.703819488769,468.161241566847,0,0,0,0,2878
801.676893106785,468.311327577458,0,0,0,0,2879
948.971150682404,547.025425938063,0,0,0,0,2994
943.892096088524,538.258494139313,0,0,0,0,2995
938.593053971243,529.772006311479,0,0,0,0,2996
933.84882637362,520.92007507452,0,0,0,0,2997
929.157750752666,511.951718988889,0,0,0,0,2998
923.675026950777,503.342062966846,0,0,0,0,2999
918.91102721544,494.490638224894,0,0,0,0,3000
913.413836728157,486.011533733531,0,0,0,0,3001
908.427252908221,476.865794018227,0,0,0,0,3002
902.96906595612,468.121603889358,0,0,0,0,3003
898.042780104637,459.466387394539,0,0,0,0,3004
888.179750737406,458.986940028793,0,0,0,0,3005
877.90627890199,458.941435378579,0,0,0,0,3006
867.633282153484,458.809245281015,0,0,0,0,3007
857.66192339697,458.701041999032,0,0,0,0,3008
846.82908063776,458.18355698901,0,0,0,0,3009
836.863380228671,458.535242316071,0,0,0,0,3010
826.921610625501,458.65683769869,0,0,0,0,3011
816.804243199285,459.17969169581,0,0,0,0,3012
806.565246727924,459.496323982945,0,0,0,0,3013
959.037509492481,547.493880012295,0,0,0,0,3130
953.751063303988,538.304432487438,0,0,0,0,3131
948.695136077731,529.021096692922,0,0,0,0,3132
944.057209846248,520.543541772567,0,0,0,0,3133
939.145793858524,511.746052104057,0,0,0,0,3134
933.80696133661,502.954018855371,0,0,0,0,3135
928.662658555979,494.266848901898,0,0,0,0,3136
923.227157475643,485.43623196748,0,0,0,0,3137
918.375356302058,475.992959440954,0,0,0,0,3138
913.000938250327,467.201133886023,0,0,0,0,3139
908.196165461512,458.623140872146,0,0,0,0,3140
902.875367339975,450.326524173525,0,0,0,0,3141
893.227114157187,450.268577266039,0,0,0,0,3142
882.82383770763,450.059119350432,0,0,0,0,3143
872.791129744243,449.913288826913,0,0,0,0,3144
862.790665877335,449.794937910124,0,0,0,0,3145
852.802856976647,450.41026622805,0,0,0,0,3146
841.262079580362,449.318473705826,0,0,0,0,3147
831.451078445351,449.462321465317,0,0,0,0,3148
821.350532852745,449.577054485036,0,0,0,0,3149
811.244181195899,450.159982909163,0,0,0,0,3150
801.163134916664,450.596874809644,0,0,0,0,3151
969.095428488387,547.918316074478,0,0,0,0,3269
963.802504195213,538.493060495343,0,0,0,0,3270
959.086405341108,528.895981532301,0,0,0,0,3271
954.687316516157,519.88729169324,0,0,0,0,3272
949.070671023706,511.913314743082,0,0,0,0,3273
943.995910864295,502.916437628632,0,0,0,0,3274
938.674128273612,493.146045240573,0,0,0,0,3275
933.490941092177,484.994361926691,0,0,0,0,3276
929.18600403177,476.043104059435,0,0,0,0,3277
923.170136024577,467.200220985644,0,0,0,0,3278
918.664957106715,457.871067898284,0,0,0,0,3279
913.045365285144,449.983444250558,0,0,0,0,3280
907.681618855479,441.472955789872,0,0,0,0,3281
897.60308857166,441.34732881784,0,0,0,0,3282
887.766114421121,440.939367933906,0,0,0,0,3283
877.773731758974,441.083573976992,0,0,0,0,3284
867.369176641569,441.105423266461,0,0,0,0,3285
857.569083368725,441.407967045392,0,0,0,0,3286
847.551346795658,441.447142147391,0,0,0,0,3287
836.775431812896,440.585420168788,0,0,0,0,3288
826.492334067013,440.776753633901,0,0,0,0,3289
815.907290273045,441.019626015641,0,0,0,0,3290
806.292852701034,442.013656208666,0,0,0,0,3291
979.154675654125,548.025729266917,0,0,0,0,3411
973.85951084254,538.433279503021,0,0,0,0,3412
968.878351377793,529.196792270062,0,0,0,0,3413
964.38841724823,520.407900293521,0,0,0,0,3414
959.556469606062,511.643116797968,0,0,0,0,3415
954.119016377137,503.401631642185,0,0,0,0,3416
948.496855961475,493.477348893129,0,0,0,0,3417
944.773655275009,484.57864099375,0,0,0,0,3418
939.319034512259,476.354452363202,0,0,0,0,3419
933.307565175563,467.292448122697,0,0,0,0,3420
928.771883551565,458.648641236227,0,0,0,0,3421
922.96446051316,448.823430227058,0,0,0,0,3422
918.123068545043,440.328657762019,0,0,0,0,3423
913.209209480118,431.829448261556,0,0,0,0,3424
902.954260604847,432.237697696532,0,0,0,0,3425
892.965173197756,432.640526553314,0,0,0,0,3426
882.318194554274,432.052777895407,0,0,0,0,3427
872.181012104781,431.846633046791,0,0,0,0,3428
862.342329074778,432.472690865796,0,0,0,0,3429
852.348730376876,432.208709465085,0,0,0,0,3430
841.944833392679,432.278166018077,0,0,0,0,3431
831.439817109615,432.04600402565,0,0,0,0,3432
820.818414054718,432.280663846486,0,0,0,0,3433
810.907439490763,432.033496688796,0,0,0,0,3434
801.182505422764,433.29989860048,0,0,0,0,3435
989.555151929966,547.440293229983,0,0,0,0,3556
983.873460994427,539.211202455904,0,0,0,0,3557
978.499629301346,529.435001547233,0,0,0,0,3558
974.173926017916,520.195993761729,0,0,0,0,3559
969.607954619908,511.545995264573,0,0,0,0,3560
964.45165219735,502.838407026927,0,0,0,0,3561
958.489270687309,494.249952457447,0,0,0,0,3562
954.130349266414,484.595605498921,0,0,0,0,3563
949.670638451233,475.796859941294,0,0,0,0,3564
943.414169886164,467.107179918744,0,0,0,0,3565
938.854117937857,458.243078410532,0,0,0,0,3566
933.234949835976,449.791809450695,0,0,0,0,3567
928.569785484042,440.718370111207,0,0,0,0,3568
923.252957402488,431.760228990681,0,0,0,0,3569
917.890557547837,422.996513401941,0,0,0,0,3570
907.944343391815,423.235204499746,0,0,0,0,3571
897.740786787113,423.932782914561,0,0,0,0,3572
887.794720585639,423.59740153583,0,0,0,0,3573
877.765624216197,422.95836598095,0,0,0,0,3574
867.606047188048,423.042932770335,0,0,0,0,3575
857.521402188161,423.672162914908,0,0,0,0,3576
846.922497299545,423.60006417743,0,0,0,0,3577
836.646926443841,423.191840575187,0,0,0,0,3578
826.107334587607,423.844572106882,0,0,0,0,3579
816.021498839864,423.371986000156,0,0,0,0,3580
806.057501336319,423.41507211239,0,0,0,0,3581
999.701468358675,546.806766252608,0,0,0,0,3704
994.021652897317,538.674032172622,0,0,0,0,3705
988.591896941507,530.139848797272,0,0,0,0,3706
983.902776185887,521.008958272523,0,0,0,0,3707
979.699915215098,511.736189788352,0,0,0,0,3708
974.476713342653,503.061072228959,0,0,0,0,3709
969.328117069664,493.942574510496,0,0,0,0,3710
964.207104059657,485.78943702702,0,0,0,0,3711
959.402728780322,476.224242948361,0,0,0,0,3712
953.90027923681,466.908833779199,0,0,0,0,3713
949.123150308179,458.390916217784,0,0,0,0,3714
944.113962302343,449.748423544127,0,0,0,0,3715
938.695306040023,441.263680426408,0,0,0,0,3716
933.262354028005,431.925549790493,0,0,0,0,3717
927.850661858247,422.989344117153,0,0,0,0,3718
923.095357484191,414.096613203745,0,0,0,0,3719
913.376828970662,414.578235933229,0,0,0,0,3720
903.219526838329,414.633663240853,0,0,0,0,3721
893.185462995028,414.929647397762,0,0,0,0,3722
883.271106957261,414.596175868071,0,0,0,0,3723
873.282576674351,413.932231386776,0,0,0,0,3724
862.96998503193,414.36864255709,0,0,0,0,3725
852.27297715527,415.09178110269,0,0,0,0,3726
841.971502513717,414.790072352566,0,0,0,0,3727
832.71088385119,414.08806869512,0,0,0,0,3728
822.40181328728,414.483848397472,0,0,0,0,3729
811.266229383467,414.490930930438,0,0,0,0,3730
801.0465359379,414.820933899819,0,0,0,0,3731
1009.97056324543,546.733477208882,0,0,0,0,3855
1004.61007458514,538.076296946411,0,0,0,0,3856
998.759661673471,529.783756609322,0,0,0,0,3857
993.899702452226,520.820366896206,0,0,0,0,3858
989.394738246174,511.915732200671,0,0,0,0,3859
984.401056132843,502.875025087046,0,0,0,0,3860
979.520003693595,494.357518258639,0,0,0,0,3861
974.643080479208,485.449831138178,0,0,0,0,3862
969.457009146205,477.029235957028,0,0,0,0,3863
964.021026364443,467.170758815213,0,0,0,0,3864
959.368099789573,458.423661524296,0,0,0,0,3865
954.187718061341,449.676509273287,0,0,0,0,3866
949.721869892145,440.830379371973,0,0,0,0,3867
944.052005905186,432.372538381942,0,0,0,0,3868
938.622381958379,423.766004014804,0,0,0,0,3869
932.782839127704,414.437812040147,0,0,0,0,3870
927.914404787456,405.371031861672,0,0,0,0,3871
917.957861759456,405.553782029777,0,0,0,0,3872
908.07885065427,405.779037468125,0,0,0,0,3873
898.108850238517,405.821522007491,0,0,0,0,3874
888.132790646958,405.772506992931,0,0,0,0,3875
878.14892411505,405.153372865894,0,0,0,0,3876
868.374382748248,405.430839640685,0,0,0,0,3877
858.03265408152,405.723914342483,0,0,0,0,3878
847.597245667596,406.751677729939,0,0,0,0,3879
837.519518610658,405.717597153578,0,0,0,0,3880
827.124474936908,405.585410686421,0,0,0,0,3881
816.983645449644,405.888336371197,0,0,0,0,3882
806.185648912001,405.183762340984,0,0,0,0,3883
1020.12060484979,546.669770692735,0,0,0,0,4009
1014.58679176335,537.619868520832,0,0,0,0,4010
1009.0306966049,529.08465135958,0,0,0,0,4011
1004.03224704582,520.355906721465,0,0,0,0,4012
999.465647522224,511.618497777275,0,0,0,0,4013
994.473803776082,503.034654877332,0,0,0,0,4014
989.646843968136,494.158920550464,0,0,0,0,4015
984.893189332752,485.752513043159,0,0,0,0,4016
979.986803054748,476.915298366445,0,0,0,0,4017
974.229399337523,468.163859968951,0,0,0,0,4018
969.523349395009,458.135305734697,0,0,0,0,4019
964.705190071456,449.583630299308,0,0,0,0,4020
959.893802996982,440.804769729493,0,0,0,0,4021
953.945441411808,431.837826432964,0,0,0,0,4022
948.592090319032,422.765735450727,0,0,0,0,4023
942.998740198677,414.579036401778,0,0,0,0,4024
937.942364020847,405.837205204622,0,0,0,0,4025
1029.74828072467,546.814345857665,0,0,0,0,4101
1024.62582360566,537.948192454355,0,0,0,0,4102
1019.32154701251,529.316123303181,0,0,0,0,4103
1014.01593383102,520.699043865696,0,0,0,0,4104
1009.38070575797,511.738245402765,0,0,0,0,4105
1004.76971436797,502.772425534336,0,0,0,0,4106
999.681595382564,493.979260603764,0,0,0,0,4107
995.039051619175,485.130552257218,0,0,0,0,4108
989.713428995566,476.642740006826,0,0,0,0,4109
984.296211254548,467.783039037864,0,0,0,0,4110
979.56849853529,458.925550899089,0,0,0,0,4111
974.865571631922,450.173497596324,0,0,0,0,4112
969.319926549965,441.052899177081,0,0,0,0,4113
964.299879063859,431.721553078859,0,0,0,0,4114
958.667035998457,423.105993004365,0,0,0,0,4115
953.074452524028,414.089314277423,0,0,0,0,4116
948.464047159994,405.573758463508,0,0,0,0,4117
1039.7470705969,546.93505026454,0,0,0,0,4193
1034.66051656833,537.985593561042,0,0,0,0,4194
1029.56523986391,529.114672588413,0,0,0,0,4195
1024.47622170013,520.874944342623,0,0,0,0,4196
1019.36307591663,512.282720752665,0,0,0,0,4197
1014.3766968026,502.677809448719,0,0,0,0,4198
1009.84682990324,494.258431191578,0,0,0,0,4199
1005.30629327611,485.520506403589,0,0,0,0,4200
999.894260723259,476.377638191946,0,0,0,0,4201
994.551844507309,467.960884411049,0,0,0,0,4202
990.156915396632,458.993092916437,0,0,0,0,4203
984.859219664689,450.371825389435,0,0,0,0,4204
979.613966265033,441.241650987724,0,0,0,0,4205
974.689772857313,432.388923600739,0,0,0,0,4206
969.226039350369,423.309781587807,0,0,0,0,4207
963.986970671009,414.606090559741,0,0,0,0,4208
958.712380388995,405.997930474337,0,0,0,0,4209
1049.82106856224,546.917969609817,0,0,0,0,4285
1044.94874708533,538.007076360184,0,0,0,0,4286
1039.67671156459,529.296104046562,0,0,0,0,4287
1034.76955976456,520.497691867123,0,0,0,0,4288
1029.61776851592,512.118888604414,0,0,0,0,4289
1024.47467556065,503.391610438139,0,0,0,0,4290
1019.96146859994,494.320861559637,0,0,0,0,4291
1015.29087059999,485.411839393163,0,0,0,0,4292
1009.97906684483,476.670661973024,0,0,0,0,4293
1004.9832679711,468.110201282329,0,0,0,0,4294
1000.03927128682,459.269334252145,0,0,0,0,4295
994.842956776401,450.154518888067,0,0,0,0,4296
989.606094851238,441.630987448657,0,0,0,0,4297
984.554660871987,432.201163504316,0,0,0,0,4298
979.519208212737,423.037645502356,0,0,0,0,4299
974.175729197297,414.721110738842,0,0,0,0,4300
969.504732683815,405.86083550442,0,0,0,0,4301
1060.65496877461,546.534622066696,0,0,0,0,4377
1055.2776740787,538.066571014961,0,0,0,0,4378
1050.06376210409,529.188516829415,0,0,0,0,4379
1044.81585582856,520.436061810138,0,0,0,0,4380
1039.80918308382,511.125354655514,0,0,0,0,4381
1034.8973496784,502.689840483738,0,0,0,0,4382
1030.33537971678,493.690116889152,0,0,0,0,4383
1025.2723072311,485.334080718206,0,0,0,0,4384
1020.17784257704,476.937628503687,0,0,0,0,4385
1015.1812354754,468.334837594596,0,0,0,0,4386
1009.99979346139,459.446534599557,0,0,0,0,4387
1005.14911757052,450.587445188621,0,0,0,0,4388
999.995143841238,441.612361074017,0,0,0,0,4389
994.717844785191,432.930677605229,0,0,0,0,4390
989.761976621616,423.896867635823,0,0,0,0,4391
985.263861264493,414.772931977465,0,0,0,0,4392
979.689893591873,406.022721215019,0,0,0,0,4393
1070.98974385215,547.019423518896,0,0,0,0,4469
1066.16522650732,538.239273271137,0,0,0,0,4470
1060.40717489151,529.387013620364,0,0,0,0,4471
1054.97765898862,520.611046150748,0,0,0,0,4472
1049.86534675174,512.118230848309,0,0,0,0,4473
1045.3820413549,502.955422783386,0,0,0,0,4474
1040.35783542162,494.378483035331,0,0,0,0,4475
1035.58618430687,485.285192575676,0,0,0,0,4476
1030.06282035825,476.894116921751,0,0,0,0,4477
1024.95003228467,468.304450162978,0,0,0,0,4478
1019.97078426981,459.41408252314,0,0,0,0,4479
1014.98116229677,449.872008933268,0,0,0,0,4480
1010.3884167257,441.880580388935,0,0,0,0,4481
1005.28438159866,433.303317702738,0,0,0,0,4482
1000.11543581593,424.611609725867,0,0,0,0,4483
995.115723106071,415.623258371526,0,0,0,0,4484
989.967511245032,405.864430217074,0,0,0,0,4485
1080.69825269535,546.001834185846,0,0,0,0,4560
1075.94497594588,537.048247786026,0,0,0,0,4561
1070.51071293281,528.672962999354,0,0,0,0,4562
1064.97392353037,520.399064050631,0,0,0,0,4563
1059.98154608681,511.88027920458,0,0,0,0,4564
1055.33396612521,503.177405839131,0,0,0,0,4565
1050.66312290217,494.376861516374,0,0,0,0,4566
1045.65637387106,485.679277639159,0,0,0,0,4567
1040.36090713806,476.421400314327,0,0,0,0,4568
1035.21547244939,468.206260970414,0,0,0,0,4569
1030.04381067835,459.555028353992,0,0,0,0,4570
1024.81411228085,450.501141724817,0,0,0,0,4571
1020.51612513322,441.543768406207,0,0,0,0,4572
1015.53020866,433.077739443631,0,0,0,0,4573
1010.18848522947,424.472317706149,0,0,0,0,4574
1005.14014865142,415.66330256996,0,0,0,0,4575
1000.16708748581,406.436410569362,0,0,0,0,4576
1090.99839056689,546.473551719736,0,0,0,0,4649
1086.18987663147,537.592199774406,0,0,0,0,4650
1081.68020221359,529.255804695358,0,0,0,0,4651
1076.30423949971,520.635681474175,0,0,0,0,4652
1070.43043789257,511.930759747559,0,0,0,0,4653
1065.40775790268,503.244084009547,0,0,0,0,4654
1060.61282629386,493.995963072442,0,0,0,0,4655
1055.72001750065,485.296597301105,0,0,0,0,4656
1050.41712334353,476.716212723789,0,0,0,0,4657
1045.51913459148,467.392637318219,0,0,0,0,4658
1040.00389757891,459.090286625951,0,0,0,0,4659
1035.02296965441,450.309164413665,0,0,0,0,4660
1030.68997116914,441.616945009752,0,0,0,0,4661
1026.00135306578,433.113710040231,0,0,0,0,4662
1020.54087574154,424.343907776756,0,0,0,0,4663
1015.22703920263,414.741235990481,0,0,0,0,4664
1010.23256226758,406.021749054545,0,0,0,0,4665
1101.23998923235,546.985667135494,0,0,0,0,4736
1096.54089433651,538.152489823521,0,0,0,0,4737
1091.92578702612,529.597470794332,0,0,0,0,4738
1086.93348690554,520.659949490687,0,0,0,0,4739
1081.0172307639,512.068033930838,0,0,0,0,4740
1075.64819007547,503.354925745267,0,0,0,0,4741
1070.62102081019,494.36115377725,0,0,0,0,4742
1065.64988462357,485.10414056873,0,0,0,0,4743
1060.41431139358,476.088079596383,0,0,0,0,4744
1055.58101553159,467.389552371386,0,0,0,0,4745
1050.94379233796,458.638098013007,0,0,0,0,4746
1045.14691393692,450.595538179055,0,0,0,0,4747
1040.44247347006,441.513009285876,0,0,0,0,4748
1036.41485864184,432.151873833719,0,0,0,0,4749
1030.57009272634,423.39494338002,0,0,0,0,4750
1025.65957154055,414.645703398935,0,0,0,0,4751
1020.62617066668,405.91927214686,0,0,0,0,4752
1111.73086549578,547.874162810419,0,0,0,0,4821
1106.98435743706,538.867300371581,0,0,0,0,4822
1102.31481413207,530.03664605214,0,0,0,0,4823
1097.09781218514,521.191548076947,0,0,0,0,4824
1091.5649948299,511.398093528432,0,0,0,0,4825
1085.80878790992,503.489823899206,0,0,0,0,4826
1080.59403941893,494.630765799007,0,0,0,0,4827
1076.62830924917,485.524874069638,0,0,0,0,4828
1070.41725516986,476.3666683965,0,0,0,0,4829
1065.92881010905,467.649978048476,0,0,0,0,4830
1060.86096631314,459.26317937725,0,0,0,0,4831
1055.88383402798,450.084714912775,0,0,0,0,4832
1050.35962060492,442.110470331528,0,0,0,0,4833
1046.35654021668,432.936724656503,0,0,0,0,4834
1040.87620255003,423.1195907731,0,0,0,0,4835
1035.63457583021,414.184975927242,0,0,0,0,4836
1030.70626126118,405.42962908746,0,0,0,0,4837
1122.23018354905,546.981147502537,0,0,0,0,4904
1117.05018157211,538.461207726122,0,0,0,0,4905
1112.36721091165,529.502766496393,0,0,0,0,4906
1107.14178994915,521.062931732995,0,0,0,0,4907
1101.91104781309,511.809500070692,0,0,0,0,4908
1096.94967464423,503.014901177808,0,0,0,0,4909
1090.66801904219,494.605049961396,0,0,0,0,4910
1086.14252000665,485.278913323271,0,0,0,0,4911
1081.24318210428,476.751597071727,0,0,0,0,4912
1076.12268505745,468.132217074537,0,0,0,0,4913
1070.74851644862,459.330513917148,0,0,0,0,4914
1065.6935572046,450.478453031973,0,0,0,0,4915
1060.18276877151,440.827119521135,0,0,0,0,4916
1056.18763523697,431.904031994413,0,0,0,0,4917
1051.05006693097,423.146925480122,0,0,0,0,4918
1045.2550922108,413.486885806016,0,0,0,0,4919
1040.63099144381,404.46078684616,0,0,0,0,4920
1132.04662659139,547.513179637073,0,0,0,0,4985
1127.66128874388,538.625344221724,0,0,0,0,4986
1123.59106263969,529.488560156434,0,0,0,0,4987
1117.89973633639,521.535604318749,0,0,0,0,4988
1112.16779086896,512.332135118627,0,0,0,0,4989
1107.1230800512,503.469019903719,0,0,0,0,4990
1101.47006541421,494.01202419092,0,0,0,0,4991
1096.04934336675,485.558998962037,0,0,0,0,4992
1091.33123453248,477.025552513239,0,0,0,0,4993
1085.95674362706,468.544419718663,0,0,0,0,4994
1080.47180103151,459.043838259156,0,0,0,0,4995
1075.74625337373,450.497622399952,0,0,0,0,4996
1070.3377879684,441.703759779022,0,0,0,0,4997
1066.3233373713,432.659280160672,0,0,0,0,4998
1061.08854220579,423.062155865445,0,0,0,0,4999
1055.15689270753,413.305854147529,0,0,0,0,5000
1050.61685589758,404.473998124138,0,0,0,0,5001
1141.94167955124,548.061507677879,0,0,0,0,5064
1137.73930637588,539.141802943911,0,0,0,0,5065
1133.43564572774,530.12141947595,0,0,0,0,5066
1128.40130966272,521.402735583703,0,0,0,0,5067
1122.29229902081,512.684150436606,0,0,0,0,5068
1116.75767199701,503.520547165803,0,0,0,0,5069
1111.64440828895,494.750371931361,0,0,0,0,5070
1106.29405396747,485.14440037884,0,0,0,0,5071
1101.53988683388,476.643599548645,0,0,0,0,5072
1096.21171092981,468.124107698975,0,0,0,0,5073
1090.54062418983,459.367144554737,0,0,0,0,5074
1085.55934847373,450.081230678265,0,0,0,0,5075
1080.57021987643,441.78496330195,0,0,0,0,5076
1075.97781073253,432.633443156328,0,0,0,0,5077
1071.20958760145,423.520856664135,0,0,0,0,5078
1065.07770441879,414.025546456662,0,0,0,0,5079
1060.34768883174,404.488618124799,0,0,0,0,5080
1152.03089548933,547.512045333378,0,0,0,0,5141
1147.99340019657,538.169614567102,0,0,0,0,5142
1142.93778468684,529.821994727847,0,0,0,0,5143
1137.93165540068,521.050731743627,0,0,0,0,5144
1132.13608775983,512.110079114748,0,0,0,0,5145
1126.83206561013,503.452119079175,0,0,0,0,5146
1121.94051918102,494.959813046143,0,0,0,0,5147
1116.87237014879,486.139092029604,0,0,0,0,5148
1112.32241522939,476.797924130787,0,0,0,0,5149
1106.97052844066,468.334400443124,0,0,0,0,5150
1100.6381159272,459.074651054879,0,0,0,0,5151
1095.74641596377,449.795177902433,0,0,0,0,5152
1091.18026320869,440.982043157276,0,0,0,0,5153
1086.22755322818,432.718352149098,0,0,0,0,5154
1080.91933626309,423.956322653398,0,0,0,0,5155
1076.41888196797,414.89359712607,0,0,0,0,5156
1070.38980341596,405.289655846601,0,0,0,0,5157
1162.6071697925,547.447420047526,0,0,0,0,5216
1157.91831437487,538.601141094518,0,0,0,0,5217
1152.77972852997,529.550652635398,0,0,0,0,5218
1147.68667985008,520.803864890863,0,0,0,0,5219
1142.31405604708,511.957758058556,0,0,0,0,5220
1137.0590225082,503.325092748154,0,0,0,0,5221
1132.06078349152,494.708994380533,0,0,0,0,5222
1127.35916116294,486.020068326209,0,0,0,0,5223
1122.25092690476,477.485735889952,0,0,0,0,5224
1117.11098742393,467.473719318041,0,0,0,0,5225
1111.31618778868,459.390821038366,0,0,0,0,5226
1106.28439984819,450.670411975904,0,0,0,0,5227
1101.43691616496,441.579505342602,0,0,0,0,5228
1096.37574069268,432.446278206812,0,0,0,0,5229
1091.02617406616,423.72096229495,0,0,0,0,5230
1086.42234322869,415.020825196014,0,0,0,0,5231
1080.22535324219,405.720515535781,0,0,0,0,5232
1172.86273273965,547.00138538817,0,0,0,0,5289
1167.61836814356,538.715601960555,0,0,0,0,5290
1162.63802439152,529.565850334243,0,0,0,0,5291
1157.39078576311,520.567620467516,0,0,0,0,5292
1152.76932284106,511.697968552077,0,0,0,0,5293
1147.90771165272,502.794595369336,0,0,0,0,5294
1142.82075054247,494.537593810926,0,0,0,0,5295
1137.99845622229,486.029893688894,0,0,0,0,5296
1132.62349791598,477.648546694965,0,0,0,0,5297
1127.12348021896,468.725336576055,0,0,0,0,5298
1122.32329812463,458.852956943771,0,0,0,0,5299
1116.6836969059,450.63771977351,0,0,0,0,5300
1111.50329056672,441.971721045749,0,0,0,0,5301
1106.44730112297,432.668533135316,0,0,0,0,5302
1101.64081765288,422.482939120076,0,0,0,0,5303
1096.74379491564,413.800655362468,0,0,0,0,5304
1090.3660919448,405.730297716229,0,0,0,0,5305
1183.1227733474,547.086632572437,0,0,0,0,5360
1177.89520456264,538.474703393312,0,0,0,0,5361
1172.5772673413,530.186984277712,0,0,0,0,5362
1167.3338395908,520.917396016865,0,0,0,0,5363
1162.9079293072,511.79621727547,0,0,0,0,5364
1157.80162406405,503.273321024793,0,0,0,0,5365
1153.3287093719,494.541454508399,0,0,0,0,5366
1147.75334385072,485.894105431083,0,0,0,0,5367
1142.63440967557,476.946480221044,0,0,0,0,5368
1137.19695634736,468.621387334399,0,0,0,0,5369
1132.30467864949,458.80215204945,0,0,0,0,5370
1127.55549677746,450.06966547008,0,0,0,0,5371
1121.67928192216,441.889585280968,0,0,0,0,5372
1116.82461214623,432.626994861201,0,0,0,0,5373
1111.30312444029,423.803488256674,0,0,0,0,5374
1107.30415234766,414.295957747912,0,0,0,0,5375
1102.21531664679,405.686735712815,0,0,0,0,5376
1192.91193714886,546.753191084629,0,0,0,0,5429
1188.09885571686,538.345983157591,0,0,0,0,5430
1182.99057527108,529.987391833257,0,0,0,0,5431
1177.61985675678,521.541813648551,0,0,0,0,5432
1172.95582902029,512.521088374368,0,0,0,0,5433
1168.15873607869,503.76946928846,0,0,0,0,5434
1163.11312253694,494.906263022822,0,0,0,0,5435
1157.39928591905,485.227091834477,0,0,0,0,5436
1152.70338315995,476.62789000615,0,0,0,0,5437
1147.56066200499,467.64026601425,0,0,0,0,5438
1142.25004333073,458.60477258386,0,0,0,0,5439
1137.50077035855,449.477925224831,0,0,0,0,5440
1131.85037269512,441.130240635253,0,0,0,0,5441
1126.66973516063,432.348137657393,0,0,0,0,5442
1121.37131371318,423.461009761727,0,0,0,0,5443
1117.39516677463,414.133438309029,0,0,0,0,5444
1112.28323793004,405.591614637508,0,0,0,0,5445
1198.00448446939,538.425604340187,0,0,0,0,5497
1193.25263863463,529.589835420249,0,0,0,0,5498
1187.72294917266,521.094115496047,0,0,0,0,5499
1183.13537792238,512.18887720755,0,0,0,0,5500
1177.98599290723,503.549135294427,0,0,0,0,5501
1173.18284527093,494.612305857695,0,0,0,0,5502
1167.73779333081,485.815958529683,0,0,0,0,5503
1162.54335042247,476.852092349065,0,0,0,0,5504
1157.62179367477,467.130995675601,0,0,0,0,5505
1152.46972615589,458.351678341864,0,0,0,0,5506
1147.38106927973,449.603325856804,0,0,0,0,5507
1142.47573362915,440.214130022629,0,0,0,0,5508
1136.74118340661,432.120855931788,0,0,0,0,5509
1131.44068935031,423.272235794504,0,0,0,0,5510
1127.06103149801,413.902194175751,0,0,0,0,5511
1122.27814845172,405.674729265453,0,0,0,0,5512
1198.13368262966,520.905705296518,0,0,0,0,5564
1193.32167043513,511.547422685253,0,0,0,0,5565
1188.11772893449,503.37640942346,0,0,0,0,5566
1183.42149035752,494.463998415069,0,0,0,0,5567
1177.99358621196,485.359571055145,0,0,0,0,5568
1172.41315373921,476.620808973127,0,0,0,0,5569
1167.74146454205,466.919527981754,0,0,0,0,5570
1162.66093994729,458.118550695929,0,0,0,0,5571
1157.45442200813,449.488036813229,0,0,0,0,5572
1152.49299957278,440.401091449834,0,0,0,0,5573
1147.42143624764,431.26683681013,0,0,0,0,5574
1141.4604009117,422.747767429839,0,0,0,0,5575
1136.9988208847,413.784570176336,0,0,0,0,5576
1132.21539376523,404.724204033338,0,0,0,0,5577
1198.68888266531,503.342784235855,0,0,0,0,5629
1193.29031468379,494.384290069532,0,0,0,0,5630
1188.36849408492,485.601468887808,0,0,0,0,5631
1183.11541234444,477.058684655513,0,0,0,0,5632
1177.82466499278,468.160838487849,0,0,0,0,5633
1173.0378747704,458.423878362176,0,0,0,0,5634
1167.7782220022,449.565799872581,0,0,0,0,5635
1162.50005783644,440.688914102127,0,0,0,0,5636
1157.71182503078,431.079729934288,0,0,0,0,5637
1152.33172964284,423.001912185571,0,0,0,0,5638
1147.04343650323,414.291437890807,0,0,0,0,5639
1142.09766978446,404.713856456558,0,0,0,0,5640
1198.19883972133,485.779383395777,0,0,0,0,5692
1193.28762168138,476.837098575131,0,0,0,0,5693
1187.87177501641,468.211429177144,0,0,0,0,5694
1182.83388097003,459.104084672502,0,0,0,0,5695
1177.68836122688,449.447837552711,0,0,0,0,5696
1172.54543761015,440.580336832382,0,0,0,0,5697
1167.4380689231,432.162439505139,0,0,0,0,5698
1162.88275403977,422.52373790984,0,0,0,0,5699
1157.11611119125,414.127269125025,0,0,0,0,5700
1152.08907454304,405.414278842316,0,0,0,0,5701
1198.20735807891,468.046084951375,0,0,0,0,5753
1192.69158295906,459.365855054082,0,0,0,0,5754
1187.67728212631,450.831538551543,0,0,0,0,5755
1183.5169304926,441.548784213293,0,0,0,0,5756
1177.91659532448,432.316124832625,0,0,0,0,5757
1173.06739740113,423.660258213492,0,0,0,0,5758
1167.48099731846,413.681005694056,0,0,0,0,5759
1162.27152967346,405.059773912976,0,0,0,0,5760
1197.64354398557,450.530558395469,0,0,0,0,5812
1193.30452371509,441.54779457634,0,0,0,0,5813
1187.55081433285,432.0418226804,0,0,0,0,5814
1182.9445129288,423.065466430789,0,0,0,0,5815
1177.35824879846,414.002727205011,0,0,0,0,5816
1172.42038579346,405.115063837378,0,0,0,0,5817
1197.54980428702,432.369217397041,0,0,0,0,5869
1193.05121175752,423.016783529455,0,0,0,0,5870
1187.40873820618,413.936674541675,0,0,0,0,5871
1182.36500073594,405.605349355159,0,0,0,0,5872
1197.38621632427,413.658243689776,0,0,0,0,5924
1192.25352612248,404.469663246915,0,0,0,0,5925
932.721580658862,396.75303872019,0,0,0,0,13983
922.800927366961,396.716755483518,0,0,0,0,13984
912.805354567532,397.24621319373,0,0,0,0,13985
903.088640910471,396.577310047382,0,0,0,0,13986
893.041189459256,396.79668621332,0,0,0,0,13987
882.79594713144,396.010993715631,0,0,0,0,13988
872.817020400916,396.458345420948,0,0,0,0,13989
862.955401936675,396.802332741759,0,0,0,0,13990
853.193500348016,396.481456838315,0,0,0,0,13991
843.283844014362,397.455740256093,0,0,0,0,13992
832.848157829142,396.762580333627,0,0,0,0,13993
822.703744540609,396.619869826299,0,0,0,0,13994
811.286952811386,396.844131259276,0,0,0,0,13995
801.196333911951,396.693246313173,0,0,0,0,13996
943.22741461514,397.599181779218,0,0,0,0,14123
938.398666033988,388.632354058883,0,0,0,0,14124
928.118228045237,387.753526051269,0,0,0,0,14125
917.382027063345,387.932706305424,0,0,0,0,14126
907.51712738279,387.43032501188,0,0,0,0,14127
897.807186856068,387.84400674386,0,0,0,0,14128
887.685305728145,387.229001871414,0,0,0,0,14129
877.521098289068,387.005101274746,0,0,0,0,14130
867.734955721356,387.773072089401,0,0,0,0,14131
857.770805024662,387.582209153148,0,0,0,0,14132
847.435277080783,388.308250291061,0,0,0,0,14133
837.486883956042,387.820100438546,0,0,0,0,14134
827.240502131233,387.63053006247,0,0,0,0,14135
816.63642778565,388.581830973961,0,0,0,0,14136
806.616136495161,387.60406267636,0,0,0,0,14137
954.134835877404,397.241518128648,0,0,0,0,14262
948.505434681578,389.19674591784,0,0,0,0,14263
943.747232590839,380.141036662925,0,0,0,0,14264
933.741698954671,379.059816352611,0,0,0,0,14265
923.855007920048,378.656542446627,0,0,0,0,14266
913.491203613857,378.640385839618,0,0,0,0,14267
903.445667261042,377.730343257832,0,0,0,0,14268
893.368427431471,378.792049383469,0,0,0,0,14269
883.030211490863,378.531457950323,0,0,0,0,14270
873.17342101914,378.323757944055,0,0,0,0,14271
863.079640951873,378.718471812232,0,0,0,0,14272
851.952390369592,379.284348818438,0,0,0,0,14273
841.988673477858,378.101762238837,0,0,0,0,14274
831.44397683661,378.554338987214,0,0,0,0,14275
821.537223226483,379.556361542986,0,0,0,0,14276
811.642640955347,379.208996861035,0,0,0,0,14277
801.102282264587,379.465525570315,0,0,0,0,14278
964.349048957062,397.608950220119,0,0,0,0,14400
958.730651104613,388.952041783817,0,0,0,0,14401
953.807354096134,380.545816340155,0,0,0,0,14402
948.905720589944,370.913593879261,0,0,0,0,14403
939.274134720174,370.640916112384,0,0,0,0,14404
928.643819051996,369.772564255865,0,0,0,0,14405
918.805804340812,369.939486088774,0,0,0,0,14406
908.767162060932,369.644953095519,0,0,0,0,14407
898.352314042127,369.131120894723,0,0,0,0,14408
888.148379213176,369.854471957446,0,0,0,0,14409
877.325909578483,369.403846310123,0,0,0,0,14410
867.307931593992,369.574769881391,0,0,0,0,14411
857.219767047886,370.51087847361,0,0,0,0,14412
847.339250033413,369.733024599216,0,0,0,0,14413
836.465224076382,369.785335371,0,0,0,0,14414
826.595236102459,370.220003038048,0,0,0,0,14415
816.373815131756,370.289208971054,0,0,0,0,14416
806.303447623704,370.560179462247,0,0,0,0,14417
974.639623381899,397.193735396942,0,0,0,0,14537
968.745526601861,388.284163788388,0,0,0,0,14538
963.661468948991,379.081422737577,0,0,0,0,14539
958.880653684304,370.657373813754,0,0,0,0,14540
954.060675568361,362.072671361084,0,0,0,0,14541
944.182162349557,361.511299756546,0,0,0,0,14542
934.137525690278,361.207623522026,0,0,0,0,14543
923.661187900971,360.958910326166,0,0,0,0,14544
913.741973201267,360.884980401216,0,0,0,0,14545
903.861244195014,360.780309268332,0,0,0,0,14546
892.907387022277,360.463904321098,0,0,0,0,14547
883.061853225073,360.230192309969,0,0,0,0,14548
872.667929747206,360.891954485384,0,0,0,0,14549
862.588390527341,361.082305602446,0,0,0,0,14550
852.339869150845,361.292977933968,0,0,0,0,14551
842.54026810825,361.377770939139,0,0,0,0,14552
831.73953193127,361.771952478266,0,0,0,0,14553
821.873402990741,361.469026816017,0,0,0,0,14554
811.831820950209,361.287282314323,0,0,0,0,14555
801.830815480136,361.091488702846,0,0,0,0,14556
984.794456955875,396.986233004458,0,0,0,0,14673
979.343434469845,388.417400773023,0,0,0,0,14674
973.565980930545,379.461467282121,0,0,0,0,14675
969.170179136356,370.538681023401,0,0,0,0,14676
964.291129279862,362.310927827201,0,0,0,0,14677
960.163549513023,353.544909979717,0,0,0,0,14678
949.859159089769,353.420377915241,0,0,0,0,14679
939.115558361554,352.611663095105,0,0,0,0,14680
929.119930682103,352.408061454394,0,0,0,0,14681
919.079535780225,351.585749488861,0,0,0,0,14682
908.339793814303,351.489467292397,0,0,0,0,14683
898.469172699044,352.064364640853,0,0,0,0,14684
887.877756818562,351.524215383492,0,0,0,0,14685
877.721675755563,351.967271154674,0,0,0,0,14686
867.288868566891,352.60838885333,0,0,0,0,14687
857.213512084491,352.589427964533,0,0,0,0,14688
846.971355375828,352.469365398719,0,0,0,0,14689
836.549298595083,352.865271321935,0,0,0,0,14690
826.616206330168,352.802406530318,0,0,0,0,14691
816.821314387582,352.635367057882,0,0,0,0,14692
806.947798021441,352.521309575141,0,0,0,0,14693
994.8187705133,396.656523747193,0,0,0,0,14810
989.495365035962,387.765087170019,0,0,0,0,14811
983.671536093355,379.29258869189,0,0,0,0,14812
979.241912950608,370.324427133903,0,0,0,0,14813
974.464047831513,361.128360123495,0,0,0,0,14814
969.67289287482,352.344107656253,0,0,0,0,14815
964.517812451119,344.342469658475,0,0,0,0,14816
954.977191858207,344.743312320496,0,0,0,0,14817
944.419619672188,344.456131583967,0,0,0,0,14818
934.072985475454,343.313772951319,0,0,0,0,14819
923.632072179771,342.199632039113,0,0,0,0,14820
913.472664011449,342.821170441598,0,0,0,0,14821
903.249862650424,342.983906915754,0,0,0,0,14822
893.233724110743,343.412916319199,0,0,0,0,14823
882.665199258986,342.908375674625,0,0,0,0,14824
872.030327791066,343.603126367422,0,0,0,0,14825
862.080544849356,343.517045634957,0,0,0,0,14826
852.07673782936,343.784850630612,0,0,0,0,14827
841.439601298505,343.283348240384,0,0,0,0,14828
831.454829121474,343.966488002074,0,0,0,0,14829
821.510431943611,343.707868471016,0,0,0,0,14830
811.684585585073,343.573897464674,0,0,0,0,14831
801.697615195461,343.357254719076,0,0,0,0,14832
1005.26241546954,397.232133076449,0,0,0,0,14948
1000.1293156196,388.133797592318,0,0,0,0,14949
994.44042309418,379.122931107629,0,0,0,0,14950
989.561529767966,370.228796904145,0,0,0,0,14951
984.3246748117,361.395385099694,0,0,0,0,14952
979.782189237269,352.142848635696,0,0,0,0,14953
974.46116799974,343.656303725504,0,0,0,0,14954
969.081973854292,335.325194863668,0,0,0,0,14955
959.456507196994,335.624608489343,0,0,0,0,14956
949.366700918124,336.029060758558,0,0,0,0,14957
938.504818088117,334.627436915353,0,0,0,0,14958
928.408999424712,333.913195537072,0,0,0,0,14959
918.565815650791,333.55344109333,0,0,0,0,14960
908.371238453396,333.945222985043,0,0,0,0,14961
898.247039161877,334.496103803758,0,0,0,0,14962
887.911394158391,334.916997719017,0,0,0,0,14963
877.600552372203,334.284474938882,0,0,0,0,14964
866.90746453722,334.486499480452,0,0,0,0,14965
857.144610882249,334.228853049675,0,0,0,0,14966
847.082094529052,334.709988577328,0,0,0,0,14967
836.383751610356,334.646006584284,0,0,0,0,14968
826.346615216682,334.870614479895,0,0,0,0,14969
816.32666455469,334.422846997667,0,0,0,0,14970
806.690925540974,334.770090782012,0,0,0,0,14971
1015.62514745942,396.983992645727,0,0,0,0,15087
1010.1058277322,388.42166414341,0,0,0,0,15088
1004.4715149015,378.998045645147,0,0,0,0,15089
999.155048260811,369.827900884571,0,0,0,0,15090
994.188608940883,361.257607529709,0,0,0,0,15091
989.863637087807,352.149041847676,0,0,0,0,15092
984.480656339418,343.16879633198,0,0,0,0,15093
978.915803720262,334.377346836238,0,0,0,0,15094
973.869719385151,325.818506271064,0,0,0,0,15095
963.789678976224,326.446753157558,0,0,0,0,15096
953.728547191341,326.948310577921,0,0,0,0,15097
943.336807616755,325.800255854386,0,0,0,0,15098
933.624678690285,325.484093111824,0,0,0,0,15099
923.194035012804,324.927077955539,0,0,0,0,15100
913.071265521632,324.944425206559,0,0,0,0,15101
902.963309109535,325.211409343161,0,0,0,0,15102
892.676711638139,325.967866569266,0,0,0,0,15103
882.702616608566,324.834348809312,0,0,0,0,15104
872.472773495485,325.68355075244,0,0,0,0,15105
862.713619593046,325.660947123084,0,0,0,0,15106
851.97604419468,325.696918508068,0,0,0,0,15107
841.286533355498,325.431071709107,0,0,0,0,15108
831.338761397901,325.926270320466,0,0,0,0,15109
820.666590582504,325.337158267276,0,0,0,0,15110
810.988102150899,325.788807005254,0,0,0,0,15111
801.482215227015,326.10257613602,0,0,0,0,15112
1025.37353863603,396.541616720703,0,0,0,0,15227
1020.16839147479,387.941520747512,0,0,0,0,15228
1014.50433404069,379.338770372045,0,0,0,0,15229
1009.29015414244,369.639674419151,0,0,0,0,15230
1004.48272463365,361.461114126656,0,0,0,0,15231
999.842135674612,352.490599358163,0,0,0,0,15232
994.525182855543,342.063076366387,0,0,0,0,15233
989.149939134834,334.386085338973,0,0,0,0,15234
984.379985567121,325.546349079473,0,0,0,0,15235
978.944130906152,317.125983598974,0,0,0,0,15236
968.652010774441,317.086644477508,0,0,0,0,15237
958.554169656538,317.761573193659,0,0,0,0,15238
948.659339179775,316.972648453305,0,0,0,0,15239
938.750116542665,316.662998354171,0,0,0,0,15240
928.745851971848,316.520945955173,0,0,0,0,15241
917.80945499551,315.98633256018,0,0,0,0,15242
908.002364963942,316.207754574882,0,0,0,0,15243
897.930351393687,316.007082217755,0,0,0,0,15244
887.610125251292,316.036503296013,0,0,0,0,15245
877.162331472577,316.565129757121,0,0,0,0,15246
866.963219052361,316.5529617252,0,0,0,0,15247
857.131062099819,317.092963613282,0,0,0,0,15248
846.71222417535,316.847467797071,0,0,0,0,15249
836.754360791824,316.16079268729,0,0,0,0,15250
826.759359961341,317.015903851272,0,0,0,0,15251
816.482206445375,316.454050956058,0,0,0,0,15252
806.440080292916,316.771529838071,0,0,0,0,15253
1035.36647730611,396.265856608198,0,0,0,0,15368
1030.14345806656,386.842937428653,0,0,0,0,15369
1025.19902415963,378.561877154173,0,0,0,0,15370
1019.3414930072,370.49214637013,0,0,0,0,15371
1015.05307040845,361.66434115878,0,0,0,0,15372
1009.85173884248,353.035416068136,0,0,0,0,15373
1004.30508444056,342.610694487042,0,0,0,0,15374
999.593219467074,334.349790612503,0,0,0,0,15375
994.308492850571,325.811443800673,0,0,0,0,15376
988.99053353429,316.832302662259,0,0,0,0,15377
984.496769678894,307.938496223237,0,0,0,0,15378
973.472732235258,308.135308793305,0,0,0,0,15379
963.155536889088,308.713052082348,0,0,0,0,15380
953.240076462064,308.144733505378,0,0,0,0,15381
943.270183682895,307.609538086328,0,0,0,0,15382
932.976646465338,307.709935359288,0,0,0,0,15383
922.888793906272,307.187745725049,0,0,0,0,15384
912.989647665523,307.234509534043,0,0,0,0,15385
902.856144567289,307.041578841538,0,0,0,0,15386
892.782642369612,307.142970299251,0,0,0,0,15387
882.779144358842,306.953322484464,0,0,0,0,15388
872.844287033334,307.619923698277,0,0,0,0,15389
862.502819864408,307.844284238003,0,0,0,0,15390
852.661087676992,308.191911481271,0,0,0,0,15391
842.616884099915,307.390340506562,0,0,0,0,15392
831.948275226082,307.646886143292,0,0,0,0,15393
821.850226962354,308.31509738607,0,0,0,0,15394
811.031403943543,308.004201590518,0,0,0,0,15395
800.809936067223,307.754105423998,0,0,0,0,15396
1045.8678477968,395.446571177804,0,0,0,0,15510
1040.11471594907,387.231855344825,0,0,0,0,15511
1035.21468341799,378.223135783797,0,0,0,0,15512
1030.01115384746,369.927607684568,0,0,0,0,15513
1025.31669196048,361.698607849032,0,0,0,0,15514
1020.31470939068,353.073597187797,0,0,0,0,15515
1014.36778417507,343.968244655239,0,0,0,0,15516
1009.80647185573,334.673576715031,0,0,0,0,15517
1004.74989308966,325.801262064569,0,0,0,0,15518
999.29023692434,317.242357083596,0,0,0,0,15519
994.163802742476,308.467896669557,0,0,0,0,15520
990.148345610025,299.388001494188,0,0,0,0,15521
979.685258793661,299.180116469068,0,0,0,0,15522
969.070903185487,299.325151999472,0,0,0,0,15523
959.434358740606,299.365196976057,0,0,0,0,15524
949.459943231855,298.798156825206,0,0,0,0,15525
938.774382286303,299.085928821536,0,0,0,0,15526
928.452369803357,298.888387688539,0,0,0,0,15527
918.697055997995,298.483900318686,0,0,0,0,15528
908.357289754804,298.523737017657,0,0,0,0,15529
897.504422535089,298.254821953383,0,0,0,0,15530
887.469674983462,298.636219638424,0,0,0,0,15531
877.232707335536,298.923107392062,0,0,0,0,15532
867.450155484022,299.177886140605,0,0,0,0,15533
857.313190268173,299.317600941187,0,0,0,0,15534
847.355527581292,298.546047271487,0,0,0,0,15535
836.93071586828,299.092237311013,0,0,0,0,15536
826.114226532257,299.34362708398,0,0,0,0,15537
816.098607022724,299.481118341962,0,0,0,0,15538
805.687376517307,298.98137823116,0,0,0,0,15539
1056.00033289337,395.127762811262,0,0,0,0,15654
1050.31456392403,386.493006380855,0,0,0,0,15655
1045.29824497129,378.000056817095,0,0,0,0,15656
1040.08560009612,369.390439813695,0,0,0,0,15657
1035.45715814865,360.927129083765,0,0,0,0,15658
1030.33896097603,352.468243264136,0,0,0,0,15659
1024.87056349475,343.925296823614,0,0,0,0,15660
1020.00390039784,335.135597809389,0,0,0,0,15661
1014.96825137288,326.063758618266,0,0,0,0,15662
1009.29624356178,316.861416122187,0,0,0,0,15663
1004.4421298783,308.404989276754,0,0,0,0,15664
1000.15247190626,299.269117627055,0,0,0,0,15665
995.066443830233,290.008485526677,0,0,0,0,15666
984.147694451915,290.114776736297,0,0,0,0,15667
974.401937043457,290.631137793226,0,0,0,0,15668
964.203556059277,290.456982123919,0,0,0,0,15669
954.240846952837,289.93087503398,0,0,0,0,15670
943.806084591948,290.3585180565,0,0,0,0,15671
933.691540095171,290.394160473213,0,0,0,0,15672
923.533639311807,290.009744723294,0,0,0,0,15673
913.16171698128,289.669178543074,0,0,0,0,15674
902.599950607864,289.716152093508,0,0,0,0,15675
892.118908558647,289.95062053348,0,0,0,0,15676
882.004936353381,289.945655447425,0,0,0,0,15677
872.218545399659,290.309406792616,0,0,0,0,15678
862.225839517083,290.464103673614,0,0,0,0,15679
852.196739594766,289.711547116135,0,0,0,0,15680
841.526493467316,290.211303050735,0,0,0,0,15681
831.549003198065,290.634023812931,0,0,0,0,15682
821.746897693674,290.455037058204,0,0,0,0,15683
811.621232895232,290.400087491839,0,0,0,0,15684
801.081079938665,290.228983937139,0,0,0,0,15685
1065.91875151592,395.739747570643,0,0,0,0,15801
1060.89758715827,386.419927617668,0,0,0,0,15802
1055.87835915969,378.133138022189,0,0,0,0,15803
1050.69458043055,369.673476466786,0,0,0,0,15804
1045.83055877283,360.987924295704,0,0,0,0,15805
1040.62193073193,352.403894697238,0,0,0,0,15806
1035.45952711089,343.792672434916,0,0,0,0,15807
1030.10107294479,334.515094739608,0,0,0,0,15808
1024.87546006777,325.885377103779,0,0,0,0,15809
1020.09570699793,317.137559687811,0,0,0,0,15810
1014.94352502046,308.637098793476,0,0,0,0,15811
1010.213351051,299.783352582403,0,0,0,0,15812
1005.55989338373,290.638436553227,0,0,0,0,15813
999.505992990079,281.207455128086,0,0,0,0,15814
989.067695399417,281.418317226085,0,0,0,0,15815
978.655243998034,281.51947218924,0,0,0,0,15816
968.718553339244,281.517764109858,0,0,0,0,15817
958.456152414603,280.997886922528,0,0,0,0,15818
948.479737568008,280.61736433149,0,0,0,0,15819
938.591701418807,281.499929000227,0,0,0,0,15820
928.919608711795,281.48363030656,0,0,0,0,15821
918.544949414453,281.144724168699,0,0,0,0,15822
908.527313153424,280.613904971952,0,0,0,0,15823
897.759545126189,281.331624810972,0,0,0,0,15824
887.090093965895,281.236479865352,0,0,0,0,15825
877.27831382797,280.956281819149,0,0,0,0,15826
867.254775727527,281.512556369415,0,0,0,0,15827
857.217282200609,280.950829957297,0,0,0,0,15828
846.769323655543,281.302704291141,0,0,0,0,15829
837.066876815991,281.068440456597,0,0,0,0,15830
827.113216295125,280.878801879581,0,0,0,0,15831
817.180943151325,281.696796849577,0,0,0,0,15832
806.341240705108,281.637334766841,0,0,0,0,15833
1075.9887916583,396.002023318268,0,0,0,0,15951
1071.25937015687,387.026575507259,0,0,0,0,15952
1066.88822171297,378.236285573961,0,0,0,0,15953
1061.2936997977,369.638444824161,0,0,0,0,15954
1056.09661534307,360.483659991898,0,0,0,0,15955
1050.89517438093,352.39487252534,0,0,0,0,15956
1046.37142919128,343.640396182563,0,0,0,0,15957
1041.09092429462,335.34079383504,0,0,0,0,15958
1034.82668796354,325.554770917406,0,0,0,0,15959
1029.98749120892,316.25254818236,0,0,0,0,15960
1025.47560778038,307.045814535882,0,0,0,0,15961
1020.50984668783,298.306228152893,0,0,0,0,15962
1015.55430639347,289.267447159817,0,0,0,0,15963
1009.58000349756,281.213704089676,0,0,0,0,15964
1004.31288516846,272.506659587781,0,0,0,0,15965
993.699352271737,272.505060777487,0,0,0,0,15966
983.662553293635,272.756506768649,0,0,0,0,15967
973.603132732797,272.707167597568,0,0,0,0,15968
963.592038689747,272.209787661373,0,0,0,0,15969
953.557476983028,271.491843469682,0,0,0,0,15970
943.707551856615,271.907383937442,0,0,0,0,15971
933.599858412596,272.523841208192,0,0,0,0,15972
923.743850265348,272.693649879697,0,0,0,0,15973
913.531980350048,271.870963075464,0,0,0,0,15974
902.293816714922,272.194483400564,0,0,0,0,15975
892.483265432802,272.859666451745,0,0,0,0,15976
882.147546301462,272.282231551556,0,0,0,0,15977
872.013189414968,272.600793002684,0,0,0,0,15978
861.681418917531,272.35370844388,0,0,0,0,15979
851.689078232862,272.452370964418,0,0,0,0,15980
841.633706992908,271.901293340851,0,0,0,0,15981
831.585090958819,271.442039050159,0,0,0,0,15982
821.849720001641,272.241268138569,0,0,0,0,15983
811.805491789272,273.015352353723,0,0,0,0,15984
800.933273666529,272.63693769197,0,0,0,0,15985
1086.22114618818,396.548514042617,0,0,0,0,16104
1081.19474946916,387.435028197323,0,0,0,0,16105
1076.90717400484,378.145580816133,0,0,0,0,16106
1071.38664659625,369.562351677296,0,0,0,0,16107
1066.36031790847,360.908277994475,0,0,0,0,16108
1061.21881189765,351.8349606474,0,0,0,0,16109
1056.3349030868,343.425343226367,0,0,0,0,16110
1050.77965362171,333.799867449521,0,0,0,0,16111
1044.94009551837,325.377454196538,0,0,0,0,16112
1040.0927334875,317.045490757879,0,0,0,0,16113
1035.31815159391,307.773565507364,0,0,0,0,16114
1030.79285227392,298.5470390143,0,0,0,0,16115
1025.60731974354,289.701253386914,0,0,0,0,16116
1020.24044799427,280.610476958761,0,0,0,0,16117
1015.39477651375,271.966075286371,0,0,0,0,16118
1009.46870365239,263.832807036621,0,0,0,0,16119
999.580368772896,263.957796220141,0,0,0,0,16120
988.877857254765,264.112898926492,0,0,0,0,16121
978.749080069114,263.873635890706,0,0,0,0,16122
968.688915063123,263.336190860766,0,0,0,0,16123
958.895208093882,263.203065241027,0,0,0,0,16124
948.112699235588,263.002741877484,0,0,0,0,16125
938.036250715606,263.467520101472,0,0,0,0,16126
928.367459105886,263.626462457887,0,0,0,0,16127
918.182752410544,263.419103871264,0,0,0,0,16128
907.652405340012,263.606658751227,0,0,0,0,16129
897.720510327326,263.732585041839,0,0,0,0,16130
887.751619466247,263.852742852301,0,0,0,0,16131
877.719627248173,263.495874406464,0,0,0,0,16132
866.804246731389,263.935308655167,0,0,0,0,16133
856.641351224102,263.418904477221,0,0,0,0,16134
846.61613179089,262.982928233328,0,0,0,0,16135
836.594997751057,262.977421972641,0,0,0,0,16136
826.515063198164,263.209564229429,0,0,0,0,16137
816.681169238994,264.036709394179,0,0,0,0,16138
806.099237800985,264.109168718469,0,0,0,0,16139
1096.48836228638,395.928319649671,0,0,0,0,16260
1091.31335683915,386.860750616063,0,0,0,0,16261
1086.97425586379,378.109481762528,0,0,0,0,16262
1081.56068919793,369.371161009536,0,0,0,0,16263
1076.44339717145,360.809089524636,0,0,0,0,16264
1071.28938330992,352.098244115831,0,0,0,0,16265
1066.25717367188,342.820621801783,0,0,0,0,16266
1060.95580520548,334.477956422459,0,0,0,0,16267
1056.00542029474,325.294277126044,0,0,0,0,16268
1050.51510572129,316.989390963768,0,0,0,0,16269
1045.37755281558,308.315943434483,0,0,0,0,16270
1040.33739815085,298.728592516857,0,0,0,0,16271
1035.9662928321,289.934059747967,0,0,0,0,16272
1030.22800573924,281.169875148404,0,0,0,0,16273
1025.44858032941,272.075277218671,0,0,0,0,16274
1019.63058754042,263.093318619805,0,0,0,0,16275
1014.30110603686,254.897485357501,0,0,0,0,16276
1004.18257817246,254.469155510763,0,0,0,0,16277
994.056718845217,255.468637693725,0,0,0,0,16278
984.369175561155,255.395016119632,0,0,0,0,16279
974.513884844386,254.777021714542,0,0,0,0,16280
964.176520811086,254.683350832731,0,0,0,0,16281
953.981995422082,254.816179384206,0,0,0,0,16282
943.71675900987,254.154937262608,0,0,0,0,16283
932.29679004212,254.542407473973,0,0,0,0,16284
921.804357607032,254.050237642327,0,0,0,0,16285
912.370836491534,254.593918064681,0,0,0,0,16286
902.698803623292,254.779652588825,0,0,0,0,16287
892.852901101165,254.970793371768,0,0,0,0,16288
882.242148973085,255.035632249111,0,0,0,0,16289
871.93731975241,255.215689783489,0,0,0,0,16290
862.275237527468,255.154055637196,0,0,0,0,16291
852.036905264192,254.473887828994,0,0,0,0,16292
841.132143503864,254.328507524725,0,0,0,0,16293
831.357326539563,254.597513786156,0,0,0,0,16294
821.260338222534,254.805163247839,0,0,0,0,16295
811.338655537943,255.30731569943,0,0,0,0,16296
801.35091831326,255.342725396136,0,0,0,0,16297
1106.45304796039,396.657304364383,0,0,0,0,16419
1101.91497011571,386.911630293688,0,0,0,0,16420
1096.91027227497,378.161897620601,0,0,0,0,16421
1091.97710264359,369.472590338898,0,0,0,0,16422
1086.77497456159,360.771080206347,0,0,0,0,16423
1081.42421563512,352.052539165832,0,0,0,0,16424
1076.23716157765,342.765332639881,0,0,0,0,16425
1071.01040386885,333.852838455234,0,0,0,0,16426
1065.84297778794,324.606336005362,0,0,0,0,16427
1060.86327653333,316.211000134733,0,0,0,0,16428
1055.65112044521,307.52778905897,0,0,0,0,16429
1050.42423834939,299.063000819316,0,0,0,0,16430
1046.06203522545,290.038481015472,0,0,0,0,16431
1040.9850343328,281.502849507918,0,0,0,0,16432
1035.40558087754,272.580216397507,0,0,0,0,16433
1029.83716326059,263.129062730568,0,0,0,0,16434
1024.35299144924,254.614503892255,0,0,0,0,16435
1117.117063921,397.067339132552,0,0,0,0,16581
1111.97741660429,388.406396637938,0,0,0,0,16582
1106.85968398369,378.530474066599,0,0,0,0,16583
1102.1081880507,369.532448139741,0,0,0,0,16584
1096.65448256528,361.083562829983,0,0,0,0,16585
1091.70523136827,352.077668994187,0,0,0,0,16586
1086.55547991985,343.02592964006,0,0,0,0,16587
1081.25085990036,334.106236761071,0,0,0,0,16588
1075.76784058974,324.841741946993,0,0,0,0,16589
1071.01849453621,315.790235562935,0,0,0,0,16590
1065.79330477725,307.410656471749,0,0,0,0,16591
1060.80075740214,298.69211624469,0,0,0,0,16592
1056.04339774836,290.124618935987,0,0,0,0,16593
1051.01788865546,280.985756099564,0,0,0,0,16594
1045.30650783008,272.799698969405,0,0,0,0,16595
1039.6288509032,263.969670095454,0,0,0,0,16596
1034.11167920358,254.423649329514,0,0,0,0,16597
1127.16345108409,396.321797903999,0,0,0,0,16746
1122.01568459499,387.558515454489,0,0,0,0,16747
1117.07873315278,378.841978202976,0,0,0,0,16748
1112.17591321723,369.973404855077,0,0,0,0,16749
1107.45832384879,360.913871565519,0,0,0,0,16750
1101.86552560521,352.42865273091,0,0,0,0,16751
1096.57017887313,343.168227522527,0,0,0,0,16752
1091.38278614952,334.553690237756,0,0,0,0,16753
1086.48560396467,325.672091756776,0,0,0,0,16754
1081.22398138592,316.544550297646,0,0,0,0,16755
1076.7222944194,307.473487709756,0,0,0,0,16756
1071.2599412901,298.805929411795,0,0,0,0,16757
1066.08688838196,290.033990954534,0,0,0,0,16758
1061.08867214055,281.240798744458,0,0,0,0,16759
1055.77322153331,272.324321811003,0,0,0,0,16760
1049.99736007811,263.901743594749,0,0,0,0,16761
1044.78407197086,255.612092259984,0,0,0,0,16762
1137.02821530056,395.986754770472,0,0,0,0,16914
1132.08609361716,387.292967432419,0,0,0,0,16915
1127.07072237087,377.82432149599,0,0,0,0,16916
1122.52451672393,369.293602679831,0,0,0,0,16917
1117.47026205578,360.624176344055,0,0,0,0,16918
1111.93858916843,352.157442369145,0,0,0,0,16919
1106.55677655243,343.521410263887,0,0,0,0,16920
1101.53528100259,334.330853940381,0,0,0,0,16921
1096.50048698727,325.868116070792,0,0,0,0,16922
1091.16472474292,316.247377989701,0,0,0,0,16923
1086.84498486577,307.10171842633,0,0,0,0,16924
1081.46648367991,298.583652228657,0,0,0,0,16925
1076.19485697376,289.973112802003,0,0,0,0,16926
1071.25576640538,281.326172772881,0,0,0,0,16927
1065.96587418886,272.790825085612,0,0,0,0,16928
1060.46708323901,263.957822002609,0,0,0,0,16929
1055.35699526147,255.151106524072,0,0,0,0,16930
1146.93406636717,395.654258373344,0,0,0,0,17085
1142.30366702419,387.206873210139,0,0,0,0,17086
1137.12347451329,378.899780195949,0,0,0,0,17087
1132.84912283154,369.728539911644,0,0,0,0,17088
1127.44241974076,360.364988625593,0,0,0,0,17089
1122.22649721626,351.740739494768,0,0,0,0,17090
1116.56726119198,343.37310893323,0,0,0,0,17091
1111.60091738072,334.741574109853,0,0,0,0,17092
1106.66238148438,325.671268152296,0,0,0,0,17093
1101.21707227352,316.907708118007,0,0,0,0,17094
1096.80726883343,306.979384285747,0,0,0,0,17095
1092.26438230545,297.557562880691,0,0,0,0,17096
1086.41133632537,289.215764270804,0,0,0,0,17097
1081.33478639347,280.80835204816,0,0,0,0,17098
1076.0466807902,272.361050026551,0,0,0,0,17099
1070.79723810704,263.928112756109,0,0,0,0,17100
1065.64108512049,255.677040629701,0,0,0,0,17101
1157.05846658786,396.535988566343,0,0,0,0,17259
1152.12672469258,387.576350025181,0,0,0,0,17260
1147.17981795175,378.303388209081,0,0,0,0,17261
1142.56407102317,369.038701034733,0,0,0,0,17262
1137.31797132659,359.917940477672,0,0,0,0,17263
1131.89804282128,351.558032342511,0,0,0,0,17264
1126.4918926404,342.247287875808,0,0,0,0,17265
1122.05722478892,333.324073609672,0,0,0,0,17266
1116.71463490574,325.009506936249,0,0,0,0,17267
1111.480974726,316.050753432708,0,0,0,0,17268
1106.8318834925,307.567923295268,0,0,0,0,17269
1102.00702805874,298.502122595563,0,0,0,0,17270
1096.68252890855,289.154653867147,0,0,0,0,17271
1091.45051490231,280.486700315454,0,0,0,0,17272
1086.1137985731,271.867914505448,0,0,0,0,17273
1081.12555928839,263.282843887367,0,0,0,0,17274
1075.76893954772,254.953242836759,0,0,0,0,17275
1167.45942408203,396.489627407537,0,0,0,0,17436
1162.26647552419,388.161746893433,0,0,0,0,17437
1157.52766515865,379.13422551578,0,0,0,0,17438
1152.92724319316,369.530240695714,0,0,0,0,17439
1147.20254857039,359.989010752415,0,0,0,0,17440
1141.81953610278,351.378991833969,0,0,0,0,17441
1136.54828901609,342.576980690307,0,0,0,0,17442
1131.86008585689,333.915753270362,0,0,0,0,17443
1127.30050555024,324.707025778359,0,0,0,0,17444
1121.48944819231,316.460236564301,0,0,0,0,17445
1116.69471399258,307.62982614377,0,0,0,0,17446
1111.72124660446,298.788462349061,0,0,0,0,17447
1106.85104715159,289.617390477528,0,0,0,0,17448
1101.5054064577,281.266257835303,0,0,0,0,17449
1096.82716871155,271.933598920889,0,0,0,0,17450
1091.08682675932,263.608117107041,0,0,0,0,17451
1085.95690002524,254.816236120536,0,0,0,0,17452
1177.89306658813,396.528291714771,0,0,0,0,17616
1172.55852481478,387.903789516825,0,0,0,0,17617
1167.49301420447,379.347601715071,0,0,0,0,17618
1162.52633068091,370.531770766862,0,0,0,0,17619
1156.84462353222,360.354182408082,0,0,0,0,17620
1152.22349013775,351.307760782002,0,0,0,0,17621
1146.7699485798,342.774779100423,0,0,0,0,17622
1142.16704718493,334.137191898769,0,0,0,0,17623
1137.35580488549,325.320770051505,0,0,0,0,17624
1132.38014418388,316.169438703157,0,0,0,0,17625
1126.90284701927,307.89889884719,0,0,0,0,17626
1121.88937068169,298.861953160607,0,0,0,0,17627
1116.93110061757,290.233349458321,0,0,0,0,17628
1112.35045620237,281.354190913446,0,0,0,0,17629
1106.99729632682,272.820852432374,0,0,0,0,17630
1101.20158973204,263.322903872946,0,0,0,0,17631
1095.96343434736,254.872553973851,0,0,0,0,17632
1187.65121105595,395.849867659199,0,0,0,0,17799
1182.60958043535,387.491811628455,0,0,0,0,17800
1177.14114287327,378.686656272579,0,0,0,0,17801
1172.51801264252,369.829567896825,0,0,0,0,17802
1166.9229721851,360.663254851387,0,0,0,0,17803
1162.12908905044,352.094496449454,0,0,0,0,17804
1156.75901705197,342.707654509684,0,0,0,0,17805
1152.08989369128,333.9548407502,0,0,0,0,17806
1147.34724523805,325.128370617847,0,0,0,0,17807
1142.45571200762,316.438966636133,0,0,0,0,17808
1136.96956979408,307.672677275906,0,0,0,0,17809
1132.12242004039,298.780470177355,0,0,0,0,17810
1126.93504797112,290.381358905178,0,0,0,0,17811
1122.19143899052,281.476556139052,0,0,0,0,17812
1116.93416140813,271.988945659056,0,0,0,0,17813
1111.42850659115,263.402699217021,0,0,0,0,17814
1106.31827186786,254.829984412588,0,0,0,0,17815
1197.61378835288,396.148853257024,0,0,0,0,17985
1192.76641963598,387.197744494383,0,0,0,0,17986
1187.27038794955,378.434539741743,0,0,0,0,17987
1182.58796989756,369.543757407237,0,0,0,0,17988
1176.98033701025,360.746227482309,0,0,0,0,17989
1172.29431941952,351.655850447896,0,0,0,0,17990
1166.87383118562,343.187317623173,0,0,0,0,17991
1162.07477456692,334.540030340194,0,0,0,0,17992
1157.62995153666,325.62849896602,0,0,0,0,17993
1152.54369671638,316.729167849072,0,0,0,0,17994
1147.73668436478,308.038768959372,0,0,0,0,17995
1142.12826125304,299.326037245465,0,0,0,0,17996
1137.50761555617,290.481474199603,0,0,0,0,17997
1132.18040955815,281.83622016051,0,0,0,0,17998
1127.06744303705,272.449897127309,0,0,0,0,17999
1121.39702442017,263.080230721682,0,0,0,0,18000
1116.62218094073,254.827488653553,0,0,0,0,18001
1197.45712652888,378.142475738769,0,0,0,0,18176
1192.92429910854,368.982032115153,0,0,0,0,18177
1187.7517987202,360.768416766796,0,0,0,0,18178
1182.35438426282,352.185776954924,0,0,0,0,18179
1177.10872977189,342.951331149769,0,0,0,0,18180
1172.20604058853,334.553505150966,0,0,0,0,18181
1167.63247877292,325.419226611197,0,0,0,0,18182
1162.64395247793,316.844483132376,0,0,0,0,18183
1157.72372300867,308.102791161165,0,0,0,0,18184
1152.21852785883,299.069687237573,0,0,0,0,18185
1147.65053943475,290.252586845596,0,0,0,0,18186
1142.53817717364,281.857955392478,0,0,0,0,18187
1137.30307105563,273.161886414533,0,0,0,0,18188
1131.51562790498,263.41448577658,0,0,0,0,18189
1127.37260798206,254.723996684811,0,0,0,0,18190
1198.0438541788,360.684595827183,0,0,0,0,18370
1192.65849032134,352.077298618696,0,0,0,0,18371
1187.46537026148,343.944810687433,0,0,0,0,18372
1182.85923520437,334.710102810742,0,0,0,0,18373
1177.6922869139,325.954004061161,0,0,0,0,18374
1172.82794667614,316.774004326271,0,0,0,0,18375
1167.62672211412,308.037054963241,0,0,0,0,18376
1162.30001150259,299.262551127678,0,0,0,0,18377
1157.45107659235,290.812958912067,0,0,0,0,18378
1152.68344588283,281.314512838066,0,0,0,0,18379
1147.60651999136,272.935992520986,0,0,0,0,18380
1142.27783516244,264.274775889353,0,0,0,0,18381
1137.4541356224,255.521201896022,0,0,0,0,18382
1198.26831789119,343.962395325174,0,0,0,0,18566
1192.90507773172,335.443229496335,0,0,0,0,18567
1187.51929912662,324.883624857057,0,0,0,0,18568
1182.85516639009,316.50500011375,0,0,0,0,18569
1178.10271051213,307.958960235291,0,0,0,0,18570
1172.74611912291,299.686190101635,0,0,0,0,18571
1167.60464127618,291.03861924313,0,0,0,0,18572
1162.47488947075,282.13185035158,0,0,0,0,18573
1157.66650299764,272.983328990779,0,0,0,0,18574
1152.4006408912,264.40283974663,0,0,0,0,18575
1147.56621401158,255.981012179578,0,0,0,0,18576
1197.48403130561,326.363435437935,0,0,0,0,18763
1193.01149356456,316.331393448001,0,0,0,0,18764
1188.17602471538,307.876272200824,0,0,0,0,18765
1182.92755761195,299.378718968276,0,0,0,0,18766
1177.62166739385,291.04583350959,0,0,0,0,18767
1172.49535781298,282.147622740208,0,0,0,0,18768
1167.89473864369,273.448189325916,0,0,0,0,18769
1162.6341371215,264.55205646095,0,0,0,0,18770
1157.69507045302,255.895216780177,0,0,0,0,18771
1198.12537890485,307.744137719235,0,0,0,0,18961
1193.28489727749,299.419736201584,0,0,0,0,18962
1187.9337303743,291.117585518016,0,0,0,0,18963
1182.62328926427,282.47457195627,0,0,0,0,18964
1177.82991112768,273.496830213281,0,0,0,0,18965
1172.98769087612,264.726209612569,0,0,0,0,18966
1167.61464367709,256.048772478908,0,0,0,0,18967
1198.28494694617,290.584657709694,0,0,0,0,19160
1192.72060938228,282.370442254951,0,0,0,0,19161
1187.70441805495,273.648728695895,0,0,0,0,19162
1182.6125119268,264.593582335123,0,0,0,0,19163
1177.66744986081,255.016618760273,0,0,0,0,19164
1197.61119118993,273.892072418897,0,0,0,0,19360
1192.16437430048,264.005545485941,0,0,0,0,19361
1187.77853441373,255.233209748064,0,0,0,0,19362
1197.8488528515,255.505997790417,0,0,0,0,19561
