600,250,600,300,5
601.46,558.42,1663,0.97624
591.79,557.42,1664,0.97388
647.85,557.85,1762,0.98548
637.96,555.93,1763,0.96923
627.8,554.61,1764,0.98678
617.69,552.85,1765,0.99521
608.13,551,1766,0.99361
598.1,549.07,1767,0.98166
704.65,559.33,1863,0.96189
694.83,557.37,1864,0.96809
684.15,556.19,1865,0.93493
674.45,553.89,1866,0.97828
664.61,552.47,1867,0.9914
655.03,550.63,1868,0.98384
645.14,548.29,1869,0.9667
633.71,546.4,1870,0.89407
624.16,545.16,1871,0.9605
614.35,543.22,1872,0.98371
604.6,541.62,1873,0.98773
594.6,539.32,1874,0.939
751.31,558.48,1968,0.99202
740.73,556.97,1969,0.96168
730.82,555.26,1970,0.99436
720.68,553.06,1971,0.96256
710.73,551.4,1972,0.96898
700.89,548.81,1973,0.94079
691.17,547.42,1974,0.99586
681.33,546.07,1975,0.9697
671.73,544.23,1976,0.96364
661.59,542.99,1977,0.98423
651.52,541.1,1978,0.99233
641.13,538.78,1979,0.97043
631.61,536.65,1980,0.92868
621.78,535.5,1981,0.91533
611.45,534.29,1982,0.97809
601.41,532.35,1983,0.99132
591.53,530.15,1984,0.98306
806.79,558.76,2075,0.96118
797.16,556.83,2076,0.94689
787.22,556.15,2077,0.97046
777.12,554.69,2078,0.98394
767.14,553.21,2079,0.97409
757.69,550.79,2080,0.97117
747.82,549.09,2081,0.9684
738.05,546.85,2082,0.90926
727.49,545.73,2083,0.95596
717.92,543.38,2084,0.95021
707.82,541.69,2085,0.96785
697.49,539.92,2086,0.99693
687.46,538.11,2087,0.99205
677.68,536.55,2088,0.99618
667.96,535.17,2089,0.9917
657.92,533.66,2090,0.99034
647.87,531.63,2091,0.98837
637.82,529.43,2092,0.97818
627.8,527.44,2093,0.96435
617.92,526.55,2094,0.98452
608.1,525.05,2095,0.97322
598.53,522.49,2096,0.95995
853.46,557.99,2186,0.97895
843.65,556.09,2187,0.98515
833.33,554.72,2188,0.98461
823.66,552.62,2189,0.97315
813.67,551.57,2190,0.96025
803.53,549.84,2191,0.99097
793.4,548.04,2192,0.99281
783.62,546.72,2193,0.99703
773.19,545.27,2194,0.97341
763.49,543.11,2195,0.97416
753.71,540.74,2196,0.94485
744.06,539.02,2197,0.97632
733.43,537.78,2198,0.93815
723.85,535.45,2199,0.97599
713.86,534,2200,0.99068
704.03,532.35,2201,0.99042
694.24,530.28,2202,0.9828
683.6,528.6,2203,0.99026
673.8,527,2204,0.98818
663.91,525.85,2205,0.96943
654.3,523.95,2206,0.99431
644.69,522.4,2207,0.96969
634.1,520.35,2208,0.98543
624.71,518.27,2209,0.97679
614.41,517.19,2210,0.96219
604.56,514.75,2211,0.96606
594.89,513.18,2212,0.99853
899.57,558.3,2300,0.9717
888.14,555.74,2301,0.87871
878.33,554.1,2302,0.90189
869.3,552,2303,0.96335
859.53,549.82,2304,0.98099
849.96,548.42,2305,0.99567
839.98,547.1,2306,0.98988
830.12,545.21,2307,0.99464
820.23,543.61,2308,0.9986
809.86,542.1,2309,0.99612
799.68,540.33,2310,0.99683
789.8,538.71,2311,0.99596
779.97,537.08,2312,0.99854
770.14,535.64,2313,0.97821
760.6,533.77,2314,0.9607
750.16,531.62,2315,0.98581
739.67,529.96,2316,0.96063
730.06,527.93,2317,0.9954
720.39,526.11,2318,0.99582
710.61,524.76,2319,0.99275
700.87,523,2320,0.99104
690.31,520.88,2321,0.97011
680.13,519.4,2322,0.98369
670.16,517.84,2323,0.96319
660.74,515.63,2324,0.95789
650.77,514.46,2325,0.96608
640.79,512.92,2326,0.96949
630.98,510.52,2327,0.98165
621.06,508.84,2328,0.96866
611.34,507.41,2329,0.97881
601.9,504.86,2330,0.93273
591.46,503.8,2331,0.9846
944.87,557.37,2417,0.99781
935.38,555.59,2418,0.98533
925.43,554.17,2419,0.99506
915.78,552.33,2420,0.99781
906.03,550.4,2421,0.98116
896.4,548.03,2422,0.92989
886,546.32,2423,0.94002
875.42,544.33,2424,0.9876
865.88,542.47,2425,0.997
856.05,540.78,2426,0.9925
846.25,539.47,2427,0.97778
836.51,537.64,2428,0.9946
826.42,535.75,2429,0.98386
816.54,534.26,2430,0.99371
806.33,532.53,2431,0.99611
796.24,530.98,2432,0.99676
786.42,529.22,2433,0.99895
776.19,527.52,2434,0.9487
766.54,525.73,2435,0.95571
756.91,524.42,2436,0.96703
746.59,522.14,2437,0.97512
736.44,520.31,2438,0.99764
726.94,518.37,2439,0.97867
716.93,516.85,2440,0.99846
707.25,515.3,2441,0.98502
697.17,513.67,2442,0.95746
687.43,511.29,2443,0.96126
677.22,509.83,2444,0.98161
667.52,508.05,2445,0.97179
658.02,506.18,2446,0.97581
647.99,504.66,2447,0.98143
637.98,503.07,2448,0.97634
628.1,501.19,2449,0.9896
618.52,499.54,2450,0.96106
608.3,497.94,2451,0.9781
598.12,495.68,2452,0.97432
954.79,559.14,2540,0.98566
951.4,549.73,2541,0.97022
941.61,548.22,2542,0.99484
931.61,546.36,2543,0.9809
922,544.83,2544,0.97807
912.35,542.37,2545,0.97937
902.83,540.37,2546,0.9642
892.28,538.94,2547,0.97645
882.09,537.01,2548,0.98604
872.23,535.04,2549,0.99262
862.41,533.51,2550,0.98883
852.77,531.62,2551,0.99793
843.39,529.82,2552,0.98345
833.57,528.13,2553,0.96383
822.83,526.47,2554,0.98347
812.71,525.26,2555,0.98155
802.79,523.28,2556,0.99478
792.97,521.33,2557,0.99229
782.89,519.93,2558,0.94814
773.67,517.02,2559,0.8799
763.89,515.42,2560,0.91917
753.97,514.83,2561,0.89353
743.03,512.85,2562,0.9938
733.1,510.79,2563,0.98383
722.86,509.2,2564,0.98452
713.21,507.26,2565,0.97856
702.96,505.67,2566,0.95622
693.52,503.39,2567,0.97892
683.5,501.81,2568,0.99631
673.49,500.15,2569,0.99019
664.21,498.43,2570,0.95212
654.36,497.24,2571,0.93311
644.69,494.56,2572,0.92943
634.59,493.23,2573,0.98423
624.68,491.75,2574,0.994
614.44,490.05,2575,0.98096
604.51,488.1,2576,0.99464
594.21,486.63,2577,0.98097
961.41,551.29,2667,0.97199
958.76,541.8,2668,0.95777
948.9,540.15,2669,0.94941
938.41,539.13,2670,0.96147
928.44,536.98,2671,0.99432
918.99,535.06,2672,0.9908
908.94,533.14,2673,0.9666
898.75,531.73,2674,0.96584
888.63,529.56,2675,0.99149
878.85,527.88,2676,0.98996
869.06,526.3,2677,0.98307
859.25,523.94,2678,0.98961
849.54,521.93,2679,0.97516
839.89,520.61,2680,0.99713
829.43,519.06,2681,0.9678
818.85,517.42,2682,0.98683
809.13,515.55,2683,0.99856
799.14,513.81,2684,0.98937
789.62,511.8,2685,0.98301
779.02,509.27,2686,0.93472
769.54,507.34,2687,0.96189
759.75,506.05,2688,0.96591
749.93,504.35,2689,0.98653
739.7,503.29,2690,0.98209
729.04,501.34,2691,0.96073
719.11,498.92,2692,0.95318
709.14,497.76,2693,0.97255
699.71,495.87,2694,0.99503
689.76,494.06,2695,0.99105
679.69,492.77,2696,0.97471
669.32,490.32,2697,0.90938
659.98,488.94,2698,0.95629
650.45,486.72,2699,0.97136
640.29,485.25,2700,0.98253
630.71,483.93,2701,0.98807
620.54,482.03,2702,0.97538
611.1,480.01,2703,0.97252
601.11,478.56,2704,0.99016
591.14,477.35,2705,0.97465
971.59,553.37,2797,0.99039
968.46,544.04,2798,0.94342
964.77,533.68,2799,0.96658
955.06,532.36,2800,0.9815
945.25,530.39,2801,0.96483
935.29,529.52,2802,0.96429
925.27,527.41,2803,0.99321
915.56,525.81,2804,0.97841
904.72,524.34,2805,0.9422
895.26,522.08,2806,0.99286
885.57,520.13,2807,0.99898
875.83,518.2,2808,0.98952
866.19,516.79,2809,0.97755
856.49,514.7,2810,0.98171
846.21,512.59,2811,0.96897
836.29,511.39,2812,0.9575
825.36,509.83,2813,0.97218
815.27,508.07,2814,0.99202
805.7,506.12,2815,0.98053
795.99,503.64,2816,0.95302
786.12,502.42,2817,0.93556
776.04,499.99,2818,0.99005
766.47,498.11,2819,0.98238
756.39,496.75,2820,0.9747
746.15,495.38,2821,0.99594
736.3,493.77,2822,0.94342
725.89,491.47,2823,0.98904
715.68,489.62,2824,0.98517
706.09,488,2825,0.98598
696.23,486.33,2826,0.99273
685.86,484.91,2827,0.98339
676.24,483.09,2828,0.98209
666.33,480.74,2829,0.97444
656.38,479.22,2830,0.99296
646.38,477.4,2831,0.98446
636.78,475.55,2832,0.98004
627.09,474.41,2833,0.98342
617.5,472.49,2834,0.96918
606.98,470.98,2835,0.98669
597.36,469.25,2836,0.99353
981.65,554.94,2930,0.98542
978.01,545.54,2931,0.97575
974.75,534.76,2932,0.90966
971.32,526.07,2933,0.99503
961.87,524.18,2934,0.98727
952.11,522.73,2935,0.98295
942.27,521.02,2936,0.98523
931.65,519.72,2937,0.98902
921.68,517.95,2938,0.98099
911.44,516.73,2939,0.93611
901.77,514.34,2940,0.98647
892.11,512.56,2941,0.99847
882.2,510.49,2942,0.99207
872.63,508.98,2943,0.99568
862.83,507.03,2944,0.99721
852.75,505.03,2945,0.96104
842.06,503.8,2946,0.96803
831.03,501.37,2947,0.7925
821.34,500.22,2948,0.94805
811.83,498.28,2949,0.97662
802.14,495.86,2950,0.97296
791.99,494.37,2951,0.97683
782.68,492.78,2952,0.97627
772.49,490.58,2953,0.97527
762.57,489.06,2954,0.99136
751.98,487.76,2955,0.94552
741.97,485.32,2956,0.948
732.2,483.7,2957,0.99827
722.36,482.04,2958,0.98811
712.97,480.29,2959,0.96587
703.18,478.39,2960,0.93845
692.55,477.19,2961,0.98717
682.66,475.46,2962,0.98367
672.36,473.19,2963,0.98722
662.65,471.28,2964,0.99018
653.05,469.31,2965,0.982
643.18,468.08,2966,0.9899
633.22,466.25,2967,0.98272
623.29,464.83,2968,0.99651
613.29,463.22,2969,0.98238
603.38,461.28,2970,0.99208
593.61,459.78,2971,0.99871
991.68,556.85,3065,0.96624
987.82,546.6,3066,0.95021
984.41,537.32,3067,0.97436
981.39,527.86,3068,0.98322
977.81,518.56,3069,0.99575
968.06,516.62,3070,0.99773
958.34,514.78,3071,0.9965
948.94,513.36,3072,0.9755
938.85,511.66,3073,0.96703
927.98,510.11,3074,0.98861
918.69,508.3,3075,0.98383
908.83,506.82,3076,0.97019
898.96,504.73,3077,0.97881
889,503.03,3078,0.99216
879.04,501.11,3079,0.99502
869.23,499.35,3080,0.98881
859.27,497.3,3081,0.99205
848.16,495.78,3082,0.88108
838.58,494.43,3083,0.94685
829.1,491.91,3084,0.92837
818.78,490.78,3085,0.96131
809,488.5,3086,0.97578
798.63,486.67,3087,0.98544
788.75,484.51,3088,0.96809
779.18,483.3,3089,0.96242
768.53,481.5,3090,0.9919
758.37,479.94,3091,0.95745
748.62,477.73,3092,0.99052
738.62,475.75,3093,0.98639
728.45,473.9,3094,0.98621
718.93,472.28,3095,0.98455
708.89,470.55,3096,0.99063
698.65,469.27,3097,0.97889
688.63,467.65,3098,0.98776
678.73,465.68,3099,0.9917
669.32,463.77,3100,0.98659
659.34,461.72,3101,0.9883
649.3,460.46,3102,0.98556
639.65,458.87,3103,0.99576
629.15,457.03,3104,0.93919
619.46,455.09,3105,0.97468
609.72,453.5,3106,0.99633
599.88,451.81,3107,0.99194
590.06,450.3,3108,0.99481
1001.7,558.07,3203,0.98677
997.8,549.04,3204,0.96886
994.56,539.54,3205,0.98014
991.16,529.53,3206,0.98545
987.74,520.2,3207,0.97531
984.21,510.85,3208,0.99136
974.5,508.99,3209,0.9988
964.7,507.07,3210,0.99811
954.68,505.17,3211,0.97299
945.03,503.88,3212,0.99904
934.24,502.34,3213,0.94401
924.84,500.32,3214,0.97878
915.17,498.99,3215,0.99501
905.45,497.31,3216,0.98568
895.14,495.57,3217,0.98147
885.33,493.34,3218,0.98977
875.27,491.32,3219,0.98014
865.72,489.9,3220,0.99273
855.89,487.97,3221,0.97723
846.05,486.25,3222,0.93411
835.69,484.74,3223,0.981
826,482.55,3224,0.96965
815.49,481.04,3225,0.99098
805.37,479.6,3226,0.96654
794.99,477,3227,0.96529
784.8,475.27,3228,0.95761
774.85,473.75,3229,0.9485
765.24,472.32,3230,0.96553
755.47,470.22,3231,0.97814
745,468.47,3232,0.99
734.73,466.69,3233,0.92806
725.11,463.79,3234,0.87817
715.21,462.8,3235,0.96304
704.93,461.3,3236,0.96961
694.98,459.34,3237,0.97199
685.16,458.02,3238,0.97214
675.46,455.77,3239,0.98306
665.87,454.14,3240,0.9679
655.75,452.37,3241,0.98031
646.28,451.19,3242,0.9816
636.45,449.37,3243,0.99195
626.68,447.49,3244,0.96126
616.47,445.87,3245,0.97859
606.24,444.4,3246,0.97629
596.69,442.04,3247,0.9734
1011.8,559.87,3344,0.98956
1008.2,550.5,3345,0.98074
1004.5,541.01,3346,0.99713
1000.8,531.64,3347,0.97617
997.72,520.85,3348,0.87016
994.15,512.13,3349,0.98944
990.38,502.94,3350,0.99597
980.86,501.41,3351,0.98579
971.18,499.25,3352,0.97881
961.33,497.82,3353,0.98979
951.26,496.07,3354,0.9973
941.21,494.64,3355,0.98559
931.32,492.7,3356,0.99
921.11,491.09,3357,0.9885
911.33,489.36,3358,0.98859
901.58,487.89,3359,0.9855
892.01,485.75,3360,0.9784
881.82,483.9,3361,0.99256
872.18,481.7,3362,0.96489
862.39,480.63,3363,0.98193
852.15,478.76,3364,0.99186
842.06,476.99,3365,0.9779
832.42,474.93,3366,0.98967
821.82,473.3,3367,0.9553
811.9,471.71,3368,0.97692
802.15,470.02,3369,0.97282
791.64,467.93,3370,0.98528
781.71,465.72,3371,0.97056
772.04,462.6,3372,0.79415
762.02,462.66,3373,0.89683
751.58,460.87,3374,0.9558
742.19,459.39,3375,0.94753
732.36,457.32,3376,0.96866
722.29,454.38,3377,0.93133
712.5,453.06,3378,0.95413
702.07,451.93,3379,0.94759
691.65,449.09,3380,0.86075
681.81,448.25,3381,0.89023
671.86,445.08,3382,0.88043
662.18,444.32,3383,0.97672
652.86,442.75,3384,0.97283
643.09,441.52,3385,0.9707
633.08,440.08,3386,0.99086
622.77,438.1,3387,0.99106
612.33,436.5,3388,0.96392
602.84,434.46,3389,0.99105
593.34,432.34,3390,0.96536
1018.3,551.3,3486,0.96715
1014.7,542.36,3487,0.99274
1010.7,533.14,3488,0.9886
1007.3,523.75,3489,0.94295
1004.6,514.25,3490,0.90066
1000,504.58,3491,0.97602
996.76,495.3,3492,0.99339
986.88,493.47,3493,0.98424
977.03,491.32,3494,0.97081
967.66,489.9,3495,0.98441
957.6,488.53,3496,0.99315
947.73,486.63,3497,0.99743
937.76,485.06,3498,0.99653
927.76,483.26,3499,0.99032
917.95,481.77,3500,0.99
907.76,480.02,3501,0.98172
897.94,477.84,3502,0.97642
888.34,476.24,3503,0.98635
878.71,474.13,3504,0.98196
868.38,472.78,3505,0.99333
858.64,471.17,3506,0.99545
849.07,469.34,3507,0.99114
838.96,467.57,3508,0.98539
828.82,465.68,3509,0.98588
819.17,463.64,3510,0.98741
809.08,461.4,3511,0.93769
799.22,460.39,3512,0.9422
788.56,458.42,3513,0.95464
778.11,454.91,3514,0.91905
767.89,453.5,3515,0.87684
757.89,452.51,3516,0.90911
748.84,450.16,3517,0.88374
739.13,449.78,3518,0.91902
729.46,447.75,3519,0.9575
718.83,445.16,3520,0.96014
709.18,443.04,3521,0.94383
699.05,442.37,3522,0.88511
687.39,439.93,3523,0.819
678.05,437.11,3524,0.94158
668.62,435.51,3525,0.95755
658.83,434.95,3526,0.96564
648.75,433.27,3527,0.96358
639.19,432.19,3528,0.98715
629.27,430.45,3529,0.99251
619.51,428.7,3530,0.99399
609.27,426.77,3531,0.99109
599.61,424.55,3532,0.97648
1028.2,552.71,3624,0.96686
1025.4,543.34,3625,0.91063
1020.9,534.46,3626,0.94929
1017.8,524.95,3627,0.98286
1014.5,515.32,3628,0.94598
1010.1,506.63,3629,0.94836
1006.3,496.73,3630,0.98598
1003.3,486.88,3631,0.9446
993.58,486.08,3632,0.96788
983.61,484.37,3633,0.97337
973.41,481.45,3634,0.88571
963.99,480.64,3635,0.98502
954.15,478.97,3636,0.99566
944.27,477.68,3637,0.98601
934.52,475.56,3638,0.99762
924.8,473.74,3639,0.99209
915.03,472.23,3640,0.98272
904.44,469.91,3641,0.98154
894.86,467.74,3642,0.97034
884.97,466.31,3643,0.98785
875.01,464.14,3644,0.91654
865,463.61,3645,0.93581
855.39,461.67,3646,0.97674
845.52,460.09,3647,0.94509
836.17,457.12,3648,0.91384
825.95,455.86,3649,0.9683
815.66,454.2,3650,0.98086
805.14,452.59,3651,0.94822
795.19,450.35,3652,0.97113
785.23,447.88,3653,0.99449
775.56,445.51,3654,0.95884
765.59,444.08,3655,0.94579
755.55,442.57,3656,0.9497
745.42,440.89,3657,0.97102
735.73,439.86,3658,0.97019
725.95,438.14,3659,0.94921
714.8,435.09,3660,0.86887
705.13,433.91,3661,0.98867
695.19,432.79,3662,0.86623
685.29,429.9,3663,0.95424
675.51,427.46,3664,0.96525
665.14,426.12,3665,0.89031
655.43,425.78,3666,0.93465
645.38,423.62,3667,0.9205
635.79,423.05,3668,0.95866
625.57,421.3,3669,0.84264
616.11,419.55,3670,0.91673
606.12,416.79,3671,0.93882
595.64,415.01,3672,0.96706
1038.1,555.05,3757,0.99729
1035.1,545.51,3758,0.97971
1031.4,535.53,3759,0.95238
1027.8,526.48,3760,0.99146
1024,517.43,3761,0.98193
1020.8,507.19,3762,0.89532
1016.2,498.51,3763,0.91242
1013.3,488.52,3764,0.97932
1010.4,479.43,3765,0.9747
1000.3,477.34,3766,0.94728
990.14,476.67,3767,0.94437
980.56,474.46,3768,0.99064
970.29,472.11,3769,0.93652
960.4,471.23,3770,0.98742
950.7,469.96,3771,0.98976
940.89,468.03,3772,0.998
931.18,466.04,3773,0.99625
921.46,464.35,3774,0.98584
911.59,462.73,3775,0.96177
901.79,460.33,3776,0.98838
891.71,458.01,3777,0.9574
881.78,457.11,3778,0.95022
870.75,455.25,3779,0.85791
861.55,452.89,3780,0.90418
851.85,452.23,3781,0.90039
842.41,449.46,3782,0.9232
832.36,448.17,3783,0.99108
821.76,446.21,3784,0.95698
812.36,443.82,3785,0.95778
802.52,442.81,3786,0.91045
792.19,440.31,3787,0.98893
782.42,437.77,3788,0.92897
771.77,436.22,3789,0.99219
761.68,434.75,3790,0.97703
751.66,432.9,3791,0.97865
742.1,430.6,3792,0.91935
732.15,430.01,3793,0.97181
722.36,428.54,3794,0.90592
710.79,425.15,3795,0.80287
701.04,424.15,3796,0.89009
691.78,421.9,3797,0.97589
682.09,419.93,3798,0.94906
672.55,418.43,3799,0.96704
662.52,416.4,3800,0.77512
652.1,416.21,3801,0.75695
642.56,413.58,3802,0.5947
631.9,414.01,3803,0.55178
624.32,407.41,3804,0.44706
613.66,410.12,3805,0.35252
601.87,405.5,3806,0.088306
591.97,405.72,3807,0.21248
1048.1,557.14,3886,0.97543
1044.9,547.37,3887,0.9915
1041.3,537.72,3888,0.98729
1038.4,528.35,3889,0.9518
1034.2,518.98,3890,0.98085
1030.5,509.65,3891,0.98276
1026.8,499.53,3892,0.92786
1023.8,490.1,3893,0.98693
1020.5,480.63,3894,0.95892
1017.1,471.64,3895,0.99296
1007.2,469.89,3896,0.99315
996.99,468.08,3897,0.98649
987.24,466.86,3898,0.97664
977.54,464.8,3899,0.98717
966.82,462.92,3900,0.95271
956.96,461.95,3901,0.98025
947.35,460.28,3902,0.99443
937.56,458.24,3903,0.99126
927.47,456.26,3904,0.97812
918.12,454.08,3905,0.9655
908.31,452.74,3906,0.97255
898.44,450.73,3907,0.98019
888.73,448.66,3908,0.98579
878.97,447.28,3909,0.92181
868.57,445.64,3910,0.93491
857.76,443.82,3911,0.8834
848.49,440.98,3912,0.881
838.63,440.25,3913,0.98064
828.75,438.79,3914,0.965
818.28,436.13,3915,0.97136
808.6,433.98,3916,0.96094
798.84,432.83,3917,0.94852
788.6,430.36,3918,0.96658
777.76,428.15,3919,0.92516
768.58,427.15,3920,0.96973
758.61,424.99,3921,0.98512
748.51,423.39,3922,0.99033
738.65,421.15,3923,0.92992
728.67,420.55,3924,0.91182
718.68,418.39,3925,0.86712
708.39,415.44,3926,0.8387
698.77,414.16,3927,0.87709
689.28,411.8,3928,0.95462
679.87,408.6,3929,0.37964
669.7,409.09,3930,0.71633
656.47,406.91,3931,0.17811
646.9,402.99,3932,0.13214
636.74,405.26,3933,0.67905
1058,558.42,4013,0.98824
1054.7,548.78,4014,0.98529
1051.3,539.71,4015,0.99568
1048,530,4016,0.98455
1044.1,521,4017,0.98664
1040.2,511.49,4018,0.99103
1036.7,502.08,4019,0.96792
1034.3,492.42,4020,0.96409
1030.9,482.66,4021,0.99283
1027.7,473.59,4022,0.97472
1024.1,464.16,4023,0.98719
1013.7,462.23,4024,0.98357
1003.6,460.58,4025,0.99629
993.93,458.81,4026,0.99632
984.14,457.21,4027,0.99155
974.35,455.49,4028,0.93828
963.29,453.63,4029,0.97748
953.72,452.28,4030,0.99086
943.79,450.33,4031,0.99539
933.98,448.66,4032,0.98394
924.04,446.19,4033,0.96655
914.17,444.53,4034,0.97444
904.39,442.79,4035,0.97989
894.96,440.99,4036,0.99228
885.06,438.95,4037,0.9783
874.69,437.73,4038,0.99084
864.93,436.52,4039,0.91102
855.4,433.6,4040,0.85983
844.5,431.81,4041,0.98594
834.99,430.64,4042,0.99059
825.28,428.98,4043,0.94029
815.08,426.36,4044,0.96163
804.48,424.57,4045,0.94203
794.52,422.24,4046,0.96586
784.67,420.96,4047,0.95416
774.92,418.83,4048,0.96063
765.4,417.82,4049,0.95425
755.16,415.89,4050,0.99209
745.57,413.64,4051,0.92822
734.41,411.91,4052,0.82828
725.24,408.34,4053,0.54955
715.25,408.41,4054,0.39625
707.37,402.53,4055,0.23021
696.97,404.01,4056,0.37767
1064.1,550.71,4137,0.97875
1061.4,541.44,4138,0.97958
1057.7,531.96,4139,0.99641
1054.2,522.52,4140,0.99019
1050.1,513.14,4141,0.98076
1046.7,504.22,4142,0.9852
1043.7,494.61,4143,0.98599
1040.6,484.87,4144,0.98999
1037.5,475.36,4145,0.96262
1033.9,466.32,4146,0.93636
1030.7,456.79,4147,0.9756
1020.7,455.19,4148,0.96915
1010.3,452.74,4149,0.964
1000.1,451.36,4150,0.98778
990.41,449.34,4151,0.97289
980.32,447.19,4152,0.96073
970.16,446.37,4153,0.94161
960.12,444.48,4154,0.99328
950.11,442.94,4155,0.99454
940.35,441.05,4156,0.98963
930.96,438.85,4157,0.94668
921.14,436.62,4158,0.95437
911.06,435.14,4159,0.96633
901.32,432.87,4160,0.96192
891.61,431.4,4161,0.94919
881.52,429.6,4162,0.94692
870.77,428.38,4163,0.91113
861.14,425.33,4164,0.91444
850.64,423.59,4165,0.97165
840.95,422.39,4166,0.99215
830.9,420.8,4167,0.93777
821.4,418.14,4168,0.90255
810.56,416.05,4169,0.9628
801.08,414.27,4170,0.98582
791.21,412.08,4171,0.94315
781.5,411.26,4172,0.90311
771.75,408.79,4173,0.80503
761.73,408.51,4174,0.75427
751.61,405.28,4175,0.54173
741.23,404.69,4176,0.61734
1073.9,552.78,4254,0.97766
1071.1,542.97,4255,0.97876
1067.8,533.78,4256,0.99633
1064.2,524.35,4257,0.97016
1060.2,515.24,4258,0.97014
1056.5,505.65,4259,0.98225
1053.5,496.47,4260,0.99655
1049.9,486.92,4261,0.9846
1047,477.11,4262,0.98282
1043.6,466.58,4263,0.85075
1040.8,457.76,4264,0.96269
1036.8,449.05,4265,0.98376
1026.8,447.39,4266,0.98535
1017.1,445.43,4267,0.97327
1006.1,443.42,4268,0.96004
996.3,441.25,4269,0.97464
986.08,439.16,4270,0.9499
975.99,437.99,4271,0.96172
966.31,436.91,4272,0.98906
956.27,435.12,4273,0.9764
946.61,433.25,4274,0.96395
936.74,430.56,4275,0.94328
926.87,428.37,4276,0.9508
917.25,426.45,4277,0.97358
907.21,425.01,4278,0.98249
897.05,422.96,4279,0.95505
886.86,421.15,4280,0.94341
876.99,420.54,4281,0.88093
867.35,417.73,4282,0.95203
857.04,415.84,4283,0.9301
847.46,414.04,4284,0.94841
837.06,413.15,4285,0.85197
826.94,409.21,4286,0.66359
817.25,408.8,4287,0.74541
807.2,406.36,4288,0.59437
797.22,404.15,4289,0.92521
786.76,402.86,4290,0.87308
1083.7,554.73,4366,0.99332
1080.5,545.4,4367,0.99032
1077.3,535.73,4368,0.99914
1074.3,526.45,4369,0.99583
1071,517.17,4370,0.97198
1066.9,508.02,4371,0.9655
1063.3,498.4,4372,0.99127
1059.9,488.75,4373,0.99583
1056.8,479.3,4374,0.99797
1053.3,469.24,4375,0.97094
1050.7,459.67,4376,0.9656
1047,450.22,4377,0.98994
1043.1,440.63,4378,0.96804
1033.4,439.73,4379,0.9709
1023.5,437.55,4380,0.97909
1012.9,436.24,4381,0.95171
1002.2,433.6,4382,0.93091
992.79,431.75,4383,0.98936
983.12,429.31,4384,0.95567
972.85,428.19,4385,0.93563
962.84,427.54,4386,0.89111
953.27,424.64,4387,0.93226
943.66,423.34,4388,0.96041
933.6,420.84,4389,0.98793
923.96,418.19,4390,0.9347
912.89,417.15,4391,0.86508
903.16,414.35,4392,0.75007
893.31,413.59,4393,0.85224
883.08,411.31,4394,0.8229
873.28,410,4395,0.96844
863.47,408.19,4396,0.70556
854.62,403.89,4397,0.52524
842.91,405.04,4398,0.48785
1094.1,556.76,4472,0.97049
1090.5,547.3,4473,0.98447
1087,537.78,4474,0.98816
1084,528.18,4475,0.98994
1080.6,518.76,4476,0.99792
1077.2,509.59,4477,0.99133
1073.2,500.31,4478,0.98764
1069.6,490.82,4479,0.9794
1066.6,481.33,4480,0.97833
1063.4,471.68,4481,0.98652
1060.6,461.57,4482,0.9619
1056.9,452.13,4483,0.98139
1053.1,442.44,4484,0.98805
1050,432.81,4485,0.99031
1040,431.24,4486,0.98981
1029.7,429.49,4487,0.98562
1020,427.85,4488,0.98356
1009.6,426.71,4489,0.92784
999.87,424.08,4490,0.95764
989.47,421.03,4491,0.91471
979.76,419.75,4492,0.97196
969.88,418.1,4493,0.90543
960.12,417.35,4494,0.84807
950.58,414.36,4495,0.76731
940.23,413.29,4496,0.71243
930.66,410.33,4497,0.64102
920.81,407.09,4498,0.42408
910.73,407.79,4499,0.23595
901.79,403.32,4500,0.18369
891.98,404.24,4501,0.36765
1104.3,557.99,4573,0.97318
1100.7,548.57,4574,0.98469
1096.8,539.25,4575,0.98773
1093.7,529.58,4576,0.98457
1090.5,520.39,4577,0.98932
1087.7,510.67,4578,0.9211
1083.3,501.7,4579,0.99118
1079.3,492.02,4580,0.98058
1076.1,482.6,4581,0.9898
1072.9,473.3,4582,0.97312
1070.3,463.67,4583,0.94514
1066.8,453.08,4584,0.96902
1063.1,443.84,4585,0.98348
1059.9,434.42,4586,0.98473
1056.9,424.19,4587,0.93844
1046.6,423.33,4588,0.96045
1035.9,420.94,4589,0.96054
1026.1,419.55,4590,0.98064
1016.1,418.58,4591,0.97166
1005.9,416.43,4592,0.82577
996.73,414.44,4593,0.86925
985.99,411.01,4594,0.79696
975.95,407.54,4595,0.51108
965.74,408.64,4596,0.62954
956.12,405.98,4597,0.53129
944.04,404.02,4598,0.62811
1110.7,550.58,4670,0.99751
1107.4,541.01,4671,0.98679
1103.4,531.68,4672,0.97835
1100.5,522.29,4673,0.9817
1097.1,512.93,4674,0.98618
1093.4,502.82,4675,0.95144
1089.5,493.39,4676,0.94567
1086.1,484.18,4677,0.99767
1082.8,474.88,4678,0.95591
1080.5,464.78,4679,0.92816
1076.7,454.99,4680,0.97676
1073.4,445.48,4681,0.99509
1069.8,436.09,4682,0.98664
1066.6,425.92,4683,0.97988
1062.8,415.72,4684,0.92386
1052.5,415.11,4685,0.9564
1042.5,413.22,4686,0.79828
1032.5,409.93,4687,0.44803
1022,410.17,4688,0.93143
1012.3,408.73,4689,0.63007
1005,401.58,4690,0.50355
993.83,404.8,4691,0.25256
1120.4,552.78,4760,0.97538
1117.3,543.08,4761,0.96892
1113.4,533.56,4762,0.99539
1110.1,524.57,4763,0.97247
1106.6,514.48,4764,0.98481
1103.3,505.17,4765,0.98847
1100.1,495.62,4766,0.99492
1096.9,486.17,4767,0.94306
1092.7,476.53,4768,0.97048
1090.1,467.3,4769,0.95346
1086.8,457.29,4770,0.99184
1083.1,447.49,4771,0.99564
1079.9,437.98,4772,0.98317
1076.1,427.91,4773,0.98952
1072.7,417.94,4774,0.96763
1069.5,408.25,4775,0.78282
1058.1,406.03,4776,0.32605
1047.3,404.48,4777,0.056924
1131.2,554.75,4845,0.97056
1127.1,545.35,4846,0.95579
1123.2,535.15,4847,0.98147
1120,525.88,4848,0.98473
1116.2,516.79,4849,0.97809
1112.8,507.06,4850,0.99043
1109.8,497.36,4851,0.98728
1106.9,487.78,4852,0.94529
1102.7,478.07,4853,0.97033
1099.8,468.56,4854,0.98043
1096.5,459.07,4855,0.99565
1093.1,449.67,4856,0.98917
1089.6,439.91,4857,0.99678
1086,429.84,4858,0.95741
1083.3,419.64,4859,0.96469
1079.5,408.59,4860,0.65691
1140.6,556.79,4925,0.99162
1137.7,547.26,4926,0.91066
1132.9,537.09,4927,0.93968
1130,527.8,4928,0.97358
1126.6,518.48,4929,0.98812
1122.9,509.38,4930,0.96541
1119.6,499.74,4931,0.99335
1116.7,490.09,4932,0.92179
1112.4,479.65,4933,0.9489
1109.5,470.03,4934,0.98257
1106.3,460.78,4935,0.9966
1103.1,451.03,4936,0.97693
1099.5,441.74,4937,0.99594
1096,432.04,4938,0.98758
1093,422.29,4939,0.97437
1090.2,412.75,4940,0.78462
1150.3,558.58,5004,0.98216
1147.5,549.03,5005,0.92791
1142.8,538.78,5006,0.85297
1140.4,528.92,5007,0.9067
1136.5,519.81,5008,0.99332
1133.2,510.43,5009,0.9884
1129.6,501.63,5010,0.97629
1126.4,492.08,5011,0.93087
1122.2,481.71,5012,0.9397
1119.2,472.33,5013,0.99756
1116.2,462.88,5014,0.98999
1112.7,453.44,5015,0.98674
1109.5,443.6,5016,0.99455
1106,434.18,5017,0.99027
1102.9,423.83,5018,0.95785
1100.3,413.64,5019,0.86608
1095.7,404.48,5020,0.7167
1157.3,550.55,5082,0.96432
1152.8,540.9,5083,0.92095
1149.9,531.62,5084,0.93789
1146.2,521.25,5085,0.97827
1143,512.03,5086,0.99639
1139.5,502.71,5087,0.97881
1136.4,492.61,5088,0.89446
1132,483.66,5089,0.92358
1129.1,474.35,5090,0.99094
1126.2,464.85,5091,0.99413
1122.8,455.29,5092,0.99012
1119.1,445.75,5093,0.98935
1115.8,436.02,5094,0.99555
1112.4,426.46,5095,0.96017
1109.7,415.66,5096,0.91712
1105.7,404.88,5097,0.51513
1166.9,551.85,5158,0.97608
1164,542.58,5159,0.98122
1160.1,533.02,5160,0.98214
1156,523.48,5161,0.96468
1152.9,513.88,5162,0.99593
1149.6,504.59,5163,0.99566
1146.1,495.17,5164,0.98094
1143,485.21,5165,0.97113
1139.2,475.99,5166,0.97871
1135.8,466.73,5167,0.98305
1132.7,457.27,5168,0.95949
1128.9,447.24,5169,0.99407
1125.5,437.93,5170,0.99716
1122.1,428.17,5171,0.98884
1119.1,418.92,5172,0.88988
1115.8,407.8,5173,0.75797
1176.5,554.09,5232,0.96439
1174,543.99,5233,0.92882
1169.9,534.67,5234,0.98954
1166.3,525.36,5235,0.99106
1163.2,515.81,5236,0.97522
1159.4,506.15,5237,0.98863
1156.4,496.84,5238,0.976
1153.1,487.39,5239,0.92183
1149.1,477.2,5240,0.98836
1145.5,468.01,5241,0.97623
1142.5,457.96,5242,0.94389
1138.9,449.09,5243,0.9928
1135.1,439.59,5244,0.99121
1131.7,430.4,5245,0.96718
1128.7,420.5,5246,0.97495
1125.7,409.07,5247,0.63373
1186.6,555.57,5304,0.97649
1183.7,545.96,5305,0.97579
1179.9,535.87,5306,0.97151
1176.3,526.76,5307,0.9947
1173,517.39,5308,0.99781
1169.3,507.76,5309,0.97597
1166.4,498.09,5310,0.97771
1163.1,488.02,5311,0.94017
1159.1,478.15,5312,0.91984
1155.7,469.39,5313,0.99484
1152.4,460.13,5314,0.99568
1149.1,450.42,5315,0.96095
1145.1,441.33,5316,0.95061
1142.5,431.56,5317,0.90931
1138.4,422.85,5318,0.94213
1135.1,412.81,5319,0.90142
1196.6,557.06,5373,0.98837
1193.5,547.71,5374,0.98672
1189.7,538,5375,0.97764
1186.5,528.29,5376,0.98079
1182.7,519.07,5377,0.99142
1179.6,509.63,5378,0.99026
1176,500.25,5379,0.96441
1172.9,490.32,5380,0.98925
1169.5,480.9,5381,0.95843
1165.5,470.95,5382,0.99234
1162.1,461.8,5383,0.99858
1158.7,452.57,5384,0.98529
1155.9,443.28,5385,0.9473
1151.9,434,5386,0.94549
1148.6,423.92,5387,0.9791
1144.6,414.71,5388,0.96024
1141.8,405.32,5389,0.78285
1206.5,559.3,5442,0.9774
1203.4,549.69,5443,0.96871
1199.5,540.06,5444,0.98753
1196,530.41,5445,0.99543
1192.7,520.52,5446,0.9816
1189.4,511.16,5447,0.99693
1186,501.16,5448,0.94581
1182.9,491.96,5449,0.98706
1179.4,482.76,5450,0.99363
1175.5,472.7,5451,0.96604
1172.1,463.33,5452,0.99398
1168.6,454.09,5453,0.99132
1165.4,444.47,5454,0.98581
1161.7,435.04,5455,0.97109
1158.6,425.53,5456,0.97023
1154.6,415.83,5457,0.96801
1151.6,406.22,5458,0.8336
1209.1,541.86,5511,0.97802
1205.9,532.3,5512,0.99751
1202.7,522.97,5513,0.9704
1199.1,513,5514,0.99788
1195.9,503.69,5515,0.97153
1192.6,494.09,5516,0.97522
1189.7,484.69,5517,0.97191
1186.1,475.33,5518,0.96456
1182.3,465.24,5519,0.99018
1178.6,455.99,5520,0.98806
1175.2,445.57,5521,0.9604
1171.6,436.5,5522,0.93506
1169,426.32,5523,0.85737
1164.8,417.69,5524,0.94153
1161.1,407.02,5525,0.8456
1208.7,514.82,5580,0.97495
1205.7,504.9,5581,0.97682
1202.5,495.28,5582,0.97907
1199.3,485.99,5583,0.99223
1195.8,476.58,5584,0.99023
1192.2,467.06,5585,0.98189
1188.5,457.54,5586,0.98293
1184.8,448.07,5587,0.96549
1181.8,437.32,5588,0.88809
1178.3,428.95,5589,0.94549
1174.7,418.03,5590,0.8025
1170.6,409.56,5591,0.92874
1208.9,487.91,5647,0.99802
1205.6,478.4,5648,0.99408
1202.1,469.11,5649,0.99766
1198.9,459.67,5650,0.98784
1195.2,450.42,5651,0.97591
1191.6,440.49,5652,0.96386
1188.5,430.41,5653,0.93564
1184.1,421.09,5654,0.85338
1181.8,411.1,5655,0.41
1208.5,461.69,5710,0.98537
1205.1,451.89,5711,0.98105
1201.4,442.53,5712,0.97262
1198.2,432.85,5713,0.97124
1195.2,423.15,5714,0.90415
1191.2,414.39,5715,0.19356
1207.9,434.12,5772,0.96725
1205.2,424.15,5773,0.94956
1201.6,412.72,5774,0.33656
1193.7,404.81,5775,0.55709
1209.6,404.82,5833,0.41793
821.36,399.68,13690,0.67005
814.81,391.37,13691,0.94384
803.42,393.54,13692,0.69808
792.96,395.06,13693,0.68921
776.78,400.24,13694,0.60099
766.26,400.09,13695,0.69388
831.58,399.45,13786,0.20619
824.38,389.29,13787,0.95623
817.94,381.49,13788,0.9894
808.64,383.45,13789,0.9444
798.85,384.61,13790,0.85916
788.53,386.33,13791,0.62049
779.49,390.62,13792,0.38287
769.66,390.82,13793,0.8898
758.9,393.18,13794,0.8477
749.01,394.97,13795,0.60484
739.01,394.93,13796,0.49204
729.53,397.74,13797,0.53342
719.95,399.59,13798,0.88178
841.02,393.86,13887,0.0643
834.26,386.95,13888,0.89965
827.76,379.64,13889,0.97586
821.54,372.25,13890,0.99814
811.74,373.92,13891,0.98849
802.23,375.24,13892,0.98884
792.31,377.01,13893,0.9913
781.9,379.06,13894,0.92593
772.34,381.42,13895,0.95069
762.81,383.8,13896,0.966
752.86,385.37,13897,0.94349
742.9,385.48,13898,0.93056
732.98,387.18,13899,0.9721
723.25,389.71,13900,0.96662
713.69,391.94,13901,0.84429
703.77,393.15,13902,0.70388
693.47,394.94,13903,0.77855
683.6,396.28,13904,0.45472
674.43,400.2,13905,0.70587
664.43,400.59,13906,0.52324
851.01,394.64,13992,0.8268
844.91,385.04,13993,0.88864
838.95,377.46,13994,0.92701
831.92,370.59,13995,0.93119
825.23,362.96,13996,0.9798
815.16,364.48,13997,0.99135
805.47,365.78,13998,0.99
795.42,367.58,13999,0.97826
785.51,368.7,14000,0.96807
776.02,370.88,14001,0.95086
766.34,373.38,14002,0.95751
756.13,375.87,14003,0.90674
746.18,376.19,14004,0.91452
736.33,376.92,14005,0.93826
726.65,379.29,14006,0.97372
716.27,380.76,14007,0.93776
706.66,383.26,14008,0.98205
697.33,385.25,14009,0.97334
687.43,386.64,14010,0.9368
677.55,388.67,14011,0.96615
667.78,391.31,14012,0.94827
657.77,393.04,14013,0.4586
647.75,392.94,14014,0.68631
637.75,395.1,14015,0.8517
628.55,398.35,14016,0.82327
615.25,400.27,14017,0.18312
869.07,400.11,14097,0.21693
861.42,393.69,14098,0.38073
855.37,385.56,14099,0.60804
848.26,375.9,14100,0.97321
841.99,367.83,14101,0.97273
835.45,360.54,14102,0.99418
828.56,353.29,14103,0.94047
819.04,355.05,14104,0.97603
809.16,356.29,14105,0.9874
798.98,358.11,14106,0.99085
789.45,359.76,14107,0.97944
779.24,361.44,14108,0.98059
769.06,363.84,14109,0.98942
758.87,365.84,14110,0.93452
748.92,366.7,14111,0.93652
739.19,367.48,14112,0.95823
729.56,369.37,14113,0.99276
719.75,371.4,14114,0.99483
709.71,373.56,14115,0.98915
700.03,375.62,14116,0.95697
689.94,376.61,14117,0.93352
680.36,379.17,14118,0.98358
670.34,381.64,14119,0.85388
660.27,382.05,14120,0.89192
650.45,383.33,14121,0.93779
640.99,385.82,14122,0.96509
630.95,387.02,14123,0.87273
621.6,390.42,14124,0.71057
611.62,391.38,14125,0.45503
602.83,395.57,14126,0.42096
591.88,395.76,14127,0.65264
878.69,401.79,14206,0.4309
870.65,389.88,14207,0.74644
864.4,381.54,14208,0.80833
857.67,373.86,14209,0.92832
851.43,365.78,14210,0.95792
845.24,358.43,14211,0.98836
838.29,351.01,14212,0.94236
832.79,342.86,14213,0.89903
823.18,345.26,14214,0.92
813.39,346.46,14215,0.93738
803.31,348.18,14216,0.96023
792.58,350.26,14217,0.99278
782.77,352.1,14218,0.9876
772.33,354.37,14219,0.97485
762.33,356.47,14220,0.94247
752.02,357.11,14221,0.95388
742.24,358.02,14222,0.9773
732.37,359.31,14223,0.93609
722.73,361.86,14224,0.99394
713.19,363.99,14225,0.98925
703.28,365.56,14226,0.98556
693.44,367.3,14227,0.98304
683.49,368.79,14228,0.96059
674.14,371.6,14229,0.93971
664.36,372.9,14230,0.93814
654.41,374.15,14231,0.94932
644.2,376.28,14232,0.99246
634.22,377.75,14233,0.96515
623.7,380.38,14234,0.93598
613.82,382,14235,0.95299
604.73,384.69,14236,0.93562
594.74,386.43,14237,0.98914
886.62,396.01,14316,0.58497
880.61,388.32,14317,0.88548
874.12,380.57,14318,0.98889
867.63,372.19,14319,0.97791
861.15,364.95,14320,0.97152
854.61,356.13,14321,0.92821
847.96,348.96,14322,0.93957
842.03,340.4,14323,0.91779
835.19,332.89,14324,0.89327
826.01,335.57,14325,0.85062
816.35,335.93,14326,0.89694
806.67,338.48,14327,0.97289
796.31,340.8,14328,0.97736
786.19,342.45,14329,0.98559
775.82,344.91,14330,0.92619
766.19,346.34,14331,0.98508
756.46,348.15,14332,0.93339
745.82,348.78,14333,0.97362
736.29,350.5,14334,0.98879
725.64,352.16,14335,0.93541
716.12,354.36,14336,0.98758
706.16,355.98,14337,0.98563
696.31,357.61,14338,0.98556
686.62,359.47,14339,0.99858
676.77,361.6,14340,0.96343
667.01,363.24,14341,0.96869
657.29,364.64,14342,0.97926
647.58,366.93,14343,0.98804
637.72,368.58,14344,0.98785
626.77,370.36,14345,0.96366
617.22,372.55,14346,0.99052
607.59,374.82,14347,0.99252
598.07,377,14348,0.9511
896.58,394.88,14429,0.94251
890.56,386.77,14430,0.98525
883.87,379.01,14431,0.99198
877.78,371.12,14432,0.99146
871.33,363.23,14433,0.99415
864.62,355.45,14434,0.97055
858.37,347.06,14435,0.9798
852,339.59,14436,0.98116
845.88,331.45,14437,0.96633
839.1,323.93,14438,0.97151
829.36,324.78,14439,0.95796
820.05,326.62,14440,0.94627
810.25,328.5,14441,0.93445
799.68,331.72,14442,0.93585
789.06,333.07,14443,0.95344
779.57,334.68,14444,0.9804
769.84,335.56,14445,0.92906
759.71,337.59,14446,0.97734
749.53,339.15,14447,0.98088
739.88,340.94,14448,0.98505
729.94,342.96,14449,0.97602
719.85,344.26,14450,0.91979
709.78,346.85,14451,0.972
699.95,348.44,14452,0.99727
689.83,350.11,14453,0.99352
680.11,351.91,14454,0.99195
670.58,353.41,14455,0.987
660.92,355.17,14456,0.97256
650.65,357.28,14457,0.99256
640.87,359.27,14458,0.99039
630.62,361.06,14459,0.97531
620.43,363.01,14460,0.99045
610.54,365.03,14461,0.99478
600.71,366.87,14462,0.96765
590.77,368.54,14463,0.98894
914.44,399.06,14542,0.90112
907.37,392.5,14543,0.89029
900.98,384.88,14544,0.96086
893.97,377.36,14545,0.98713
887.65,369.69,14546,0.99801
881.29,361.49,14547,0.99022
874.6,354.01,14548,0.99214
868.1,346.07,14549,0.98352
862.41,337.97,14550,0.97231
855.88,330.65,14551,0.95708
848.94,322.79,14552,0.9872
842.62,314.83,14553,0.9788
832.91,315.61,14554,0.98765
822.89,317.02,14555,0.94309
813.28,319.04,14556,0.95883
802.82,321.94,14557,0.88103
793.21,324.05,14558,0.97093
783.08,325.28,14559,0.99143
773.25,326.27,14560,0.96854
763.16,328.27,14561,0.97812
753.49,329.81,14562,0.99725
744.02,331.11,14563,0.92614
733.5,333.42,14564,0.99502
723.78,335.15,14565,0.97687
712.56,337.24,14566,0.93366
703.28,339.2,14567,0.98796
693.37,340.73,14568,0.99461
683.94,342.55,14569,0.98703
673.73,343.91,14570,0.98322
663.63,345.52,14571,0.98149
654.3,347.65,14572,0.98433
643.61,349.73,14573,0.97208
633.61,351.52,14574,0.97783
623.15,353.18,14575,0.94236
613.41,355.44,14576,0.96567
603.29,356.88,14577,0.94078
593.96,358.88,14578,0.99431
924.38,397.23,14658,0.49262
917.41,389.76,14659,0.99147
910.67,382.37,14660,0.98958
903.94,375.4,14661,0.98992
897.67,368.11,14662,0.98329
891.51,360.05,14663,0.99282
884.78,352.22,14664,0.99211
877.77,344.7,14665,0.94978
872.3,336.47,14666,0.96462
865.73,328.82,14667,0.99433
859.03,321.11,14668,0.99678
852.51,313.38,14669,0.98711
846.83,305.33,14670,0.97244
837.06,306.55,14671,0.96411
827.02,308.01,14672,0.9883
817.36,308.98,14673,0.92437
807.39,311.33,14674,0.95214
797.1,313.74,14675,0.95505
787.12,316.11,14676,0.9588
777.17,317.19,14677,0.97778
766.53,318.82,14678,0.9779
757.22,320.12,14679,0.97452
747.07,321.7,14680,0.97225
736.8,323.98,14681,0.9828
726.71,325.76,14682,0.99501
717,327.6,14683,0.96323
706.45,329.55,14684,0.98691
697.13,331.26,14685,0.98662
687.18,332.93,14686,0.98919
677.58,334.68,14687,0.96667
666.79,336.1,14688,0.97649
657.13,337.56,14689,0.94583
647.42,340.41,14690,0.95125
637.46,341.94,14691,0.98914
627.41,343.63,14692,0.99226
616.91,345.01,14693,0.95355
607.42,347.46,14694,0.95094
597.34,348.83,14695,0.97053
934.35,401.28,14776,0.31751
927.22,387.4,14777,0.83493
920.59,380.37,14778,0.99432
913.98,373,14779,0.98956
907.26,365.99,14780,0.98003
901.01,358.37,14781,0.95374
895.2,350.42,14782,0.92122
887.88,343.05,14783,0.95032
882.02,334.89,14784,0.98821
875.74,326.5,14785,0.96622
868.85,319.24,14786,0.96211
862.44,311.8,14787,0.97406
856.48,303.61,14788,0.97172
849.87,296.13,14789,0.96089
840.3,297.18,14790,0.97728
830.45,298.85,14791,0.99222
820.77,300.09,14792,0.98765
810.43,302.04,14793,0.97685
800.37,304.11,14794,0.98521
790.54,305.76,14795,0.98923
780.72,307.93,14796,0.98388
770.38,309.6,14797,0.96737
760.4,310.35,14798,0.91613
750.56,312.77,14799,0.97238
740.09,314.54,14800,0.98151
730.12,316.41,14801,0.99414
720.16,318.11,14802,0.99721
709.82,320.11,14803,0.96698
700.27,321.36,14804,0.98075
690.16,323.22,14805,0.99137
680.3,324.87,14806,0.98294
670.71,326.86,14807,0.97891
660.84,328.01,14808,0.96375
650.31,330.6,14809,0.96095
640.5,332.41,14810,0.99014
631.03,334.15,14811,0.99583
621.19,335.54,14812,0.96931
610.55,337.48,14813,0.98284
600.59,339.53,14814,0.9851
590.44,341.11,14815,0.96307
941.45,394.27,14898,0.66883
936.69,385.86,14899,0.75473
930.44,377.9,14900,0.94674
923.72,370.45,14901,0.9854
916.72,363.47,14902,0.96527
910.33,355.72,14903,0.93729
904.5,347.6,14904,0.89657
897.77,340.91,14905,0.92516
891.98,333.17,14906,0.97937
886.2,324.88,14907,0.9714
879.46,317.24,14908,0.9906
873.42,309.47,14909,0.93788
866.48,302.55,14910,0.92467
859.67,294.23,14911,0.99379
852.62,286.52,14912,0.941
843.27,287.48,14913,0.97024
833.75,289.28,14914,0.99664
823.95,290.82,14915,0.99607
814.17,292.59,14916,0.97774
803.81,295.04,14917,0.97956
793.9,296.53,14918,0.99392
783.71,298.43,14919,0.98041
773.87,299.74,14920,0.98217
763.91,301.03,14921,0.98227
753.3,303.29,14922,0.93748
742.81,304.92,14923,0.92346
733.04,307.02,14924,0.99622
723.49,308.95,14925,0.99512
713.56,310.65,14926,0.98896
703.75,311.84,14927,0.98055
693.73,313.79,14928,0.99772
683.77,315.49,14929,0.9981
674.09,317.36,14930,0.98691
664.03,318.57,14931,0.98282
654.41,320.35,14932,0.97829
644.17,322.71,14933,0.98543
634.4,324.58,14934,0.99253
624.48,326.39,14935,0.99826
614.34,328.21,14936,0.9843
604.53,329.74,14937,0.98929
594.56,331.55,14938,0.9788
953.31,393.3,15022,0.4997
946.86,385.73,15023,0.88325
940.14,377.16,15024,0.97697
933.62,368.54,15025,0.94371
926.86,361.35,15026,0.98891
920.35,354.15,15027,0.99105
914.1,346.41,15028,0.99153
908.36,338.72,15029,0.98324
902.21,331.22,15030,0.96692
895.99,323.59,15031,0.94126
889.36,315.55,15032,0.99639
883.1,307.89,15033,0.99721
876.31,299.93,15034,0.98517
869.56,292.52,15035,0.99039
862.8,284.82,15036,0.99325
856.33,276.63,15037,0.98833
846.72,278,15038,0.97195
836.93,280.05,15039,0.98585
827.21,281.37,15040,0.99358
817.39,283.13,15041,0.99191
807.26,285.61,15042,0.97606
797.33,287.24,15043,0.99951
787.13,289.03,15044,0.97505
776.92,289.99,15045,0.96422
767.52,291.83,15046,0.99144
757.41,293.53,15047,0.97649
747.55,295.39,15048,0.93375
736.17,297.59,15049,0.96537
726.57,299.48,15050,0.99671
717.09,301.23,15051,0.99079
707.14,302.54,15052,0.99248
697.16,304.27,15053,0.99494
687.14,305.81,15054,0.98518
677.28,307.96,15055,0.9852
667.74,309.36,15056,0.96374
657.19,310.91,15057,0.97252
647.46,312.96,15058,0.97323
637.65,314.73,15059,0.9647
628.02,316.99,15060,0.97766
618.1,318.47,15061,0.97683
607.63,320.36,15062,0.99657
598.02,322.11,15063,0.99904
969.22,399.66,15150,0.72864
963.25,392.06,15151,0.97306
956.87,384.13,15152,0.99939
950.73,376.33,15153,0.96524
943.5,367.94,15154,0.96748
937.34,359.54,15155,0.92902
930.31,352.38,15156,0.96591
924.05,344.78,15157,0.99243
918.23,337.27,15158,0.97896
911.8,329.53,15159,0.99205
905.25,320.77,15160,0.91025
899.22,313.58,15161,0.99778
892.75,306.1,15162,0.98289
886.64,297.9,15163,0.96753
879.6,290.8,15164,0.96925
873.08,283.02,15165,0.99283
866.29,275.42,15166,0.96503
860.2,267.66,15167,0.95639
849.9,269.23,15168,0.99099
840.35,270.48,15169,0.99194
830.54,271.73,15170,0.98356
820.74,273.59,15171,0.99605
810.81,275.5,15172,0.99256
800.85,277.88,15173,0.97945
790.81,279.53,15174,0.97915
780.97,280.92,15175,0.96117
770.64,282.23,15176,0.98057
760.95,284.22,15177,0.98324
750.56,286.43,15178,0.99086
740.57,288.11,15179,0.94949
730.06,289.67,15180,0.97725
720.2,291.72,15181,0.98345
710.52,293.24,15182,0.99495
700.46,294.87,15183,0.96771
690.26,295.57,15184,0.92482
680.3,298.43,15185,0.92548
670.42,299.33,15186,0.9318
660.97,301.75,15187,0.96709
651.09,303.26,15188,0.99932
641.48,304.78,15189,0.98454
631.89,306.52,15190,0.93443
622.22,309.13,15191,0.92141
611.13,310.99,15192,0.97696
601.31,312.62,15193,0.987
591.5,314.48,15194,0.97827
980.67,398.68,15283,0.3851
974.07,390.96,15284,0.79079
966.75,382.62,15285,0.97093
960.5,374.53,15286,0.989
953.8,366.76,15287,0.96399
947.15,358.92,15288,0.87675
941.64,350.52,15289,0.85813
934.32,343.4,15290,0.89613
928.35,335.12,15291,0.93551
921.64,327.85,15292,0.99172
915.16,319.98,15293,0.97206
908.43,311.79,15294,0.98473
902.48,303.96,15295,0.9774
896.24,295.76,15296,0.96328
889.85,287.94,15297,0.96296
882.92,281.27,15298,0.94842
876.26,272.78,15299,0.97161
869.94,265.27,15300,0.98519
862.93,257.94,15301,0.90679
853.47,259.86,15302,0.99064
843.85,261.34,15303,0.98837
833.97,262.66,15304,0.99587
823.99,264.4,15305,0.9935
813.7,265.93,15306,0.97063
803.72,267.76,15307,0.97877
793.62,269.73,15308,0.99266
783.76,271.59,15309,0.97916
773.78,272.85,15310,0.98501
763.82,274.77,15311,0.99599
753.74,276.95,15312,0.97701
743.41,278.4,15313,0.97179
733.53,280.11,15314,0.96138
723.83,280.93,15315,0.92812
713.79,283.24,15316,0.97146
704.21,285.67,15317,0.96059
693.55,286.77,15318,0.98118
683.94,288.34,15319,0.99734
674.2,290.17,15320,0.9804
664.07,291.62,15321,0.97231
654.61,293.9,15322,0.97965
644.68,295.3,15323,0.994
634.74,296.95,15324,0.98062
624.86,299.42,15325,0.97829
615.15,301.81,15326,0.94983
605.1,303.17,15327,0.99202
595.68,304.99,15328,0.96543
989.79,395.19,15419,0.62649
983.44,387.34,15420,0.89182
977.04,379.88,15421,0.9762
970.33,372.49,15422,0.99767
963.65,365.02,15423,0.9605
956.68,355.88,15424,0.86605
951.11,347.78,15425,0.92555
944.57,340.34,15426,0.97849
937.97,332.82,15427,0.98581
930.98,325.84,15428,0.96544
924.97,318.18,15429,0.97806
918.25,310.64,15430,0.96845
912.25,302.62,15431,0.99555
906.07,294.92,15432,0.98767
899.55,286.25,15433,0.94615
893.13,278.24,15434,0.88308
886.12,271.13,15435,0.97695
879.32,262.95,15436,0.96105
873.33,254.9,15437,0.94419
867.02,247.55,15438,0.98932
857.47,249.75,15439,0.93554
847.23,251.82,15440,0.98754
837.25,253.89,15441,0.97471
827.42,254.95,15442,0.98279
817.67,256.54,15443,0.97571
807.64,258.14,15444,0.95692
796.97,260.31,15445,0.99729
786.89,262.09,15446,0.98761
777.02,263.37,15447,0.98047
767.07,265.48,15448,0.99692
757.21,267.34,15449,0.99752
746.82,269.22,15450,0.96864
737.62,270.66,15451,0.98646
727.81,271.78,15452,0.94268
716.96,273.74,15453,0.97555
707.5,275.71,15454,0.99731
697.69,277.67,15455,0.97988
687.43,279.17,15456,0.99799
677.42,280.5,15457,0.98222
667.66,282.58,15458,0.98168
657.86,283.75,15459,0.9702
648.09,285.96,15460,0.99129
638.16,287.63,15461,0.97808
628.65,289.54,15462,0.96527
618.11,292.1,15463,0.98288
608.57,293.79,15464,0.98059
598.62,295.27,15465,0.9792
999.53,392.91,15559,0.93659
993.5,384.94,15560,0.96085
987.75,376.64,15561,0.84996
980.08,370.29,15562,0.90889
973.78,362.04,15563,0.96109
967.15,354.46,15564,0.98806
960.98,346.66,15565,0.97238
954.33,338.45,15566,0.9924
947.49,331.05,15567,0.99109
940.82,323.25,15568,0.95713
934.63,315.62,15569,0.9696
928.11,308.5,15570,0.97207
922.18,301.03,15571,0.97995
915.77,293.3,15572,0.99912
909.65,285.88,15573,0.93799
903.85,277.53,15574,0.90763
897.23,269.44,15575,0.90807
889.26,261.52,15576,0.95648
883.23,253.47,15577,0.9988
877.08,245.63,15578,0.98251
860.33,240.13,15580,0.99722
850.58,242.34,15581,0.99468
840.27,244.28,15582,0.96847
830.57,245.55,15583,0.99105
820.52,247.12,15584,0.98815
810.84,249.04,15585,0.9887
800.12,250.89,15586,0.97079
790.14,252.43,15587,0.99252
780.48,254.33,15588,0.9871
770.37,256.23,15589,0.98616
760.36,257.66,15590,0.96722
750.77,259.84,15591,0.95778
741.05,260.77,15592,0.954
731.42,262.53,15593,0.96902
720.82,264.69,15594,0.96376
710.65,266.07,15595,0.97602
700.98,268.17,15596,0.99457
691.06,269.8,15597,0.99226
681.1,271.47,15598,0.99577
670.87,273.09,15599,0.98961
661.05,274.39,15600,0.98328
651.14,276.53,15601,0.99536
641.52,278.31,15602,0.98631
631.1,280.67,15603,0.95756
621.53,282.58,15604,0.95934
611.44,283.83,15605,0.97279
602.02,285.44,15606,0.98869
592.54,287.2,15607,0.97783
1017.6,400.38,15700,0.66638
1010,392,15701,0.92471
1003.5,383.33,15702,0.99463
997.44,375.04,15703,0.95319
990.57,367.28,15704,0.96761
983.68,360.29,15705,0.98514
977,352.56,15706,0.99033
970.79,344.77,15707,0.9914
964.32,336.77,15708,0.97308
957.58,329.41,15709,0.98543
950.89,321.74,15710,0.98324
944.99,313.62,15711,0.96333
938.4,306.56,15712,0.96726
932.49,298.5,15713,0.9383
925.66,291.51,15714,0.97218
919.43,283.79,15715,0.94271
913.45,275.3,15716,0.95955
906.89,267.34,15717,0.98324
899.4,259.71,15718,0.93563
893.13,252.06,15719,0.97875
887.2,243.88,15720,0.98877
803.3,241.2,15729,0.91674
793.66,243.3,15730,0.95296
783.3,244.73,15731,0.92705
773.89,247.03,15732,0.97453
764.15,248.5,15733,0.99603
754.53,249.65,15734,0.97329
744.92,251.53,15735,0.95382
734.33,253.36,15736,0.98738
724.39,255.41,15737,0.97696
714.6,256.94,15738,0.98335
704.18,258.61,15739,0.99015
694.63,260.52,15740,0.98621
684.38,262.48,15741,0.978
674.47,263.76,15742,0.9876
664.13,264.99,15743,0.97109
654.34,266.94,15744,0.98736
644.52,268.77,15745,0.98548
634.56,271.25,15746,0.956
624.93,272.56,15747,0.98067
615.24,274.56,15748,0.97502
605.03,275.64,15749,0.97119
595.4,277.62,15750,0.98807
1027.6,400.38,15845,0.66086
1019.8,390.53,15846,0.94416
1013.1,381.92,15847,0.97132
1007.3,374.01,15848,0.96319
1000.2,365.4,15849,0.95741
994.21,358.06,15850,0.97599
987.19,350.71,15851,0.98369
980.8,343.32,15852,0.99209
974.74,335.59,15853,0.98624
968.24,327.67,15854,0.97065
961.32,320.47,15855,0.96359
954.71,312.5,15856,0.99423
948.43,304.36,15857,0.98003
942.07,296.27,15858,0.98604
935.62,288.86,15859,0.9836
929.28,281.05,15860,0.97048
922.89,273.06,15861,0.98245
916.76,265.53,15862,0.99625
910.16,258.07,15863,0.99194
903.47,249.77,15864,0.97862
896.97,242.3,15865,0.99146
757.9,240.23,15880,0.95622
747.79,242.18,15881,0.99178
738.01,244.21,15882,0.96909
727.82,245.76,15883,0.98631
718.04,247.57,15884,0.98402
707.82,249.53,15885,0.98569
697.39,250.96,15886,0.94776
687.9,253.03,15887,0.95778
678.05,253.89,15888,0.97227
668.39,255.7,15889,0.95839
658.2,257.64,15890,0.98938
647.99,259.33,15891,0.99616
638.21,261.08,15892,0.97646
628.7,263.53,15893,0.95849
618.39,264.84,15894,0.97831
608.6,266.52,15895,0.99733
598.94,267.95,15896,0.98998
1038.1,396.93,15993,0.8825
1030.5,388.68,15994,0.97364
1023.2,380.96,15995,0.95779
1016.8,372.81,15996,0.97873
1010.1,364.24,15997,0.9643
1004.1,356.76,15998,0.98216
997.51,348.74,15999,0.97784
990.92,341.57,16000,0.98068
984.7,333.81,16001,0.98493
978.03,326.34,16002,0.98747
971.5,318.16,16003,0.9677
964.63,310.98,16004,0.96274
958.73,302.98,16005,0.93732
951.58,294.78,16006,0.98756
945.58,286.91,16007,0.9923
939.03,278.85,16008,0.98758
932.75,271.29,16009,0.99262
926.62,263.55,16010,0.97966
919.92,256.27,16011,0.99311
913.25,248.6,16012,0.97986
906.8,240.25,16013,0.97289
711.16,240.08,16034,0.98095
701.57,242.08,16035,0.9597
691.16,243.03,16036,0.96864
681.52,244.51,16037,0.99388
671.34,246.17,16038,0.98356
661.55,248.31,16039,0.99011
651.63,250.27,16040,0.97269
642,251.68,16041,0.99123
632.06,253.36,16042,0.98354
622.49,255.66,16043,0.95232
612.35,257.38,16044,0.9922
602.22,258.63,16045,0.99083
592.57,260.26,16046,0.98382
1048.2,394.54,16144,0.62111
1040.1,386.42,16145,0.9544
1032.9,379.05,16146,0.962
1026.3,370.68,16147,0.98447
1020.1,363.21,16148,0.90527
1014,354.87,16149,0.92578
1007.3,347.35,16150,0.95405
1001.7,339.09,16151,0.92246
994.65,331.61,16152,0.97967
988.37,324.17,16153,0.98601
981.48,316.91,16154,0.96411
974.4,308.59,16155,0.944
968.51,300.32,16156,0.92162
961.52,293.28,16157,0.96475
955.12,285.45,16158,0.95929
948.95,277.47,16159,0.96207
942.61,269.13,16160,0.97915
936.25,261.63,16161,0.97846
929.39,254.1,16162,0.98647
923.27,247.18,16163,0.97349
654.25,240.82,16192,0.93886
645.16,242.36,16193,0.99437
635.46,244.04,16194,0.98961
625.44,245.14,16195,0.95265
615.87,247.39,16196,0.98507
606.12,249.44,16197,0.96594
595.77,250.51,16198,0.97231
1058.2,394.94,16297,0.1947
1049.8,384.83,16298,0.9167
1042.5,376.71,16299,0.96775
1036.1,368.95,16300,0.96039
1030,359.86,16301,0.84995
1024.2,351.7,16302,0.85207
1017.1,345.11,16303,0.94453
1011.1,337.23,16304,0.9897
1004.7,328.95,16305,0.94088
998.09,321.84,16306,0.98978
991.62,314.18,16307,0.96645
985.39,306.21,16308,0.97927
978.59,298.98,16309,0.92914
971.18,290.71,16310,0.95926
964.96,282.63,16311,0.94737
958.58,275.06,16312,0.96857
952.2,266.88,16313,0.94239
945.99,258.85,16314,0.91356
939.25,251.9,16315,0.96489
933.09,244.6,16316,0.97576
609.08,240.24,16351,0.95709
598.95,241.33,16352,0.97942
1073.8,399.3,16454,0.47911
1067.4,391.56,16455,0.89436
1059.4,382.19,16456,0.82072
1053.3,374.07,16457,0.9217
1045.9,367.6,16458,0.90468
1039.8,359.41,16459,0.98155
1033.6,351.16,16460,0.98957
1027.3,342.57,16461,0.92726
1021,335.41,16462,0.99547
1014.5,327.71,16463,0.99134
1008.5,319.79,16464,0.98395
1001.9,311.47,16465,0.9484
995.08,304.33,16466,0.9924
988.13,296.88,16467,0.99368
980.88,288.76,16468,0.90736
975.01,281,16469,0.99308
968.87,273.66,16470,0.98443
962.33,266.12,16471,0.97887
956.15,257.8,16472,0.98834
949.9,250.2,16473,0.98157
943.2,242.72,16474,0.98378
1084,399.17,16615,0.31918
1076.6,388.67,16616,0.90022
1069.6,380.24,16617,0.88747
1063.5,372.38,16618,0.98243
1056.9,364.85,16619,0.95139
1049.8,358.13,16620,0.93027
1043.8,350.07,16621,0.96871
1037.5,342.01,16622,0.97624
1031.1,333.43,16623,0.95556
1024.3,326.02,16624,0.98588
1018.2,318,16625,0.98809
1011.7,310.45,16626,0.97966
1004.9,302.44,16627,0.98144
998.15,295.02,16628,0.98966
991.36,287.51,16629,0.97317
985.13,279.72,16630,0.99097
978.89,271.8,16631,0.98896
972.63,264.62,16632,0.98664
966.13,256.86,16633,0.97288
959.74,248.67,16634,0.99034
953.21,241.22,16635,0.99379
1092.8,395.17,16778,0.37821
1086.6,387.4,16779,0.93462
1079.6,379.3,16780,0.96162
1073.6,371.22,16781,0.99424
1067.5,363.3,16782,0.93811
1060.3,355.61,16783,0.98203
1053.7,347.71,16784,0.9734
1047.7,340.25,16785,0.99615
1041.2,332.65,16786,0.96895
1034.3,324.29,16787,0.99437
1028,316.65,16788,0.99556
1021.4,308.51,16789,0.96828
1015.6,300.78,16790,0.96229
1008.8,293.24,16791,0.96061
1001.6,286.1,16792,0.94684
995.53,278.19,16793,0.97518
988.98,270.38,16794,0.99256
982.63,262.5,16795,0.98977
976.31,254.59,16796,0.98336
969.69,247.21,16797,0.98941
1102.4,395.5,16944,0.51769
1096.6,386.1,16945,0.94243
1090.2,378.11,16946,0.9839
1083.7,370.33,16947,0.97001
1077.8,362.47,16948,0.89482
1070.3,353.93,16949,0.97621
1063.8,346.41,16950,0.99204
1057.8,338.5,16951,0.96652
1051.1,330.84,16952,0.99865
1044.3,322.98,16953,0.98668
1037.9,315.05,16954,0.98444
1031.2,307.66,16955,0.95273
1025.3,299.06,16956,0.92405
1018.3,291.09,16957,0.98823
1011.6,283.47,16958,0.97197
1005.4,276.19,16959,0.9931
998.64,268.67,16960,0.99602
992.23,261.03,16961,0.98354
986.47,253.04,16962,0.98524
980.07,245.38,16963,0.99166
1120.1,398.85,17113,0.40987
1111.9,392.16,17114,0.76006
1106.4,383.97,17115,0.95155
1100.1,376.06,17116,0.9918
1093.6,368.63,17117,0.96777
1087.2,359.99,17118,0.91928
1080.3,352.8,17119,0.95458
1073.6,344.74,17120,0.96756
1067.9,336.05,17121,0.90007
1061,329.03,17122,0.98689
1054.6,321.45,17123,0.98662
1048,313.7,17124,0.96923
1041.8,306.01,17125,0.95966
1035.3,298.39,17126,0.92729
1028,289.31,17127,0.94232
1021.5,281.87,17128,0.98842
1015.4,274.02,17129,0.97023
1008.5,266.66,17130,0.99619
1002,259.18,17131,0.98946
996.04,251.34,17132,0.99215
989.79,243.58,17133,0.97516
1129.9,400.07,17286,0.16407
1122.4,389.61,17287,0.92593
1116.2,381.68,17288,0.97897
1109.9,374.06,17289,0.98607
1103.8,366.05,17290,0.96974
1097.3,358.97,17291,0.96193
1091.4,350.88,17292,0.9454
1083.9,343.06,17293,0.98416
1077.8,335.4,17294,0.97811
1071.2,326.71,17295,0.9626
1064.5,319.23,17296,0.99117
1057.8,311.11,17297,0.96462
1051.5,303.32,17298,0.97659
1045.1,295.74,17299,0.9831
1038.6,288.37,17300,0.96872
1032.2,280.36,17301,0.96081
1025.3,272.78,17302,0.97408
1018.4,264.73,17303,0.98174
1011.6,257.53,17304,0.97
1005.8,249.61,17305,0.97989
999.19,242.35,17306,0.97711
1138.9,395.74,17461,0.39649
1132.3,388.3,17462,0.91503
1126.1,380.38,17463,0.99697
1120,372.2,17464,0.98372
1114,364.45,17465,0.98283
1107.5,356.77,17466,0.99255
1100.9,348.84,17467,0.98974
1094.3,341.31,17468,0.99443
1087.6,333.7,17469,0.99027
1081.6,325.73,17470,0.977
1074.8,317.45,17471,0.99571
1068,309.86,17472,0.9858
1061.3,301.64,17473,0.99462
1054.7,293.77,17474,0.9772
1048.6,286.33,17475,0.99145
1041.8,278.93,17476,0.98685
1035,270.8,17477,0.98578
1028.3,263.38,17478,0.98815
1021.9,255.72,17479,0.99689
1015.7,248.18,17480,0.97002
1148.9,394.62,17637,0.6584
1143.3,386.58,17638,0.93198
1136.4,379.15,17639,0.95883
1129.7,371.19,17640,0.97298
1123.5,362.35,17641,0.96528
1117.2,354.94,17642,0.99423
1110.9,347.42,17643,0.98765
1104,339.45,17644,0.99155
1097.5,331.84,17645,0.99738
1091.2,324.07,17646,0.9943
1084.8,315.72,17647,0.97634
1078.3,308.12,17648,0.99719
1072,300.32,17649,0.96506
1064.6,292.82,17650,0.95389
1058.4,284.48,17651,0.95399
1051.5,276.8,17652,0.99891
1044.8,269.32,17653,0.98829
1038.4,261.51,17654,0.99397
1031.7,253.78,17655,0.99123
1025.6,245.89,17656,0.96941
1167,399.7,17813,0.2356
1158.9,393.35,17814,0.48983
1153,384.48,17815,0.92748
1146.1,377,17816,0.99526
1139.4,369.4,17817,0.93903
1133.4,360.62,17818,0.97188
1127.4,353.47,17819,0.98127
1120.7,345.87,17820,0.9964
1113.9,337.74,17821,0.96512
1107.9,329.91,17822,0.96559
1100.9,322.52,17823,0.98692
1094.4,314.75,17824,0.98263
1088.3,306.49,17825,0.97138
1082,298.48,17826,0.98487
1075.4,291.08,17827,0.99086
1068.4,283.6,17828,0.95819
1061.4,274.7,17829,0.93602
1054.7,267.39,17830,0.99864
1048.2,259.89,17831,0.99607
1041.5,251.92,17832,0.98125
1035.5,244.09,17833,0.99494
1177.1,402.02,17990,0.27166
1169.6,390.55,17991,0.73175
1162.2,381.99,17992,0.93522
1156.2,374.43,17993,0.97377
1149.1,366.79,17994,0.92133
1143.5,358.71,17995,0.97345
1137.1,351.38,17996,0.98859
1130.7,344.08,17997,0.99863
1124.1,336.46,17998,0.97805
1118.2,328.34,17999,0.90577
1110.7,320.37,18000,0.98952
1104.1,313.07,18001,0.99081
1098,305.58,18002,0.97137
1091.3,296.69,18003,0.95613
1085,289.19,18004,0.99178
1078.6,281.66,18005,0.98814
1071.4,274.18,18006,0.92874
1064.9,265.25,18007,0.8955
1058,257.88,18008,0.96803
1051.7,250.56,18009,0.97034
1045.4,242.69,18010,0.98511
1186.5,398.13,18167,0.92593
1179.6,391.57,18168,0.55639
1172.4,380.96,18169,0.93283
1166.1,372.93,18170,0.97907
1159.5,365.11,18171,0.992
1153.2,357.09,18172,0.97577
1146.6,349.4,18173,0.99733
1140.6,342.08,18174,0.95856
1133.9,334.47,18175,0.90782
1128,325.95,18176,0.92392
1120.6,318.63,18177,0.97071
1114.1,311.08,18178,0.99478
1107.9,303.39,18179,0.98839
1101.4,296.01,18180,0.9339
1094.9,287.47,18181,0.9938
1088.6,279.97,18182,0.98691
1081.9,272.81,18183,0.97903
1075,265.21,18184,0.89963
1067.9,255.9,18185,0.90755
1062.6,247.77,18186,0.90333
1055.8,240.62,18187,0.9679
1195.8,395,18344,0.72913
1188.7,387.51,18345,0.83207
1182.3,378.78,18346,0.8849
1175.9,370.94,18347,0.98182
1169.2,363.17,18348,0.96985
1162.9,354.71,18349,0.9378
1156.4,347.44,18350,0.98379
1150.2,339.2,18351,0.94448
1143.4,331.18,18352,0.86849
1137.6,323.59,18353,0.96096
1130.7,316.31,18354,0.9898
1123.9,309,18355,0.99397
1117.5,301.4,18356,0.96265
1111.6,293.22,18357,0.93677
1104.8,286.26,18358,0.94274
1098.6,277.89,18359,0.97353
1091.9,270.85,18360,0.992
1084.9,263.23,18361,0.9818
1077.9,255.56,18362,0.87007
1072.6,246.69,18363,0.95176
1206.9,395.48,18522,0.15218
1198.6,385.73,18523,0.95132
1191.9,378.11,18524,0.9386
1186.2,369.85,18525,0.97065
1179.3,361.94,18526,0.99147
1172.8,354,18527,0.97595
1166.1,345.28,18528,0.95598
1159.7,337.95,18529,0.97308
1153.1,330.04,18530,0.96823
1147.5,322.36,18531,0.95947
1140.5,314.44,18532,0.9907
1134,306.6,18533,0.98421
1127.2,298.91,18534,0.97663
1121,290.96,18535,0.96843
1114.3,283.74,18536,0.95546
1108.4,276.06,18537,0.99012
1101.8,268.6,18538,0.989
1095.2,261.63,18539,0.98119
1088.6,254.03,18540,0.96904
1082.4,246.18,18541,0.91804
1209.3,384.75,18702,0.86188
1201.2,376.04,18703,0.94139
1195.6,368.14,18704,0.932
1189.9,360.3,18705,0.94648
1183.1,352.68,18706,0.95341
1176.1,344.49,18707,0.93927
1169.3,335.37,18708,0.94782
1163.1,328.5,18709,0.93178
1157.6,320.23,18710,0.91598
1150.8,312.91,18711,0.97814
1143.9,305.23,18712,0.97283
1137.5,296.94,18713,0.98711
1130.7,289.63,18714,0.98409
1123.9,281.49,18715,0.95724
1118.2,274.09,18716,0.97828
1111.5,266.78,18717,0.98469
1105.4,259.05,18718,0.96868
1098.4,251.49,18719,0.98601
1092,243.9,18720,0.98255
1205.2,365.3,18884,0.90008
1199.6,357.59,18885,0.9311
1192.8,350.11,18886,0.98534
1186,342.17,18887,0.98076
1179.2,333.75,18888,0.93994
1173.6,325.61,18889,0.91283
1167.1,318.32,18890,0.99228
1160.4,310.47,18891,0.9848
1153.6,303.12,18892,0.98106
1146.9,295.06,18893,0.96538
1140.5,287.7,18894,0.98136
1133.8,280.05,18895,0.97922
1128,272.36,18896,0.9848
1121.2,264.56,18897,0.96334
1115.3,256.47,18898,0.91927
1108.2,249.74,18899,0.97377
1101.6,242.03,18900,0.98803
1209.5,356.25,19067,0.92139
1202.3,347.66,19068,0.91966
1196.3,339.91,19069,0.96465
1189.3,332.98,19070,0.93072
1183.2,324.79,19071,0.98132
1176.8,316.19,19072,0.97087
1170.3,308.72,19073,0.99824
1163.4,300.79,19074,0.96833
1157.1,293.88,19075,0.97931
1150.7,286.2,19076,0.99098
1144.3,278.75,19077,0.97726
1137.5,271.04,19078,0.98563
1131.5,263.12,19079,0.99533
1125.2,255.44,19080,0.98885
1118.5,247.22,19081,0.92766
1111.5,240.42,19082,0.93277
1206.6,338.47,19252,0.95295
1199.7,330.66,19253,0.98261
1193.1,323.46,19254,0.98151
1186.6,314.95,19255,0.97777
1179.9,306.7,19256,0.97118
1173.5,299.24,19257,0.99139
1167.3,291.73,19258,0.98348
1160.7,284.48,19259,0.98903
1154,277.17,19260,0.99062
1147.3,269.3,19261,0.96678
1141.5,261.41,19262,0.98825
1135.1,253.79,19263,0.99211
1128.7,246.08,19264,0.98838
1203.3,321.77,19440,0.97424
1196.5,313.83,19441,0.98657
1189.6,305.81,19442,0.97289
1183.4,297.63,19443,0.99354
1177.4,289.91,19444,0.96122
1170.6,282.79,19445,0.98922
1164.2,275.26,19446,0.99217
1157.6,268.14,19447,0.95802
1151.5,260.22,19448,0.95196
1145.5,252.28,19449,0.97918
1139.1,244.7,19450,0.94616
1206.3,312.02,19628,0.97518
1199.7,304.46,19629,0.98841
1193.4,296.51,19630,0.99622
1187.3,288.68,19631,0.96951
1180.2,280.8,19632,0.98653
1173.9,273.11,19633,0.99361
1167.3,265.69,19634,0.9787
1161.2,257.74,19635,0.9728
1155,250.45,19636,0.99691
1148.5,243,19637,0.99748
1203.6,295.23,19818,0.97796
1197,287.13,19819,0.99645
1190.3,279.11,19820,0.98259
1183.8,271.36,19821,0.99588
1177.3,263.85,19822,0.99896
1170.9,256.28,19823,0.99621
1164.8,248.59,19824,0.99407
1158.6,241.19,19825,0.98345
1207.1,285.81,20005,0.98071
1200.5,277.81,20006,0.97969
1193.4,269.49,20007,0.98862
1186.9,261.99,20008,0.98913
1180.7,254.58,20009,0.99599
1174.7,246.88,20010,0.98505
1203.3,268.15,20186,0.9703
1196.9,260.14,20187,0.98403
1190.7,252.91,20188,0.98543
1184.6,244.84,20189,0.98406
1207.3,258.48,20362,0.99174
1201.1,251.05,20363,0.96683
1194.6,243.58,20364,0.97887
1205.5,241.81,20534,0.94754
